"clinical_id","alias_code","sample_alias","run_accession","sample_accession","experiment_accession"
"KTN126","OPcell","KTN126OPcell145","SRR5959723","SAMN07544817","SRX3118220"
"KTN126","OPcell","KTN126OPcell69","SRR5959726","SAMN07544741","SRX3118217"
"KTN126","OPcell","KTN126OPcell68","SRR5959729","SAMN07544740","SRX3118214"
"KTN126","0cell","KTN1260cell247","SRR5959737","SAMN07544665","SRX3118206"
"KTN126","0cell","KTN1260cell244","SRR5959740","SAMN07544662","SRX3118203"
"KTN126","OPcell","KTN126OPcell218","SRR5959751","SAMN07544890","SRX3118192"
"KTN126","0cell","KTN1260cell61","SRR5959760","SAMN07544479","SRX3118183"
"KTN126","0cell","KTN1260cell151","SRR5959771","SAMN07544569","SRX3118172"
"KTN126","OPcell","KTN126OPcell44","SRR5959779","SAMN07544716","SRX3118164"
"KTN126","OPcell","KTN126OPcell230","SRR5959788","SAMN07544902","SRX3118155"
"KTN126","OPcell","KTN126OPcell229","SRR5959789","SAMN07544901","SRX3118154"
"KTN126","OPcell","KTN126OPcell227","SRR5959791","SAMN07544899","SRX3118152"
"KTN126","0cell","KTN1260cell206","SRR5959802","SAMN07544624","SRX3118141"
"KTN126","OPcell","KTN126OPcell178","SRR5959811","SAMN07544850","SRX3118132"
"KTN126","OPcell","KTN126OPcell117","SRR5959821","SAMN07544789","SRX3118122"
"KTN126","OPcell","KTN126OPcell22","SRR5959825","SAMN07544694","SRX3118118"
"KTN126","0cell","KTN1260cell59","SRR5959833","SAMN07544477","SRX3118110"
"KTN126","0cell","KTN1260cell112","SRR5959842","SAMN07544530","SRX3118101"
"KTN126","0cell","KTN1260cell29","SRR5959852","SAMN07544447","SRX3118091"
"KTN126","0cell","KTN1260cell22","SRR5959857","SAMN07544440","SRX3118086"
"KTN126","0cell","KTN1260cell86","SRR5959863","SAMN07544504","SRX3118080"
"KTN126","0cell","KTN1260cell9","SRR5959865","SAMN07544427","SRX3118078"
"KTN126","0cell","KTN1260cell162","SRR5959880","SAMN07544580","SRX3118063"
"KTN126","0cell","KTN1260cell164","SRR5959882","SAMN07544582","SRX3118061"
"KTN126","0cell","KTN1260cell84","SRR5959886","SAMN07544502","SRX3118057"
"KTN126","OPcell","KTN126OPcell82","SRR5959893","SAMN07544754","SRX3118050"
"KTN126","0cell","KTN1260cell232","SRR5959898","SAMN07544650","SRX3118045"
"KTN126","0cell","KTN1260cell238","SRR5959904","SAMN07544656","SRX3118039"
"KTN126","OPcell","KTN126OPcell212","SRR5959907","SAMN07544884","SRX3118036"
"KTN126","OPcell","KTN126OPcell213","SRR5959910","SAMN07544885","SRX3118033"
"KTN126","0cell","KTN1260cell11","SRR5959920","SAMN07544429","SRX3118023"
"KTN126","0cell","KTN1260cell17","SRR5959922","SAMN07544435","SRX3118021"
"KTN126","0cell","KTN1260cell15","SRR5959924","SAMN07544433","SRX3118019"
"KTN126","OPcell","KTN126OPcell92","SRR5959930","SAMN07544764","SRX3118013"
"KTN126","OPcell","KTN126OPcell89","SRR5959935","SAMN07544761","SRX3118008"
"KTN126","0cell","KTN1260cell122","SRR5959941","SAMN07544540","SRX3118002"
"KTN126","OPcell","KTN126OPcell29","SRR5959951","SAMN07544701","SRX3117992"
"KTN126","OPcell","KTN126OPcell10","SRR5959976","SAMN07544682","SRX3117967"
"KTN126","OPcell","KTN126OPcell8","SRR5959978","SAMN07544680","SRX3117965"
"KTN126","OPcell","KTN126OPcell204","SRR5959989","SAMN07544876","SRX3117954"
"KTN126","OPcell","KTN126OPcell198","SRR5959991","SAMN07544870","SRX3117952"
"KTN126","0cell","KTN1260cell50","SRR5959995","SAMN07544468","SRX3117948"
"KTN126","0cell","KTN1260cell47","SRR5960002","SAMN07544465","SRX3117941"
"KTN126","0cell","KTN1260cell48","SRR5960003","SAMN07544466","SRX3117940"
"KTN126","0cell","KTN1260cell179","SRR5960013","SAMN07544597","SRX3117930"
"KTN126","0cell","KTN1260cell99","SRR5960015","SAMN07544517","SRX3117928"
"KTN126","0cell","KTN1260cell91","SRR5960020","SAMN07544509","SRX3117923"
"KTN126","0cell","KTN1260cell97","SRR5960022","SAMN07544515","SRX3117921"
"KTN126","OPcell","KTN126OPcell163","SRR5960039","SAMN07544835","SRX3117904"
"KTN126","OPcell","KTN126OPcell165","SRR5960041","SAMN07544837","SRX3117902"
"KTN126","OPcell","KTN126OPcell49","SRR5960043","SAMN07544721","SRX3117900"
"KTN126","OPcell","KTN126OPcell104","SRR5960051","SAMN07544776","SRX3117892"
"KTN126","OPcell","KTN126OPcell103","SRR5960052","SAMN07544775","SRX3117891"
"KTN126","OPcell","KTN126OPcell102","SRR5960053","SAMN07544774","SRX3117890"
"KTN126","0cell","KTN1260cell132","SRR5960063","SAMN07544550","SRX3118378"
"KTN126","0cell","KTN1260cell139","SRR5960066","SAMN07544557","SRX3118375"
"KTN126","0cell","KTN1260cell189","SRR5960067","SAMN07544607","SRX3118374"
"KTN126","0cell","KTN1260cell184","SRR5960070","SAMN07544602","SRX3118371"
"KTN126","0cell","KTN1260cell182","SRR5960072","SAMN07544600","SRX3118369"
"KTN126","0cell","KTN1260cell188","SRR5960074","SAMN07544606","SRX3118367"
"KTN126","0cell","KTN1260cell185","SRR5960075","SAMN07544603","SRX3118366"
"KTN126","OPcell","KTN126OPcell136","SRR5960078","SAMN07544808","SRX3118363"
"KTN126","OPcell","KTN126OPcell127","SRR5960079","SAMN07544799","SRX3118362"
"KTN126","OPcell","KTN126OPcell131","SRR5960083","SAMN07544803","SRX3118358"
"KTN126","OPcell","KTN126OPcell133","SRR5960085","SAMN07544805","SRX3118356"
"KTN126","OPcell","KTN126OPcell64","SRR5960089","SAMN07544736","SRX3118352"
"KTN126","0cell","KTN1260cell254","SRR5960102","SAMN07544672","SRX3118339"
"KTN126","OPcell","KTN126OPcell189","SRR5960110","SAMN07544861","SRX3118331"
"KTN126","OPcell","KTN126OPcell188","SRR5960111","SAMN07544860","SRX3118330"
"KTN126","OPcell","KTN126OPcell191","SRR5960116","SAMN07544863","SRX3118325"
"KTN126","0cell","KTN1260cell76","SRR5960117","SAMN07544494","SRX3118324"
"KTN126","0cell","KTN1260cell75","SRR5960118","SAMN07544493","SRX3118323"
"KTN126","0cell","KTN1260cell74","SRR5960123","SAMN07544492","SRX3118318"
"KTN126","0cell","KTN1260cell149","SRR5960127","SAMN07544567","SRX3118314"
"KTN126","0cell","KTN1260cell10","SRR5960137","SAMN07544428","SRX3118304"
"KTN126","OPcell","KTN126OPcell242","SRR5960143","SAMN07544914","SRX3118298"
"KTN126","0cell","KTN1260cell211","SRR5960150","SAMN07544629","SRX3118291"
"KTN126","0cell","KTN1260cell215","SRR5960154","SAMN07544633","SRX3118287"
"KTN126","OPcell","KTN126OPcell111","SRR5960168","SAMN07544783","SRX3118273"
"KTN126","OPcell","KTN126OPcell116","SRR5960177","SAMN07544788","SRX3118264"
"KTN126","0cell","KTN1260cell103","SRR5960178","SAMN07544521","SRX3118263"
"KTN126","0cell","KTN1260cell109","SRR5960186","SAMN07544527","SRX3118255"
"KTN126","0cell","KTN1260cell39","SRR5960191","SAMN07544457","SRX3118250"
"KTN126","0cell","KTN1260cell31","SRR5960193","SAMN07544449","SRX3118248"
"KTN126","0cell","KTN1260cell33","SRR5960195","SAMN07544451","SRX3118246"
"KTN126","0cell","KTN1260cell36","SRR5960196","SAMN07544454","SRX3118245"
"KTN126","0cell","KTN1260cell193","SRR5960207","SAMN07544611","SRX3118234"
"KTN126","OPcell","KTN126OPcell140","SRR5960216","SAMN07544812","SRX3118225"
"KTN126","OPcell","KTN126OPcell75","SRR5959724","SAMN07544747","SRX3118219"
"KTN126","OPcell","KTN126OPcell221","SRR5959746","SAMN07544893","SRX3118197"
"KTN126","OPcell","KTN126OPcell220","SRR5959749","SAMN07544892","SRX3118194"
"KTN126","OPcell","KTN126OPcell217","SRR5959750","SAMN07544889","SRX3118193"
"KTN126","0cell","KTN1260cell67","SRR5959754","SAMN07544485","SRX3118189"
"KTN126","0cell","KTN1260cell68","SRR5959755","SAMN07544486","SRX3118188"
"KTN126","0cell","KTN1260cell66","SRR5959757","SAMN07544484","SRX3118186"
"KTN126","0cell","KTN1260cell63","SRR5959758","SAMN07544481","SRX3118185"
"KTN126","OPcell","KTN126OPcell40","SRR5959775","SAMN07544712","SRX3118168"
"KTN126","OPcell","KTN126OPcell41","SRR5959780","SAMN07544713","SRX3118163"
"KTN126","OPcell","KTN126OPcell42","SRR5959781","SAMN07544714","SRX3118162"
"KTN126","OPcell","KTN126OPcell45","SRR5959782","SAMN07544717","SRX3118161"
"KTN126","OPcell","KTN126OPcell236","SRR5959792","SAMN07544908","SRX3118151"
"KTN126","OPcell","KTN126OPcell235","SRR5959793","SAMN07544907","SRX3118150"
"KTN126","0cell","KTN1260cell202","SRR5959798","SAMN07544620","SRX3118145"
"KTN126","0cell","KTN1260cell203","SRR5959801","SAMN07544621","SRX3118142"
"KTN126","OPcell","KTN126OPcell186","SRR5959807","SAMN07544858","SRX3118136"
"KTN126","OPcell","KTN126OPcell179","SRR5959808","SAMN07544851","SRX3118135"
"KTN126","OPcell","KTN126OPcell177","SRR5959810","SAMN07544849","SRX3118133"
"KTN126","OPcell","KTN126OPcell183","SRR5959812","SAMN07544855","SRX3118131"
"KTN126","OPcell","KTN126OPcell184","SRR5959813","SAMN07544856","SRX3118130"
"KTN126","OPcell","KTN126OPcell121","SRR5959817","SAMN07544793","SRX3118126"
"KTN126","OPcell","KTN126OPcell21","SRR5959824","SAMN07544693","SRX3118119"
"KTN126","OPcell","KTN126OPcell18","SRR5959829","SAMN07544690","SRX3118114"
"KTN126","0cell","KTN1260cell56","SRR5959836","SAMN07544474","SRX3118107"
"KTN126","0cell","KTN1260cell53","SRR5959839","SAMN07544471","SRX3118104"
"KTN126","0cell","KTN1260cell113","SRR5959845","SAMN07544531","SRX3118098"
"KTN126","0cell","KTN1260cell118","SRR5959848","SAMN07544536","SRX3118095"
"KTN126","0cell","KTN1260cell23","SRR5959854","SAMN07544441","SRX3118089"
"KTN126","0cell","KTN1260cell1","SRR5959868","SAMN07544419","SRX3118075"
"KTN126","0cell","KTN1260cell6","SRR5959871","SAMN07544424","SRX3118072"
"KTN126","0cell","KTN1260cell5","SRR5959872","SAMN07544423","SRX3118071"
"KTN126","0cell","KTN1260cell7","SRR5959874","SAMN07544425","SRX3118069"
"KTN126","0cell","KTN1260cell165","SRR5959875","SAMN07544583","SRX3118068"
"KTN126","0cell","KTN1260cell170","SRR5959885","SAMN07544588","SRX3118058"
"KTN126","0cell","KTN1260cell231","SRR5959897","SAMN07544649","SRX3118046"
"KTN126","0cell","KTN1260cell233","SRR5959899","SAMN07544651","SRX3118044"
"KTN126","0cell","KTN1260cell239","SRR5959905","SAMN07544657","SRX3118038"
"KTN126","OPcell","KTN126OPcell211","SRR5959908","SAMN07544883","SRX3118035"
"KTN126","OPcell","KTN126OPcell210","SRR5959913","SAMN07544882","SRX3118030"
"KTN126","0cell","KTN1260cell12","SRR5959919","SAMN07544430","SRX3118024"
"KTN126","OPcell","KTN126OPcell96","SRR5959928","SAMN07544768","SRX3118015"
"KTN126","OPcell","KTN126OPcell91","SRR5959929","SAMN07544763","SRX3118014"
"KTN126","OPcell","KTN126OPcell87","SRR5959933","SAMN07544759","SRX3118010"
"KTN126","OPcell","KTN126OPcell88","SRR5959934","SAMN07544760","SRX3118009"
"KTN126","OPcell","KTN126OPcell90","SRR5959936","SAMN07544762","SRX3118007"
"KTN126","0cell","KTN1260cell130","SRR5959939","SAMN07544548","SRX3118004"
"KTN126","0cell","KTN1260cell121","SRR5959940","SAMN07544539","SRX3118003"
"KTN126","0cell","KTN1260cell125","SRR5959944","SAMN07544543","SRX3117999"
"KTN126","0cell","KTN1260cell127","SRR5959946","SAMN07544545","SRX3117997"
"KTN126","OPcell","KTN126OPcell28","SRR5959948","SAMN07544700","SRX3117995"
"KTN126","OPcell","KTN126OPcell34","SRR5959954","SAMN07544706","SRX3117989"
"KTN126","OPcell","KTN126OPcell35","SRR5959957","SAMN07544707","SRX3117986"
"KTN126","OPcell","KTN126OPcell176","SRR5959958","SAMN07544848","SRX3117985"
"KTN126","OPcell","KTN126OPcell175","SRR5959959","SAMN07544847","SRX3117984"
"KTN126","OPcell","KTN126OPcell171","SRR5959965","SAMN07544843","SRX3117978"
"KTN126","OPcell","KTN126OPcell47","SRR5959968","SAMN07544719","SRX3117975"
"KTN126","OPcell","KTN126OPcell48","SRR5959969","SAMN07544720","SRX3117974"
"KTN126","OPcell","KTN126OPcell16","SRR5959970","SAMN07544688","SRX3117973"
"KTN126","OPcell","KTN126OPcell52","SRR5959973","SAMN07544724","SRX3117970"
"KTN126","OPcell","KTN126OPcell11","SRR5959983","SAMN07544683","SRX3117960"
"KTN126","OPcell","KTN126OPcell206","SRR5959985","SAMN07544878","SRX3117958"
"KTN126","OPcell","KTN126OPcell203","SRR5959988","SAMN07544875","SRX3117955"
"KTN126","0cell","KTN1260cell49","SRR5959994","SAMN07544467","SRX3117949"
"KTN126","0cell","KTN1260cell43","SRR5959998","SAMN07544461","SRX3117945"
"KTN126","0cell","KTN1260cell44","SRR5959999","SAMN07544462","SRX3117944"
"KTN126","0cell","KTN1260cell175","SRR5960011","SAMN07544593","SRX3117932"
"KTN126","0cell","KTN1260cell96","SRR5960018","SAMN07544514","SRX3117925"
"KTN126","0cell","KTN1260cell230","SRR5960023","SAMN07544648","SRX3117920"
"KTN126","0cell","KTN1260cell228","SRR5960025","SAMN07544646","SRX3117918"
"KTN126","OPcell","KTN126OPcell159","SRR5960035","SAMN07544831","SRX3117908"
"KTN126","OPcell","KTN126OPcell15","SRR5960044","SAMN07544687","SRX3117899"
"KTN126","0cell","KTN1260cell137","SRR5960058","SAMN07544555","SRX3118383"
"KTN126","0cell","KTN1260cell136","SRR5960059","SAMN07544554","SRX3118382"
"KTN126","0cell","KTN1260cell135","SRR5960060","SAMN07544553","SRX3118381"
"KTN126","0cell","KTN1260cell133","SRR5960062","SAMN07544551","SRX3118379"
"KTN126","0cell","KTN1260cell187","SRR5960073","SAMN07544605","SRX3118368"
"KTN126","OPcell","KTN126OPcell128","SRR5960080","SAMN07544800","SRX3118361"
"KTN126","OPcell","KTN126OPcell129","SRR5960081","SAMN07544801","SRX3118360"
"KTN126","OPcell","KTN126OPcell66","SRR5960087","SAMN07544738","SRX3118354"
"KTN126","OPcell","KTN126OPcell63","SRR5960090","SAMN07544735","SRX3118351"
"KTN126","OPcell","KTN126OPcell58","SRR5960095","SAMN07544730","SRX3118346"
"KTN126","OPcell","KTN126OPcell1","SRR5960099","SAMN07544673","SRX3118342"
"KTN126","OPcell","KTN126OPcell190","SRR5960109","SAMN07544862","SRX3118332"
"KTN126","OPcell","KTN126OPcell192","SRR5960115","SAMN07544864","SRX3118326"
"KTN126","0cell","KTN1260cell77","SRR5960120","SAMN07544495","SRX3118321"
"KTN126","0cell","KTN1260cell73","SRR5960124","SAMN07544491","SRX3118317"
"KTN126","0cell","KTN1260cell79","SRR5960126","SAMN07544497","SRX3118315"
"KTN126","0cell","KTN1260cell144","SRR5960134","SAMN07544562","SRX3118307"
"KTN126","0cell","KTN1260cell142","SRR5960136","SAMN07544560","SRX3118305"
"KTN126","0cell","KTN1260cell219","SRR5960146","SAMN07544637","SRX3118295"
"KTN126","0cell","KTN1260cell214","SRR5960149","SAMN07544632","SRX3118292"
"KTN126","OPcell","KTN126OPcell154","SRR5960158","SAMN07544826","SRX3118283"
"KTN126","OPcell","KTN126OPcell152","SRR5960160","SAMN07544824","SRX3118281"
"KTN126","OPcell","KTN126OPcell112","SRR5960169","SAMN07544784","SRX3118272"
"KTN126","OPcell","KTN126OPcell115","SRR5960176","SAMN07544787","SRX3118265"
"KTN126","0cell","KTN1260cell104","SRR5960179","SAMN07544522","SRX3118262"
"KTN126","0cell","KTN1260cell105","SRR5960184","SAMN07544523","SRX3118257"
"KTN126","0cell","KTN1260cell106","SRR5960185","SAMN07544524","SRX3118256"
"KTN126","0cell","KTN1260cell35","SRR5960197","SAMN07544453","SRX3118244"
"KTN126","0cell","KTN1260cell191","SRR5960205","SAMN07544609","SRX3118236"
"KTN126","OPcell","KTN126OPcell141","SRR5960215","SAMN07544813","SRX3118226"
"KTN126","OPcell","KTN126OPcell371","SRR5968870","SAMN07553271","SRX3126426"
"KTN126","OPcell","KTN126OPcell372","SRR5968871","SAMN07553272","SRX3126425"
"KTN126","OPcell","KTN126OPcell369","SRR5968872","SAMN07553269","SRX3126424"
"KTN126","OPcell","KTN126OPcell367","SRR5968874","SAMN07553267","SRX3126422"
"KTN126","OPcell","KTN126OPcell451","SRR5968883","SAMN07553351","SRX3126413"
"KTN126","OPcell","KTN126OPcell447","SRR5968887","SAMN07553347","SRX3126409"
"KTN126","OPcell","KTN126OPcell290","SRR5968892","SAMN07553190","SRX3126404"
"KTN126","OPcell","KTN126OPcell327","SRR5968896","SAMN07553227","SRX3126400"
"KTN126","OPcell","KTN126OPcell260","SRR5968925","SAMN07553160","SRX3126371"
"KTN126","OPcell","KTN126OPcell255","SRR5968930","SAMN07553155","SRX3126366"
"KTN126","OPcell","KTN126OPcell264","SRR5968933","SAMN07553164","SRX3126363"
"KTN126","OPcell","KTN126OPcell394","SRR5968936","SAMN07553294","SRX3126360"
"KTN126","OPcell","KTN126OPcell389","SRR5968943","SAMN07553289","SRX3126353"
"KTN126","OPcell","KTN126OPcell474","SRR5968947","SAMN07553374","SRX3126349"
"KTN126","OPcell","KTN126OPcell333","SRR5968949","SAMN07553233","SRX3126347"
"KTN126","OPcell","KTN126OPcell402","SRR5968959","SAMN07553302","SRX3126337"
"KTN126","OPcell","KTN126OPcell400","SRR5968961","SAMN07553300","SRX3126335"
"KTN126","OPcell","KTN126OPcell399","SRR5968962","SAMN07553299","SRX3126334"
"KTN126","OPcell","KTN126OPcell397","SRR5968964","SAMN07553297","SRX3126332"
"KTN126","OPcell","KTN126OPcell395","SRR5968966","SAMN07553295","SRX3126330"
"KTN126","OPcell","KTN126OPcell289","SRR5968967","SAMN07553189","SRX3126329"
"KTN126","OPcell","KTN126OPcell404","SRR5968968","SAMN07553304","SRX3126328"
"KTN126","OPcell","KTN126OPcell403","SRR5968969","SAMN07553303","SRX3126327"
"KTN126","OPcell","KTN126OPcell319","SRR5968979","SAMN07553219","SRX3126317"
"KTN126","OPcell","KTN126OPcell323","SRR5968981","SAMN07553223","SRX3126315"
"KTN126","OPcell","KTN126OPcell406","SRR5968986","SAMN07553306","SRX3126310"
"KTN126","OPcell","KTN126OPcell413","SRR5968991","SAMN07553313","SRX3126305"
"KTN126","OPcell","KTN126OPcell313","SRR5968994","SAMN07553213","SRX3126302"
"KTN126","OPcell","KTN126OPcell311","SRR5968998","SAMN07553211","SRX3126298"
"KTN126","OPcell","KTN126OPcell308","SRR5969003","SAMN07553208","SRX3126293"
"KTN126","OPcell","KTN126OPcell252","SRR5969004","SAMN07553152","SRX3126292"
"KTN126","OPcell","KTN126OPcell247","SRR5969018","SAMN07553147","SRX3126278"
"KTN126","OPcell","KTN126OPcell246","SRR5969020","SAMN07553146","SRX3126276"
"KTN126","OPcell","KTN126OPcell245","SRR5969021","SAMN07553145","SRX3126275"
"KTN126","OPcell","KTN126OPcell303","SRR5969023","SAMN07553203","SRX3126273"
"KTN126","OPcell","KTN126OPcell298","SRR5969026","SAMN07553198","SRX3126270"
"KTN126","OPcell","KTN126OPcell349","SRR5969035","SAMN07553249","SRX3126261"
"KTN126","OPcell","KTN126OPcell347","SRR5969041","SAMN07553247","SRX3126255"
"KTN126","OPcell","KTN126OPcell250","SRR5969043","SAMN07553150","SRX3126253"
"KTN126","OPcell","KTN126OPcell293","SRR5969048","SAMN07553193","SRX3126248"
"KTN126","OPcell","KTN126OPcell430","SRR5969054","SAMN07553330","SRX3126242"
"KTN126","OPcell","KTN126OPcell249","SRR5969062","SAMN07553149","SRX3126234"
"KTN126","OPcell","KTN126OPcell357","SRR5969068","SAMN07553257","SRX3126228"
"KTN126","OPcell","KTN126OPcell455","SRR5969077","SAMN07553355","SRX3126219"
"KTN126","OPcell","KTN126OPcell459","SRR5969081","SAMN07553359","SRX3126215"
"KTN126","OPcell","KTN126OPcell460","SRR5969082","SAMN07553360","SRX3126214"
"KTN126","OPcell","KTN126OPcell435","SRR5969088","SAMN07553335","SRX3126208"
"KTN126","OPcell","KTN126OPcell441","SRR5969090","SAMN07553341","SRX3126206"
"KTN126","OPcell","KTN126OPcell439","SRR5969092","SAMN07553339","SRX3126204"
"KTN126","OPcell","KTN126OPcell287","SRR5969093","SAMN07553187","SRX3126203"
"KTN126","OPcell","KTN126OPcell283","SRR5969095","SAMN07553183","SRX3126201"
"KTN126","OPcell","KTN126OPcell282","SRR5969096","SAMN07553182","SRX3126200"
"KTN126","OPcell","KTN126OPcell374","SRR5968869","SAMN07553274","SRX3126427"
"KTN126","OPcell","KTN126OPcell368","SRR5968875","SAMN07553268","SRX3126421"
"KTN126","OPcell","KTN126OPcell365","SRR5968876","SAMN07553265","SRX3126420"
"KTN126","OPcell","KTN126OPcell452","SRR5968882","SAMN07553352","SRX3126414"
"KTN126","OPcell","KTN126OPcell445","SRR5968889","SAMN07553345","SRX3126407"
"KTN126","OPcell","KTN126OPcell271","SRR5968903","SAMN07553171","SRX3126393"
"KTN126","OPcell","KTN126OPcell272","SRR5968904","SAMN07553172","SRX3126392"
"KTN126","OPcell","KTN126OPcell384","SRR5968905","SAMN07553284","SRX3126391"
"KTN126","OPcell","KTN126OPcell376","SRR5968911","SAMN07553276","SRX3126385"
"KTN126","OPcell","KTN126OPcell375","SRR5968912","SAMN07553275","SRX3126384"
"KTN126","OPcell","KTN126OPcell378","SRR5968913","SAMN07553278","SRX3126383"
"KTN126","OPcell","KTN126OPcell343","SRR5968916","SAMN07553243","SRX3126380"
"KTN126","OPcell","KTN126OPcell476","SRR5968920","SAMN07553376","SRX3126376"
"KTN126","OPcell","KTN126OPcell479","SRR5968923","SAMN07553379","SRX3126373"
"KTN126","OPcell","KTN126OPcell259","SRR5968926","SAMN07553159","SRX3126370"
"KTN126","OPcell","KTN126OPcell262","SRR5968927","SAMN07553162","SRX3126369"
"KTN126","OPcell","KTN126OPcell386","SRR5968940","SAMN07553286","SRX3126356"
"KTN126","OPcell","KTN126OPcell465","SRR5968952","SAMN07553365","SRX3126344"
"KTN126","OPcell","KTN126OPcell470","SRR5968955","SAMN07553370","SRX3126341"
"KTN126","OPcell","KTN126OPcell472","SRR5968957","SAMN07553372","SRX3126339"
"KTN126","OPcell","KTN126OPcell396","SRR5968965","SAMN07553296","SRX3126331"
"KTN126","OPcell","KTN126OPcell286","SRR5968971","SAMN07553186","SRX3126325"
"KTN126","OPcell","KTN126OPcell318","SRR5968972","SAMN07553218","SRX3126324"
"KTN126","OPcell","KTN126OPcell315","SRR5968975","SAMN07553215","SRX3126321"
"KTN126","OPcell","KTN126OPcell321","SRR5968977","SAMN07553221","SRX3126319"
"KTN126","OPcell","KTN126OPcell408","SRR5968984","SAMN07553308","SRX3126312"
"KTN126","OPcell","KTN126OPcell405","SRR5968985","SAMN07553305","SRX3126311"
"KTN126","OPcell","KTN126OPcell412","SRR5968988","SAMN07553312","SRX3126308"
"KTN126","OPcell","KTN126OPcell306","SRR5969001","SAMN07553206","SRX3126295"
"KTN126","OPcell","KTN126OPcell415","SRR5969007","SAMN07553315","SRX3126289"
"KTN126","OPcell","KTN126OPcell418","SRR5969008","SAMN07553318","SRX3126288"
"KTN126","OPcell","KTN126OPcell417","SRR5969009","SAMN07553317","SRX3126287"
"KTN126","OPcell","KTN126OPcell421","SRR5969013","SAMN07553321","SRX3126283"
"KTN126","OPcell","KTN126OPcell458","SRR5969019","SAMN07553358","SRX3126277"
"KTN126","OPcell","KTN126OPcell296","SRR5969024","SAMN07553196","SRX3126272"
"KTN126","OPcell","KTN126OPcell295","SRR5969025","SAMN07553195","SRX3126271"
"KTN126","OPcell","KTN126OPcell302","SRR5969030","SAMN07553202","SRX3126266"
"KTN126","OPcell","KTN126OPcell288","SRR5969032","SAMN07553188","SRX3126264"
"KTN126","OPcell","KTN126OPcell464","SRR5969034","SAMN07553364","SRX3126262"
"KTN126","OPcell","KTN126OPcell350","SRR5969036","SAMN07553250","SRX3126260"
"KTN126","OPcell","KTN126OPcell346","SRR5969040","SAMN07553246","SRX3126256"
"KTN126","OPcell","KTN126OPcell329","SRR5969047","SAMN07553229","SRX3126249"
"KTN126","OPcell","KTN126OPcell425","SRR5969057","SAMN07553325","SRX3126239"
"KTN126","OPcell","KTN126OPcell355","SRR5969070","SAMN07553255","SRX3126226"
"KTN126","OPcell","KTN126OPcell361","SRR5969072","SAMN07553261","SRX3126224"
"KTN126","OPcell","KTN126OPcell360","SRR5969073","SAMN07553260","SRX3126223"
"KTN126","OPcell","KTN126OPcell462","SRR5969084","SAMN07553362","SRX3126212"
"KTN126","OPcell","KTN126OPcell440","SRR5969091","SAMN07553340","SRX3126205"
"KTN126","OPcell","KTN126OPcell284","SRR5969094","SAMN07553184","SRX3126202"
"KTN126","OPcell","KTN126OPcell281","SRR5969097","SAMN07553181","SRX3126199"
"KTN126","OPcell","KTN126OPcell137","SRR5959721","SAMN07544809","SRX3118222"
"KTN126","OPcell","KTN126OPcell70","SRR5959727","SAMN07544742","SRX3118216"
"KTN126","0cell","KTN1260cell245","SRR5959735","SAMN07544663","SRX3118208"
"KTN126","0cell","KTN1260cell242","SRR5959738","SAMN07544660","SRX3118205"
"KTN126","0cell","KTN1260cell241","SRR5959739","SAMN07544659","SRX3118204"
"KTN126","0cell","KTN1260cell250","SRR5959742","SAMN07544668","SRX3118201"
"KTN126","OPcell","KTN126OPcell222","SRR5959747","SAMN07544894","SRX3118196"
"KTN126","OPcell","KTN126OPcell225","SRR5959752","SAMN07544897","SRX3118191"
"KTN126","0cell","KTN1260cell62","SRR5959761","SAMN07544480","SRX3118182"
"KTN126","0cell","KTN1260cell155","SRR5959767","SAMN07544573","SRX3118176"
"KTN126","0cell","KTN1260cell158","SRR5959768","SAMN07544576","SRX3118175"
"KTN126","OPcell","KTN126OPcell43","SRR5959778","SAMN07544715","SRX3118165"
"KTN126","OPcell","KTN126OPcell46","SRR5959783","SAMN07544718","SRX3118160"
"KTN126","OPcell","KTN126OPcell233","SRR5959785","SAMN07544905","SRX3118158"
"KTN126","OPcell","KTN126OPcell232","SRR5959786","SAMN07544904","SRX3118157"
"KTN126","OPcell","KTN126OPcell231","SRR5959787","SAMN07544903","SRX3118156"
"KTN126","0cell","KTN1260cell208","SRR5959804","SAMN07544626","SRX3118139"
"KTN126","OPcell","KTN126OPcell118","SRR5959820","SAMN07544790","SRX3118123"
"KTN126","OPcell","KTN126OPcell19","SRR5959830","SAMN07544691","SRX3118113"
"KTN126","0cell","KTN1260cell55","SRR5959837","SAMN07544473","SRX3118106"
"KTN126","0cell","KTN1260cell52","SRR5959840","SAMN07544470","SRX3118103"
"KTN126","0cell","KTN1260cell51","SRR5959841","SAMN07544469","SRX3118102"
"KTN126","0cell","KTN1260cell111","SRR5959843","SAMN07544529","SRX3118100"
"KTN126","0cell","KTN1260cell114","SRR5959844","SAMN07544532","SRX3118099"
"KTN126","0cell","KTN1260cell116","SRR5959846","SAMN07544534","SRX3118097"
"KTN126","0cell","KTN1260cell115","SRR5959847","SAMN07544533","SRX3118096"
"KTN126","0cell","KTN1260cell27","SRR5959858","SAMN07544445","SRX3118085"
"KTN126","0cell","KTN1260cell28","SRR5959859","SAMN07544446","SRX3118084"
"KTN126","0cell","KTN1260cell26","SRR5959861","SAMN07544444","SRX3118082"
"KTN126","0cell","KTN1260cell161","SRR5959879","SAMN07544579","SRX3118064"
"KTN126","0cell","KTN1260cell169","SRR5959884","SAMN07544587","SRX3118059"
"KTN126","OPcell","KTN126OPcell86","SRR5959887","SAMN07544758","SRX3118056"
"KTN126","OPcell","KTN126OPcell78","SRR5959889","SAMN07544750","SRX3118054"
"KTN126","OPcell","KTN126OPcell80","SRR5959891","SAMN07544752","SRX3118052"
"KTN126","OPcell","KTN126OPcell81","SRR5959894","SAMN07544753","SRX3118049"
"KTN126","0cell","KTN1260cell234","SRR5959900","SAMN07544652","SRX3118043"
"KTN126","0cell","KTN1260cell237","SRR5959903","SAMN07544655","SRX3118040"
"KTN126","OPcell","KTN126OPcell214","SRR5959909","SAMN07544886","SRX3118034"
"KTN126","OPcell","KTN126OPcell209","SRR5959914","SAMN07544881","SRX3118029"
"KTN126","0cell","KTN1260cell14","SRR5959917","SAMN07544432","SRX3118026"
"KTN126","0cell","KTN1260cell95","SRR5959937","SAMN07544513","SRX3118006"
"KTN126","0cell","KTN1260cell129","SRR5959938","SAMN07544547","SRX3118005"
"KTN126","OPcell","KTN126OPcell32","SRR5959952","SAMN07544704","SRX3117991"
"KTN126","OPcell","KTN126OPcell170","SRR5959962","SAMN07544842","SRX3117981"
"KTN126","OPcell","KTN126OPcell172","SRR5959964","SAMN07544844","SRX3117979"
"KTN126","OPcell","KTN126OPcell53","SRR5959974","SAMN07544725","SRX3117969"
"KTN126","OPcell","KTN126OPcell9","SRR5959977","SAMN07544681","SRX3117966"
"KTN126","OPcell","KTN126OPcell13","SRR5959981","SAMN07544685","SRX3117962"
"KTN126","OPcell","KTN126OPcell205","SRR5959984","SAMN07544877","SRX3117959"
"KTN126","OPcell","KTN126OPcell202","SRR5959987","SAMN07544874","SRX3117956"
"KTN126","OPcell","KTN126OPcell197","SRR5959990","SAMN07544869","SRX3117953"
"KTN126","0cell","KTN1260cell45","SRR5960000","SAMN07544463","SRX3117943"
"KTN126","0cell","KTN1260cell174","SRR5960004","SAMN07544592","SRX3117939"
"KTN126","0cell","KTN1260cell173","SRR5960005","SAMN07544591","SRX3117938"
"KTN126","0cell","KTN1260cell178","SRR5960008","SAMN07544596","SRX3117935"
"KTN126","0cell","KTN1260cell177","SRR5960009","SAMN07544595","SRX3117934"
"KTN126","0cell","KTN1260cell94","SRR5960016","SAMN07544512","SRX3117927"
"KTN126","0cell","KTN1260cell93","SRR5960017","SAMN07544511","SRX3117926"
"KTN126","0cell","KTN1260cell227","SRR5960026","SAMN07544645","SRX3117917"
"KTN126","0cell","KTN1260cell225","SRR5960028","SAMN07544643","SRX3117915"
"KTN126","0cell","KTN1260cell224","SRR5960029","SAMN07544642","SRX3117914"
"KTN126","0cell","KTN1260cell221","SRR5960032","SAMN07544639","SRX3117911"
"KTN126","OPcell","KTN126OPcell160","SRR5960036","SAMN07544832","SRX3117907"
"KTN126","OPcell","KTN126OPcell166","SRR5960042","SAMN07544838","SRX3117901"
"KTN126","OPcell","KTN126OPcell106","SRR5960045","SAMN07544778","SRX3117898"
"KTN126","0cell","KTN1260cell138","SRR5960057","SAMN07544556","SRX3118384"
"KTN126","0cell","KTN1260cell131","SRR5960064","SAMN07544549","SRX3118377"
"KTN126","0cell","KTN1260cell181","SRR5960071","SAMN07544599","SRX3118370"
"KTN126","OPcell","KTN126OPcell62","SRR5960091","SAMN07544734","SRX3118350"
"KTN126","OPcell","KTN126OPcell60","SRR5960093","SAMN07544732","SRX3118348"
"KTN126","OPcell","KTN126OPcell59","SRR5960094","SAMN07544731","SRX3118347"
"KTN126","OPcell","KTN126OPcell57","SRR5960096","SAMN07544729","SRX3118345"
"KTN126","OPcell","KTN126OPcell6","SRR5960106","SAMN07544678","SRX3118335"
"KTN126","OPcell","KTN126OPcell196","SRR5960107","SAMN07544868","SRX3118334"
"KTN126","OPcell","KTN126OPcell187","SRR5960112","SAMN07544859","SRX3118329"
"KTN126","OPcell","KTN126OPcell194","SRR5960113","SAMN07544866","SRX3118328"
"KTN126","0cell","KTN1260cell147","SRR5960129","SAMN07544565","SRX3118312"
"KTN126","0cell","KTN1260cell143","SRR5960133","SAMN07544561","SRX3118308"
"KTN126","0cell","KTN1260cell141","SRR5960135","SAMN07544559","SRX3118306"
"KTN126","OPcell","KTN126OPcell238","SRR5960139","SAMN07544910","SRX3118302"
"KTN126","OPcell","KTN126OPcell239","SRR5960140","SAMN07544911","SRX3118301"
"KTN126","OPcell","KTN126OPcell240","SRR5960141","SAMN07544912","SRX3118300"
"KTN126","OPcell","KTN126OPcell243","SRR5960144","SAMN07544915","SRX3118297"
"KTN126","0cell","KTN1260cell220","SRR5960147","SAMN07544638","SRX3118294"
"KTN126","0cell","KTN1260cell213","SRR5960148","SAMN07544631","SRX3118293"
"KTN126","0cell","KTN1260cell212","SRR5960151","SAMN07544630","SRX3118290"
"KTN126","0cell","KTN1260cell216","SRR5960155","SAMN07544634","SRX3118286"
"KTN126","OPcell","KTN126OPcell150","SRR5960162","SAMN07544822","SRX3118279"
"KTN126","OPcell","KTN126OPcell109","SRR5960170","SAMN07544781","SRX3118271"
"KTN126","0cell","KTN1260cell108","SRR5960183","SAMN07544526","SRX3118258"
"KTN126","OPcell","KTN126OPcell25","SRR5960188","SAMN07544697","SRX3118253"
"KTN126","OPcell","KTN126OPcell26","SRR5960189","SAMN07544698","SRX3118252"
"KTN126","OPcell","KTN126OPcell125","SRR5960201","SAMN07544797","SRX3118240"
"KTN126","0cell","KTN1260cell200","SRR5960202","SAMN07544618","SRX3118239"
"KTN126","0cell","KTN1260cell199","SRR5960203","SAMN07544617","SRX3118238"
"KTN126","0cell","KTN1260cell192","SRR5960204","SAMN07544610","SRX3118237"
"KTN126","0cell","KTN1260cell196","SRR5960208","SAMN07544614","SRX3118233"
"KTN126","0cell","KTN1260cell197","SRR5960211","SAMN07544615","SRX3118230"
"KTN126","OPcell","KTN126OPcell138","SRR5960218","SAMN07544810","SRX3118223"
"KTN126","OPcell","KTN126OPcell285","SRR5968867","SAMN07553185","SRX3126429"
"KTN126","OPcell","KTN126OPcell454","SRR5968880","SAMN07553354","SRX3126416"
"KTN126","OPcell","KTN126OPcell449","SRR5968885","SAMN07553349","SRX3126411"
"KTN126","OPcell","KTN126OPcell448","SRR5968886","SAMN07553348","SRX3126410"
"KTN126","OPcell","KTN126OPcell341","SRR5968891","SAMN07553241","SRX3126405"
"KTN126","OPcell","KTN126OPcell273","SRR5968894","SAMN07553173","SRX3126402"
"KTN126","OPcell","KTN126OPcell267","SRR5968899","SAMN07553167","SRX3126397"
"KTN126","OPcell","KTN126OPcell377","SRR5968914","SAMN07553277","SRX3126382"
"KTN126","OPcell","KTN126OPcell477","SRR5968917","SAMN07553377","SRX3126379"
"KTN126","OPcell","KTN126OPcell478","SRR5968918","SAMN07553378","SRX3126378"
"KTN126","OPcell","KTN126OPcell475","SRR5968919","SAMN07553375","SRX3126377"
"KTN126","OPcell","KTN126OPcell256","SRR5968929","SAMN07553156","SRX3126367"
"KTN126","OPcell","KTN126OPcell393","SRR5968935","SAMN07553293","SRX3126361"
"KTN126","OPcell","KTN126OPcell390","SRR5968944","SAMN07553290","SRX3126352"
"KTN126","OPcell","KTN126OPcell391","SRR5968945","SAMN07553291","SRX3126351"
"KTN126","OPcell","KTN126OPcell473","SRR5968948","SAMN07553373","SRX3126348"
"KTN126","OPcell","KTN126OPcell398","SRR5968963","SAMN07553298","SRX3126333"
"KTN126","OPcell","KTN126OPcell338","SRR5968970","SAMN07553238","SRX3126326"
"KTN126","OPcell","KTN126OPcell320","SRR5968978","SAMN07553220","SRX3126318"
"KTN126","OPcell","KTN126OPcell410","SRR5968990","SAMN07553310","SRX3126306"
"KTN126","OPcell","KTN126OPcell339","SRR5968993","SAMN07553239","SRX3126303"
"KTN126","OPcell","KTN126OPcell312","SRR5968999","SAMN07553212","SRX3126297"
"KTN126","OPcell","KTN126OPcell305","SRR5969000","SAMN07553205","SRX3126296"
"KTN126","OPcell","KTN126OPcell420","SRR5969010","SAMN07553320","SRX3126286"
"KTN126","OPcell","KTN126OPcell351","SRR5969037","SAMN07553251","SRX3126259"
"KTN126","OPcell","KTN126OPcell332","SRR5969044","SAMN07553232","SRX3126252"
"KTN126","OPcell","KTN126OPcell294","SRR5969049","SAMN07553194","SRX3126247"
"KTN126","OPcell","KTN126OPcell434","SRR5969051","SAMN07553334","SRX3126245"
"KTN126","OPcell","KTN126OPcell330","SRR5969052","SAMN07553230","SRX3126244"
"KTN126","OPcell","KTN126OPcell429","SRR5969053","SAMN07553329","SRX3126243"
"KTN126","OPcell","KTN126OPcell432","SRR5969056","SAMN07553332","SRX3126240"
"KTN126","OPcell","KTN126OPcell426","SRR5969058","SAMN07553326","SRX3126238"
"KTN126","OPcell","KTN126OPcell428","SRR5969060","SAMN07553328","SRX3126236"
"KTN126","OPcell","KTN126OPcell325","SRR5969063","SAMN07553225","SRX3126233"
"KTN126","OPcell","KTN126OPcell291","SRR5969066","SAMN07553191","SRX3126230"
"KTN126","OPcell","KTN126OPcell362","SRR5969071","SAMN07553262","SRX3126225"
"KTN126","OPcell","KTN126OPcell359","SRR5969074","SAMN07553259","SRX3126222"
"KTN126","OPcell","KTN126OPcell444","SRR5969079","SAMN07553344","SRX3126217"
"KTN126","OPcell","KTN126OPcell436","SRR5969087","SAMN07553336","SRX3126209"
"KTN126","OPcell","KTN126OPcell280","SRR5969098","SAMN07553180","SRX3126198"
"KTN126","OPcell","KTN126OPcell277","SRR5969101","SAMN07553177","SRX3126195"
"KTN126","OPcell","KTN126OPcell146","SRR5959722","SAMN07544818","SRX3118221"
"KTN126","OPcell","KTN126OPcell76","SRR5959725","SAMN07544748","SRX3118218"
"KTN126","OPcell","KTN126OPcell67","SRR5959728","SAMN07544739","SRX3118215"
"KTN126","OPcell","KTN126OPcell74","SRR5959731","SAMN07544746","SRX3118212"
"KTN126","OPcell","KTN126OPcell72","SRR5959733","SAMN07544744","SRX3118210"
"KTN126","0cell","KTN1260cell246","SRR5959734","SAMN07544664","SRX3118209"
"KTN126","0cell","KTN1260cell248","SRR5959736","SAMN07544666","SRX3118207"
"KTN126","0cell","KTN1260cell243","SRR5959741","SAMN07544661","SRX3118202"
"KTN126","OPcell","KTN126OPcell224","SRR5959745","SAMN07544896","SRX3118198"
"KTN126","OPcell","KTN126OPcell219","SRR5959748","SAMN07544891","SRX3118195"
"KTN126","0cell","KTN1260cell64","SRR5959759","SAMN07544482","SRX3118184"
"KTN126","0cell","KTN1260cell69","SRR5959762","SAMN07544487","SRX3118181"
"KTN126","0cell","KTN1260cell70","SRR5959763","SAMN07544488","SRX3118180"
"KTN126","0cell","KTN1260cell159","SRR5959765","SAMN07544577","SRX3118178"
"KTN126","0cell","KTN1260cell157","SRR5959769","SAMN07544575","SRX3118174"
"KTN126","OPcell","KTN126OPcell39","SRR5959774","SAMN07544711","SRX3118169"
"KTN126","OPcell","KTN126OPcell228","SRR5959790","SAMN07544900","SRX3118153"
"KTN126","0cell","KTN1260cell82","SRR5959795","SAMN07544500","SRX3118148"
"KTN126","0cell","KTN1260cell204","SRR5959800","SAMN07544622","SRX3118143"
"KTN126","0cell","KTN1260cell207","SRR5959805","SAMN07544625","SRX3118138"
"KTN126","OPcell","KTN126OPcell23","SRR5959826","SAMN07544695","SRX3118117"
"KTN126","OPcell","KTN126OPcell20","SRR5959831","SAMN07544692","SRX3118112"
"KTN126","0cell","KTN1260cell60","SRR5959832","SAMN07544478","SRX3118111"
"KTN126","0cell","KTN1260cell58","SRR5959834","SAMN07544476","SRX3118109"
"KTN126","0cell","KTN1260cell54","SRR5959838","SAMN07544472","SRX3118105"
"KTN126","0cell","KTN1260cell119","SRR5959851","SAMN07544537","SRX3118092"
"KTN126","0cell","KTN1260cell24","SRR5959855","SAMN07544442","SRX3118088"
"KTN126","0cell","KTN1260cell25","SRR5959860","SAMN07544443","SRX3118083"
"KTN126","0cell","KTN1260cell85","SRR5959862","SAMN07544503","SRX3118081"
"KTN126","0cell","KTN1260cell87","SRR5959864","SAMN07544505","SRX3118079"
"KTN126","0cell","KTN1260cell88","SRR5959866","SAMN07544506","SRX3118077"
"KTN126","0cell","KTN1260cell4","SRR5959869","SAMN07544422","SRX3118074"
"KTN126","0cell","KTN1260cell167","SRR5959877","SAMN07544585","SRX3118066"
"KTN126","0cell","KTN1260cell83","SRR5959883","SAMN07544501","SRX3118060"
"KTN126","OPcell","KTN126OPcell77","SRR5959890","SAMN07544749","SRX3118053"
"KTN126","0cell","KTN1260cell236","SRR5959902","SAMN07544654","SRX3118041"
"KTN126","0cell","KTN1260cell240","SRR5959906","SAMN07544658","SRX3118037"
"KTN126","OPcell","KTN126OPcell207","SRR5959912","SAMN07544879","SRX3118031"
"KTN126","OPcell","KTN126OPcell216","SRR5959915","SAMN07544888","SRX3118028"
"KTN126","OPcell","KTN126OPcell215","SRR5959916","SAMN07544887","SRX3118027"
"KTN126","0cell","KTN1260cell13","SRR5959918","SAMN07544431","SRX3118025"
"KTN126","0cell","KTN1260cell18","SRR5959921","SAMN07544436","SRX3118022"
"KTN126","0cell","KTN1260cell16","SRR5959923","SAMN07544434","SRX3118020"
"KTN126","OPcell","KTN126OPcell95","SRR5959927","SAMN07544767","SRX3118016"
"KTN126","OPcell","KTN126OPcell93","SRR5959931","SAMN07544765","SRX3118012"
"KTN126","OPcell","KTN126OPcell94","SRR5959932","SAMN07544766","SRX3118011"
"KTN126","0cell","KTN1260cell123","SRR5959942","SAMN07544541","SRX3118001"
"KTN126","0cell","KTN1260cell124","SRR5959943","SAMN07544542","SRX3118000"
"KTN126","0cell","KTN1260cell128","SRR5959947","SAMN07544546","SRX3117996"
"KTN126","OPcell","KTN126OPcell27","SRR5959949","SAMN07544699","SRX3117994"
"KTN126","OPcell","KTN126OPcell30","SRR5959950","SAMN07544702","SRX3117993"
"KTN126","OPcell","KTN126OPcell31","SRR5959953","SAMN07544703","SRX3117990"
"KTN126","OPcell","KTN126OPcell169","SRR5959963","SAMN07544841","SRX3117980"
"KTN126","OPcell","KTN126OPcell173","SRR5959967","SAMN07544845","SRX3117976"
"KTN126","OPcell","KTN126OPcell54","SRR5959975","SAMN07544726","SRX3117968"
"KTN126","OPcell","KTN126OPcell7","SRR5959979","SAMN07544679","SRX3117964"
"KTN126","OPcell","KTN126OPcell12","SRR5959982","SAMN07544684","SRX3117961"
"KTN126","OPcell","KTN126OPcell201","SRR5959986","SAMN07544873","SRX3117957"
"KTN126","OPcell","KTN126OPcell199","SRR5959992","SAMN07544871","SRX3117951"
"KTN126","OPcell","KTN126OPcell200","SRR5959993","SAMN07544872","SRX3117950"
"KTN126","0cell","KTN1260cell42","SRR5959997","SAMN07544460","SRX3117946"
"KTN126","0cell","KTN1260cell172","SRR5960006","SAMN07544590","SRX3117937"
"KTN126","0cell","KTN1260cell171","SRR5960007","SAMN07544589","SRX3117936"
"KTN126","0cell","KTN1260cell176","SRR5960010","SAMN07544594","SRX3117933"
"KTN126","0cell","KTN1260cell100","SRR5960014","SAMN07544518","SRX3117929"
"KTN126","0cell","KTN1260cell92","SRR5960019","SAMN07544510","SRX3117924"
"KTN126","0cell","KTN1260cell98","SRR5960021","SAMN07544516","SRX3117922"
"KTN126","0cell","KTN1260cell223","SRR5960030","SAMN07544641","SRX3117913"
"KTN126","0cell","KTN1260cell222","SRR5960031","SAMN07544640","SRX3117912"
"KTN126","OPcell","KTN126OPcell157","SRR5960033","SAMN07544829","SRX3117910"
"KTN126","OPcell","KTN126OPcell158","SRR5960034","SAMN07544830","SRX3117909"
"KTN126","OPcell","KTN126OPcell162","SRR5960038","SAMN07544834","SRX3117905"
"KTN126","OPcell","KTN126OPcell105","SRR5960046","SAMN07544777","SRX3117897"
"KTN126","OPcell","KTN126OPcell100","SRR5960047","SAMN07544772","SRX3117896"
"KTN126","OPcell","KTN126OPcell99","SRR5960048","SAMN07544771","SRX3117895"
"KTN126","0cell","KTN1260cell190","SRR5960068","SAMN07544608","SRX3118373"
"KTN126","0cell","KTN1260cell183","SRR5960069","SAMN07544601","SRX3118372"
"KTN126","OPcell","KTN126OPcell135","SRR5960077","SAMN07544807","SRX3118364"
"KTN126","OPcell","KTN126OPcell134","SRR5960086","SAMN07544806","SRX3118355"
"KTN126","OPcell","KTN126OPcell65","SRR5960088","SAMN07544737","SRX3118353"
"KTN126","OPcell","KTN126OPcell61","SRR5960092","SAMN07544733","SRX3118349"
"KTN126","OPcell","KTN126OPcell3","SRR5960097","SAMN07544675","SRX3118344"
"KTN126","OPcell","KTN126OPcell2","SRR5960100","SAMN07544674","SRX3118341"
"KTN126","0cell","KTN1260cell251","SRR5960103","SAMN07544669","SRX3118338"
"KTN126","0cell","KTN1260cell252","SRR5960104","SAMN07544670","SRX3118337"
"KTN126","OPcell","KTN126OPcell5","SRR5960105","SAMN07544677","SRX3118336"
"KTN126","OPcell","KTN126OPcell195","SRR5960108","SAMN07544867","SRX3118333"
"KTN126","0cell","KTN1260cell78","SRR5960119","SAMN07544496","SRX3118322"
"KTN126","0cell","KTN1260cell72","SRR5960121","SAMN07544490","SRX3118320"
"KTN126","0cell","KTN1260cell148","SRR5960130","SAMN07544566","SRX3118311"
"KTN126","0cell","KTN1260cell145","SRR5960131","SAMN07544563","SRX3118310"
"KTN126","0cell","KTN1260cell146","SRR5960132","SAMN07544564","SRX3118309"
"KTN126","OPcell","KTN126OPcell237","SRR5960138","SAMN07544909","SRX3118303"
"KTN126","0cell","KTN1260cell217","SRR5960152","SAMN07544635","SRX3118289"
"KTN126","0cell","KTN1260cell218","SRR5960153","SAMN07544636","SRX3118288"
"KTN126","OPcell","KTN126OPcell155","SRR5960157","SAMN07544827","SRX3118284"
"KTN126","OPcell","KTN126OPcell110","SRR5960171","SAMN07544782","SRX3118270"
"KTN126","0cell","KTN1260cell89","SRR5960174","SAMN07544507","SRX3118267"
"KTN126","0cell","KTN1260cell90","SRR5960175","SAMN07544508","SRX3118266"
"KTN126","0cell","KTN1260cell32","SRR5960192","SAMN07544450","SRX3118249"
"KTN126","0cell","KTN1260cell38","SRR5960198","SAMN07544456","SRX3118243"
"KTN126","0cell","KTN1260cell37","SRR5960199","SAMN07544455","SRX3118242"
"KTN126","0cell","KTN1260cell194","SRR5960206","SAMN07544612","SRX3118235"
"KTN126","0cell","KTN1260cell195","SRR5960209","SAMN07544613","SRX3118232"
"KTN126","0cell","KTN1260cell198","SRR5960210","SAMN07544616","SRX3118231"
"KTN126","OPcell","KTN126OPcell139","SRR5960217","SAMN07544811","SRX3118224"
"KTN126","OPcell","KTN126OPcell370","SRR5968873","SAMN07553270","SRX3126423"
"KTN126","OPcell","KTN126OPcell292","SRR5968878","SAMN07553192","SRX3126418"
"KTN126","OPcell","KTN126OPcell340","SRR5968879","SAMN07553240","SRX3126417"
"KTN126","OPcell","KTN126OPcell453","SRR5968881","SAMN07553353","SRX3126415"
"KTN126","OPcell","KTN126OPcell446","SRR5968888","SAMN07553346","SRX3126408"
"KTN126","OPcell","KTN126OPcell342","SRR5968890","SAMN07553242","SRX3126406"
"KTN126","OPcell","KTN126OPcell265","SRR5968897","SAMN07553165","SRX3126399"
"KTN126","OPcell","KTN126OPcell266","SRR5968898","SAMN07553166","SRX3126398"
"KTN126","OPcell","KTN126OPcell268","SRR5968900","SAMN07553168","SRX3126396"
"KTN126","OPcell","KTN126OPcell381","SRR5968910","SAMN07553281","SRX3126386"
"KTN126","OPcell","KTN126OPcell344","SRR5968915","SAMN07553244","SRX3126381"
"KTN126","OPcell","KTN126OPcell481","SRR5968921","SAMN07553381","SRX3126375"
"KTN126","OPcell","KTN126OPcell480","SRR5968924","SAMN07553380","SRX3126372"
"KTN126","OPcell","KTN126OPcell261","SRR5968928","SAMN07553161","SRX3126368"
"KTN126","OPcell","KTN126OPcell258","SRR5968931","SAMN07553158","SRX3126365"
"KTN126","OPcell","KTN126OPcell388","SRR5968942","SAMN07553288","SRX3126354"
"KTN126","OPcell","KTN126OPcell392","SRR5968946","SAMN07553292","SRX3126350"
"KTN126","OPcell","KTN126OPcell334","SRR5968950","SAMN07553234","SRX3126346"
"KTN126","OPcell","KTN126OPcell466","SRR5968951","SAMN07553366","SRX3126345"
"KTN126","OPcell","KTN126OPcell467","SRR5968954","SAMN07553367","SRX3126342"
"KTN126","OPcell","KTN126OPcell401","SRR5968960","SAMN07553301","SRX3126336"
"KTN126","OPcell","KTN126OPcell316","SRR5968974","SAMN07553216","SRX3126322"
"KTN126","OPcell","KTN126OPcell322","SRR5968976","SAMN07553222","SRX3126320"
"KTN126","OPcell","KTN126OPcell324","SRR5968980","SAMN07553224","SRX3126316"
"KTN126","OPcell","KTN126OPcell337","SRR5968982","SAMN07553237","SRX3126314"
"KTN126","OPcell","KTN126OPcell411","SRR5968987","SAMN07553311","SRX3126309"
"KTN126","OPcell","KTN126OPcell409","SRR5968989","SAMN07553309","SRX3126307"
"KTN126","OPcell","KTN126OPcell414","SRR5968992","SAMN07553314","SRX3126304"
"KTN126","OPcell","KTN126OPcell314","SRR5968995","SAMN07553214","SRX3126301"
"KTN126","OPcell","KTN126OPcell309","SRR5968996","SAMN07553209","SRX3126300"
"KTN126","OPcell","KTN126OPcell251","SRR5969005","SAMN07553151","SRX3126291"
"KTN126","OPcell","KTN126OPcell416","SRR5969006","SAMN07553316","SRX3126290"
"KTN126","OPcell","KTN126OPcell419","SRR5969011","SAMN07553319","SRX3126285"
"KTN126","OPcell","KTN126OPcell422","SRR5969012","SAMN07553322","SRX3126284"
"KTN126","OPcell","KTN126OPcell424","SRR5969014","SAMN07553324","SRX3126282"
"KTN126","OPcell","KTN126OPcell248","SRR5969016","SAMN07553148","SRX3126280"
"KTN126","OPcell","KTN126OPcell304","SRR5969022","SAMN07553204","SRX3126274"
"KTN126","OPcell","KTN126OPcell300","SRR5969028","SAMN07553200","SRX3126268"
"KTN126","OPcell","KTN126OPcell299","SRR5969029","SAMN07553199","SRX3126267"
"KTN126","OPcell","KTN126OPcell301","SRR5969031","SAMN07553201","SRX3126265"
"KTN126","OPcell","KTN126OPcell353","SRR5969045","SAMN07553253","SRX3126251"
"KTN126","OPcell","KTN126OPcell354","SRR5969046","SAMN07553254","SRX3126250"
"KTN126","OPcell","KTN126OPcell433","SRR5969050","SAMN07553333","SRX3126246"
"KTN126","OPcell","KTN126OPcell431","SRR5969055","SAMN07553331","SRX3126241"
"KTN126","OPcell","KTN126OPcell427","SRR5969059","SAMN07553327","SRX3126237"
"KTN126","OPcell","KTN126OPcell331","SRR5969064","SAMN07553231","SRX3126232"
"KTN126","OPcell","KTN126OPcell358","SRR5969067","SAMN07553258","SRX3126229"
"KTN126","OPcell","KTN126OPcell363","SRR5969076","SAMN07553263","SRX3126220"
"KTN126","OPcell","KTN126OPcell456","SRR5969078","SAMN07553356","SRX3126218"
"KTN126","OPcell","KTN126OPcell461","SRR5969083","SAMN07553361","SRX3126213"
"KTN126","OPcell","KTN126OPcell438","SRR5969085","SAMN07553338","SRX3126211"
"KTN126","OPcell","KTN126OPcell437","SRR5969086","SAMN07553337","SRX3126210"
"KTN126","OPcell","KTN126OPcell442","SRR5969089","SAMN07553342","SRX3126207"
"KTN126","OPcell","KTN126OPcell276","SRR5969102","SAMN07553176","SRX3126194"
"KTN126","OPcell","KTN126OPcell275","SRR5969103","SAMN07553175","SRX3126193"
"KTN126","OPcell","KTN126OPcell73","SRR5959730","SAMN07544745","SRX3118213"
"KTN126","OPcell","KTN126OPcell71","SRR5959732","SAMN07544743","SRX3118211"
"KTN126","0cell","KTN1260cell249","SRR5959743","SAMN07544667","SRX3118200"
"KTN126","OPcell","KTN126OPcell223","SRR5959744","SAMN07544895","SRX3118199"
"KTN126","OPcell","KTN126OPcell226","SRR5959753","SAMN07544898","SRX3118190"
"KTN126","0cell","KTN1260cell65","SRR5959756","SAMN07544483","SRX3118187"
"KTN126","0cell","KTN1260cell160","SRR5959764","SAMN07544578","SRX3118179"
"KTN126","0cell","KTN1260cell156","SRR5959766","SAMN07544574","SRX3118177"
"KTN126","0cell","KTN1260cell152","SRR5959770","SAMN07544570","SRX3118173"
"KTN126","0cell","KTN1260cell154","SRR5959772","SAMN07544572","SRX3118171"
"KTN126","0cell","KTN1260cell153","SRR5959773","SAMN07544571","SRX3118170"
"KTN126","OPcell","KTN126OPcell37","SRR5959776","SAMN07544709","SRX3118167"
"KTN126","OPcell","KTN126OPcell38","SRR5959777","SAMN07544710","SRX3118166"
"KTN126","OPcell","KTN126OPcell234","SRR5959784","SAMN07544906","SRX3118159"
"KTN126","0cell","KTN1260cell81","SRR5959794","SAMN07544499","SRX3118149"
"KTN126","0cell","KTN1260cell210","SRR5959796","SAMN07544628","SRX3118147"
"KTN126","0cell","KTN1260cell209","SRR5959797","SAMN07544627","SRX3118146"
"KTN126","0cell","KTN1260cell201","SRR5959799","SAMN07544619","SRX3118144"
"KTN126","0cell","KTN1260cell205","SRR5959803","SAMN07544623","SRX3118140"
"KTN126","OPcell","KTN126OPcell185","SRR5959806","SAMN07544857","SRX3118137"
"KTN126","OPcell","KTN126OPcell180","SRR5959809","SAMN07544852","SRX3118134"
"KTN126","OPcell","KTN126OPcell181","SRR5959814","SAMN07544853","SRX3118129"
"KTN126","OPcell","KTN126OPcell182","SRR5959815","SAMN07544854","SRX3118128"
"KTN126","OPcell","KTN126OPcell122","SRR5959816","SAMN07544794","SRX3118127"
"KTN126","OPcell","KTN126OPcell124","SRR5959818","SAMN07544796","SRX3118125"
"KTN126","OPcell","KTN126OPcell123","SRR5959819","SAMN07544795","SRX3118124"
"KTN126","OPcell","KTN126OPcell120","SRR5959822","SAMN07544792","SRX3118121"
"KTN126","OPcell","KTN126OPcell119","SRR5959823","SAMN07544791","SRX3118120"
"KTN126","OPcell","KTN126OPcell24","SRR5959827","SAMN07544696","SRX3118116"
"KTN126","OPcell","KTN126OPcell126","SRR5959828","SAMN07544798","SRX3118115"
"KTN126","0cell","KTN1260cell57","SRR5959835","SAMN07544475","SRX3118108"
"KTN126","0cell","KTN1260cell117","SRR5959849","SAMN07544535","SRX3118094"
"KTN126","0cell","KTN1260cell120","SRR5959850","SAMN07544538","SRX3118093"
"KTN126","0cell","KTN1260cell30","SRR5959853","SAMN07544448","SRX3118090"
"KTN126","0cell","KTN1260cell21","SRR5959856","SAMN07544439","SRX3118087"
"KTN126","0cell","KTN1260cell2","SRR5959867","SAMN07544420","SRX3118076"
"KTN126","0cell","KTN1260cell3","SRR5959870","SAMN07544421","SRX3118073"
"KTN126","0cell","KTN1260cell8","SRR5959873","SAMN07544426","SRX3118070"
"KTN126","0cell","KTN1260cell166","SRR5959876","SAMN07544584","SRX3118067"
"KTN126","0cell","KTN1260cell168","SRR5959878","SAMN07544586","SRX3118065"
"KTN126","0cell","KTN1260cell163","SRR5959881","SAMN07544581","SRX3118062"
"KTN126","OPcell","KTN126OPcell85","SRR5959888","SAMN07544757","SRX3118055"
"KTN126","OPcell","KTN126OPcell79","SRR5959892","SAMN07544751","SRX3118051"
"KTN126","OPcell","KTN126OPcell84","SRR5959895","SAMN07544756","SRX3118048"
"KTN126","OPcell","KTN126OPcell83","SRR5959896","SAMN07544755","SRX3118047"
"KTN126","0cell","KTN1260cell235","SRR5959901","SAMN07544653","SRX3118042"
"KTN126","OPcell","KTN126OPcell208","SRR5959911","SAMN07544880","SRX3118032"
"KTN126","0cell","KTN1260cell20","SRR5959925","SAMN07544438","SRX3118018"
"KTN126","0cell","KTN1260cell19","SRR5959926","SAMN07544437","SRX3118017"
"KTN126","0cell","KTN1260cell126","SRR5959945","SAMN07544544","SRX3117998"
"KTN126","OPcell","KTN126OPcell33","SRR5959955","SAMN07544705","SRX3117988"
"KTN126","OPcell","KTN126OPcell36","SRR5959956","SAMN07544708","SRX3117987"
"KTN126","OPcell","KTN126OPcell168","SRR5959960","SAMN07544840","SRX3117983"
"KTN126","OPcell","KTN126OPcell167","SRR5959961","SAMN07544839","SRX3117982"
"KTN126","OPcell","KTN126OPcell174","SRR5959966","SAMN07544846","SRX3117977"
"KTN126","OPcell","KTN126OPcell50","SRR5959971","SAMN07544722","SRX3117972"
"KTN126","OPcell","KTN126OPcell51","SRR5959972","SAMN07544723","SRX3117971"
"KTN126","OPcell","KTN126OPcell14","SRR5959980","SAMN07544686","SRX3117963"
"KTN126","0cell","KTN1260cell41","SRR5959996","SAMN07544459","SRX3117947"
"KTN126","0cell","KTN1260cell46","SRR5960001","SAMN07544464","SRX3117942"
"KTN126","0cell","KTN1260cell180","SRR5960012","SAMN07544598","SRX3117931"
"KTN126","0cell","KTN1260cell229","SRR5960024","SAMN07544647","SRX3117919"
"KTN126","0cell","KTN1260cell226","SRR5960027","SAMN07544644","SRX3117916"
"KTN126","OPcell","KTN126OPcell161","SRR5960037","SAMN07544833","SRX3117906"
"KTN126","OPcell","KTN126OPcell164","SRR5960040","SAMN07544836","SRX3117903"
"KTN126","OPcell","KTN126OPcell98","SRR5960049","SAMN07544770","SRX3117894"
"KTN126","OPcell","KTN126OPcell97","SRR5960050","SAMN07544769","SRX3117893"
"KTN126","OPcell","KTN126OPcell101","SRR5960054","SAMN07544773","SRX3117889"
"KTN126","OPcell","KTN126OPcell55","SRR5960055","SAMN07544727","SRX3117888"
"KTN126","OPcell","KTN126OPcell56","SRR5960056","SAMN07544728","SRX3117887"
"KTN126","0cell","KTN1260cell134","SRR5960061","SAMN07544552","SRX3118380"
"KTN126","0cell","KTN1260cell140","SRR5960065","SAMN07544558","SRX3118376"
"KTN126","0cell","KTN1260cell186","SRR5960076","SAMN07544604","SRX3118365"
"KTN126","OPcell","KTN126OPcell130","SRR5960082","SAMN07544802","SRX3118359"
"KTN126","OPcell","KTN126OPcell132","SRR5960084","SAMN07544804","SRX3118357"
"KTN126","OPcell","KTN126OPcell4","SRR5960098","SAMN07544676","SRX3118343"
"KTN126","0cell","KTN1260cell253","SRR5960101","SAMN07544671","SRX3118340"
"KTN126","OPcell","KTN126OPcell193","SRR5960114","SAMN07544865","SRX3118327"
"KTN126","0cell","KTN1260cell71","SRR5960122","SAMN07544489","SRX3118319"
"KTN126","0cell","KTN1260cell80","SRR5960125","SAMN07544498","SRX3118316"
"KTN126","0cell","KTN1260cell150","SRR5960128","SAMN07544568","SRX3118313"
"KTN126","OPcell","KTN126OPcell241","SRR5960142","SAMN07544913","SRX3118299"
"KTN126","OPcell","KTN126OPcell244","SRR5960145","SAMN07544916","SRX3118296"
"KTN126","OPcell","KTN126OPcell156","SRR5960156","SAMN07544828","SRX3118285"
"KTN126","OPcell","KTN126OPcell153","SRR5960159","SAMN07544825","SRX3118282"
"KTN126","OPcell","KTN126OPcell151","SRR5960161","SAMN07544823","SRX3118280"
"KTN126","OPcell","KTN126OPcell149","SRR5960163","SAMN07544821","SRX3118278"
"KTN126","OPcell","KTN126OPcell148","SRR5960164","SAMN07544820","SRX3118277"
"KTN126","OPcell","KTN126OPcell147","SRR5960165","SAMN07544819","SRX3118276"
"KTN126","OPcell","KTN126OPcell113","SRR5960166","SAMN07544785","SRX3118275"
"KTN126","OPcell","KTN126OPcell114","SRR5960167","SAMN07544786","SRX3118274"
"KTN126","OPcell","KTN126OPcell107","SRR5960172","SAMN07544779","SRX3118269"
"KTN126","OPcell","KTN126OPcell108","SRR5960173","SAMN07544780","SRX3118268"
"KTN126","0cell","KTN1260cell101","SRR5960180","SAMN07544519","SRX3118261"
"KTN126","0cell","KTN1260cell102","SRR5960181","SAMN07544520","SRX3118260"
"KTN126","0cell","KTN1260cell107","SRR5960182","SAMN07544525","SRX3118259"
"KTN126","0cell","KTN1260cell110","SRR5960187","SAMN07544528","SRX3118254"
"KTN126","0cell","KTN1260cell40","SRR5960190","SAMN07544458","SRX3118251"
"KTN126","0cell","KTN1260cell34","SRR5960194","SAMN07544452","SRX3118247"
"KTN126","OPcell","KTN126OPcell17","SRR5960200","SAMN07544689","SRX3118241"
"KTN126","OPcell","KTN126OPcell144","SRR5960212","SAMN07544816","SRX3118229"
"KTN126","OPcell","KTN126OPcell143","SRR5960213","SAMN07544815","SRX3118228"
"KTN126","OPcell","KTN126OPcell142","SRR5960214","SAMN07544814","SRX3118227"
"KTN126","OPcell","KTN126OPcell373","SRR5968868","SAMN07553273","SRX3126428"
"KTN126","OPcell","KTN126OPcell366","SRR5968877","SAMN07553266","SRX3126419"
"KTN126","OPcell","KTN126OPcell450","SRR5968884","SAMN07553350","SRX3126412"
"KTN126","OPcell","KTN126OPcell336","SRR5968893","SAMN07553236","SRX3126403"
"KTN126","OPcell","KTN126OPcell274","SRR5968895","SAMN07553174","SRX3126401"
"KTN126","OPcell","KTN126OPcell269","SRR5968901","SAMN07553169","SRX3126395"
"KTN126","OPcell","KTN126OPcell270","SRR5968902","SAMN07553170","SRX3126394"
"KTN126","OPcell","KTN126OPcell383","SRR5968906","SAMN07553283","SRX3126390"
"KTN126","OPcell","KTN126OPcell380","SRR5968907","SAMN07553280","SRX3126389"
"KTN126","OPcell","KTN126OPcell379","SRR5968908","SAMN07553279","SRX3126388"
"KTN126","OPcell","KTN126OPcell382","SRR5968909","SAMN07553282","SRX3126387"
"KTN126","OPcell","KTN126OPcell335","SRR5968922","SAMN07553235","SRX3126374"
"KTN126","OPcell","KTN126OPcell257","SRR5968932","SAMN07553157","SRX3126364"
"KTN126","OPcell","KTN126OPcell263","SRR5968934","SAMN07553163","SRX3126362"
"KTN126","OPcell","KTN126OPcell254","SRR5968937","SAMN07553154","SRX3126359"
"KTN126","OPcell","KTN126OPcell253","SRR5968938","SAMN07553153","SRX3126358"
"KTN126","OPcell","KTN126OPcell385","SRR5968939","SAMN07553285","SRX3126357"
"KTN126","OPcell","KTN126OPcell387","SRR5968941","SAMN07553287","SRX3126355"
"KTN126","OPcell","KTN126OPcell468","SRR5968953","SAMN07553368","SRX3126343"
"KTN126","OPcell","KTN126OPcell469","SRR5968956","SAMN07553369","SRX3126340"
"KTN126","OPcell","KTN126OPcell471","SRR5968958","SAMN07553371","SRX3126338"
"KTN126","OPcell","KTN126OPcell317","SRR5968973","SAMN07553217","SRX3126323"
"KTN126","OPcell","KTN126OPcell407","SRR5968983","SAMN07553307","SRX3126313"
"KTN126","OPcell","KTN126OPcell310","SRR5968997","SAMN07553210","SRX3126299"
"KTN126","OPcell","KTN126OPcell307","SRR5969002","SAMN07553207","SRX3126294"
"KTN126","OPcell","KTN126OPcell423","SRR5969015","SAMN07553323","SRX3126281"
"KTN126","OPcell","KTN126OPcell457","SRR5969017","SAMN07553357","SRX3126279"
"KTN126","OPcell","KTN126OPcell297","SRR5969027","SAMN07553197","SRX3126269"
"KTN126","OPcell","KTN126OPcell463","SRR5969033","SAMN07553363","SRX3126263"
"KTN126","OPcell","KTN126OPcell352","SRR5969038","SAMN07553252","SRX3126258"
"KTN126","OPcell","KTN126OPcell345","SRR5969039","SAMN07553245","SRX3126257"
"KTN126","OPcell","KTN126OPcell348","SRR5969042","SAMN07553248","SRX3126254"
"KTN126","OPcell","KTN126OPcell328","SRR5969061","SAMN07553228","SRX3126235"
"KTN126","OPcell","KTN126OPcell326","SRR5969065","SAMN07553226","SRX3126231"
"KTN126","OPcell","KTN126OPcell356","SRR5969069","SAMN07553256","SRX3126227"
"KTN126","OPcell","KTN126OPcell364","SRR5969075","SAMN07553264","SRX3126221"
"KTN126","OPcell","KTN126OPcell443","SRR5969080","SAMN07553343","SRX3126216"
"KTN126","OPcell","KTN126OPcell279","SRR5969099","SAMN07553179","SRX3126197"
"KTN126","OPcell","KTN126OPcell278","SRR5969100","SAMN07553178","SRX3126196"
"KTN129","0cell","KTN1290cell241","SRR5960286","SAMN07545157","SRX3118787"
"KTN129","0cell","KTN1290cell168","SRR5960288","SAMN07545084","SRX3118785"
"KTN129","0cell","KTN1290cell166","SRR5960290","SAMN07545082","SRX3118783"
"KTN129","0cell","KTN1290cell162","SRR5960294","SAMN07545078","SRX3118779"
"KTN129","OPcell","KTN129OPcell13","SRR5960303","SAMN07545407","SRX3118770"
"KTN129","OPcell","KTN129OPcell21","SRR5960305","SAMN07545415","SRX3118768"
"KTN129","OPcell","KTN129OPcell22","SRR5960306","SAMN07545416","SRX3118767"
"KTN129","0cell","KTN1290cell87","SRR5960311","SAMN07545003","SRX3118762"
"KTN129","0cell","KTN1290cell459","SRR5960317","SAMN07545375","SRX3118756"
"KTN129","0cell","KTN1290cell468","SRR5960318","SAMN07545384","SRX3118755"
"KTN129","0cell","KTN1290cell466","SRR5960320","SAMN07545382","SRX3118753"
"KTN129","0cell","KTN1290cell465","SRR5960321","SAMN07545381","SRX3118752"
"KTN129","0cell","KTN1290cell349","SRR5960324","SAMN07545265","SRX3118749"
"KTN129","0cell","KTN1290cell347","SRR5960326","SAMN07545263","SRX3118747"
"KTN129","0cell","KTN1290cell341","SRR5960332","SAMN07545257","SRX3118741"
"KTN129","0cell","KTN1290cell342","SRR5960333","SAMN07545258","SRX3118740"
"KTN129","0cell","KTN1290cell281","SRR5960347","SAMN07545197","SRX3118726"
"KTN129","0cell","KTN1290cell123","SRR5960352","SAMN07545039","SRX3118721"
"KTN129","0cell","KTN1290cell126","SRR5960359","SAMN07545042","SRX3118714"
"KTN129","0cell","KTN1290cell200","SRR5960370","SAMN07545116","SRX3118703"
"KTN129","0cell","KTN1290cell301","SRR5960385","SAMN07545217","SRX3118688"
"KTN129","0cell","KTN1290cell26","SRR5960396","SAMN07544942","SRX3118677"
"KTN129","0cell","KTN1290cell22","SRR5960400","SAMN07544938","SRX3118673"
"KTN129","0cell","KTN1290cell24","SRR5960402","SAMN07544940","SRX3118671"
"KTN129","0cell","KTN1290cell414","SRR5960412","SAMN07545330","SRX3118661"
"KTN129","0cell","KTN1290cell400","SRR5960415","SAMN07545316","SRX3118658"
"KTN129","0cell","KTN1290cell394","SRR5960419","SAMN07545310","SRX3118654"
"KTN129","0cell","KTN1290cell393","SRR5960420","SAMN07545309","SRX3118653"
"KTN129","0cell","KTN1290cell395","SRR5960422","SAMN07545311","SRX3118651"
"KTN129","0cell","KTN1290cell171","SRR5960442","SAMN07545087","SRX3118631"
"KTN129","0cell","KTN1290cell173","SRR5960444","SAMN07545089","SRX3118629"
"KTN129","OPcell","KTN129OPcell12","SRR5960455","SAMN07545406","SRX3118618"
"KTN129","OPcell","KTN129OPcell11","SRR5960456","SAMN07545405","SRX3118617"
"KTN129","0cell","KTN1290cell290","SRR5960460","SAMN07545206","SRX3118613"
"KTN129","0cell","KTN1290cell451","SRR5960464","SAMN07545367","SRX3118609"
"KTN129","0cell","KTN1290cell359","SRR5960467","SAMN07545275","SRX3118606"
"KTN129","0cell","KTN1290cell356","SRR5960470","SAMN07545272","SRX3118603"
"KTN129","0cell","KTN1290cell357","SRR5960473","SAMN07545273","SRX3118600"
"KTN129","0cell","KTN1290cell352","SRR5960474","SAMN07545268","SRX3118599"
"KTN129","0cell","KTN1290cell55","SRR5960479","SAMN07544971","SRX3118594"
"KTN129","0cell","KTN1290cell57","SRR5960481","SAMN07544973","SRX3118592"
"KTN129","0cell","KTN1290cell140","SRR5960488","SAMN07545056","SRX3118585"
"KTN129","0cell","KTN1290cell132","SRR5960490","SAMN07545048","SRX3118583"
"KTN129","0cell","KTN1290cell134","SRR5960492","SAMN07545050","SRX3118581"
"KTN129","0cell","KTN1290cell133","SRR5960493","SAMN07545049","SRX3118580"
"KTN129","0cell","KTN1290cell226","SRR5960501","SAMN07545142","SRX3118572"
"KTN129","0cell","KTN1290cell223","SRR5960508","SAMN07545139","SRX3118565"
"KTN129","0cell","KTN1290cell148","SRR5960512","SAMN07545064","SRX3118561"
"KTN129","0cell","KTN1290cell318","SRR5960525","SAMN07545234","SRX3118548"
"KTN129","0cell","KTN1290cell15","SRR5960538","SAMN07544931","SRX3118535"
"KTN129","0cell","KTN1290cell17","SRR5960540","SAMN07544933","SRX3118533"
"KTN129","0cell","KTN1290cell408","SRR5960547","SAMN07545324","SRX3118526"
"KTN129","0cell","KTN1290cell401","SRR5960550","SAMN07545317","SRX3118523"
"KTN129","0cell","KTN1290cell403","SRR5960552","SAMN07545319","SRX3118521"
"KTN129","0cell","KTN1290cell367","SRR5960555","SAMN07545283","SRX3118518"
"KTN129","0cell","KTN1290cell361","SRR5960557","SAMN07545277","SRX3118516"
"KTN129","0cell","KTN1290cell261","SRR5960566","SAMN07545177","SRX3118507"
"KTN129","0cell","KTN1290cell105","SRR5960577","SAMN07545021","SRX3118496"
"KTN129","0cell","KTN1290cell108","SRR5960580","SAMN07545024","SRX3118493"
"KTN129","0cell","KTN1290cell109","SRR5960581","SAMN07545025","SRX3118492"
"KTN129","0cell","KTN1290cell219","SRR5960583","SAMN07545135","SRX3118490"
"KTN129","0cell","KTN1290cell217","SRR5960587","SAMN07545133","SRX3118486"
"KTN129","0cell","KTN1290cell218","SRR5960588","SAMN07545134","SRX3118485"
"KTN129","0cell","KTN1290cell211","SRR5960589","SAMN07545127","SRX3118484"
"KTN129","0cell","KTN1290cell212","SRR5960590","SAMN07545128","SRX3118483"
"KTN129","0cell","KTN1290cell119","SRR5960594","SAMN07545035","SRX3118479"
"KTN129","0cell","KTN1290cell330","SRR5960596","SAMN07545246","SRX3118477"
"KTN129","0cell","KTN1290cell444","SRR5960597","SAMN07545360","SRX3118476"
"KTN129","0cell","KTN1290cell323","SRR5960605","SAMN07545239","SRX3118468"
"KTN129","0cell","KTN1290cell47","SRR5960612","SAMN07544963","SRX3118461"
"KTN129","0cell","KTN1290cell46","SRR5960615","SAMN07544962","SRX3118458"
"KTN129","0cell","KTN1290cell42","SRR5960619","SAMN07544958","SRX3118454"
"KTN129","0cell","KTN1290cell431","SRR5960626","SAMN07545347","SRX3118947"
"KTN129","0cell","KTN1290cell434","SRR5960629","SAMN07545350","SRX3118944"
"KTN129","0cell","KTN1290cell252","SRR5960633","SAMN07545168","SRX3118940"
"KTN129","0cell","KTN1290cell254","SRR5960635","SAMN07545170","SRX3118938"
"KTN129","0cell","KTN1290cell255","SRR5960636","SAMN07545171","SRX3118937"
"KTN129","0cell","KTN1290cell257","SRR5960638","SAMN07545173","SRX3118935"
"KTN129","0cell","KTN1290cell259","SRR5960640","SAMN07545175","SRX3118933"
"KTN129","0cell","KTN1290cell92","SRR5960649","SAMN07545008","SRX3118924"
"KTN129","0cell","KTN1290cell95","SRR5960654","SAMN07545011","SRX3118919"
"KTN129","0cell","KTN1290cell100","SRR5960657","SAMN07545016","SRX3118916"
"KTN129","0cell","KTN1290cell471","SRR5960661","SAMN07545387","SRX3118912"
"KTN129","0cell","KTN1290cell472","SRR5960662","SAMN07545388","SRX3118911"
"KTN129","0cell","KTN1290cell476","SRR5960666","SAMN07545392","SRX3118907"
"KTN129","0cell","KTN1290cell478","SRR5960668","SAMN07545394","SRX3118905"
"KTN129","0cell","KTN1290cell374","SRR5960669","SAMN07545290","SRX3118904"
"KTN129","0cell","KTN1290cell458","SRR5960680","SAMN07545374","SRX3118893"
"KTN129","0cell","KTN1290cell80","SRR5960681","SAMN07544996","SRX3118892"
"KTN129","0cell","KTN1290cell78","SRR5960683","SAMN07544994","SRX3118890"
"KTN129","0cell","KTN1290cell75","SRR5960686","SAMN07544991","SRX3118887"
"KTN129","0cell","KTN1290cell117","SRR5960700","SAMN07545033","SRX3118873"
"KTN129","0cell","KTN1290cell189","SRR5960707","SAMN07545105","SRX3118866"
"KTN129","0cell","KTN1290cell184","SRR5960712","SAMN07545100","SRX3118861"
"KTN129","0cell","KTN1290cell185","SRR5960713","SAMN07545101","SRX3118860"
"KTN129","0cell","KTN1290cell209","SRR5960718","SAMN07545125","SRX3118855"
"KTN129","0cell","KTN1290cell202","SRR5960721","SAMN07545118","SRX3118852"
"KTN129","0cell","KTN1290cell338","SRR5960729","SAMN07545254","SRX3118844"
"KTN129","0cell","KTN1290cell34","SRR5960741","SAMN07544950","SRX3118832"
"KTN129","0cell","KTN1290cell31","SRR5960744","SAMN07544947","SRX3118829"
"KTN129","0cell","KTN1290cell10","SRR5960751","SAMN07544926","SRX3118822"
"KTN129","0cell","KTN1290cell460","SRR5960759","SAMN07545376","SRX3118814"
"KTN129","0cell","KTN1290cell383","SRR5960769","SAMN07545299","SRX3118804"
"KTN129","0cell","KTN1290cell246","SRR5960781","SAMN07545162","SRX3118792"
"KTN129","0cell","KTN1290cell242","SRR5960785","SAMN07545158","SRX3118788"
"KTN129","0cell","KTN1290cell161","SRR5960293","SAMN07545077","SRX3118780"
"KTN129","0cell","KTN1290cell169","SRR5960295","SAMN07545085","SRX3118778"
"KTN129","OPcell","KTN129OPcell17","SRR5960299","SAMN07545411","SRX3118774"
"KTN129","0cell","KTN1290cell84","SRR5960308","SAMN07545000","SRX3118765"
"KTN129","0cell","KTN1290cell85","SRR5960313","SAMN07545001","SRX3118760"
"KTN129","0cell","KTN1290cell464","SRR5960322","SAMN07545380","SRX3118751"
"KTN129","0cell","KTN1290cell350","SRR5960325","SAMN07545266","SRX3118748"
"KTN129","0cell","KTN1290cell69","SRR5960334","SAMN07544985","SRX3118739"
"KTN129","0cell","KTN1290cell62","SRR5960337","SAMN07544978","SRX3118736"
"KTN129","0cell","KTN1290cell67","SRR5960342","SAMN07544983","SRX3118731"
"KTN129","0cell","KTN1290cell284","SRR5960344","SAMN07545200","SRX3118729"
"KTN129","0cell","KTN1290cell286","SRR5960350","SAMN07545202","SRX3118723"
"KTN129","0cell","KTN1290cell128","SRR5960357","SAMN07545044","SRX3118716"
"KTN129","0cell","KTN1290cell197","SRR5960363","SAMN07545113","SRX3118710"
"KTN129","0cell","KTN1290cell192","SRR5960368","SAMN07545108","SRX3118705"
"KTN129","0cell","KTN1290cell191","SRR5960369","SAMN07545107","SRX3118704"
"KTN129","0cell","KTN1290cell231","SRR5960378","SAMN07545147","SRX3118695"
"KTN129","0cell","KTN1290cell305","SRR5960389","SAMN07545221","SRX3118684"
"KTN129","0cell","KTN1290cell306","SRR5960390","SAMN07545222","SRX3118683"
"KTN129","0cell","KTN1290cell25","SRR5960395","SAMN07544941","SRX3118678"
"KTN129","0cell","KTN1290cell149","SRR5960403","SAMN07545065","SRX3118670"
"KTN129","0cell","KTN1290cell417","SRR5960407","SAMN07545333","SRX3118666"
"KTN129","0cell","KTN1290cell392","SRR5960417","SAMN07545308","SRX3118656"
"KTN129","0cell","KTN1290cell391","SRR5960418","SAMN07545307","SRX3118655"
"KTN129","0cell","KTN1290cell273","SRR5960429","SAMN07545189","SRX3118644"
"KTN129","0cell","KTN1290cell271","SRR5960431","SAMN07545187","SRX3118642"
"KTN129","0cell","KTN1290cell177","SRR5960440","SAMN07545093","SRX3118633"
"KTN129","0cell","KTN1290cell172","SRR5960441","SAMN07545088","SRX3118632"
"KTN129","0cell","KTN1290cell174","SRR5960443","SAMN07545090","SRX3118630"
"KTN129","OPcell","KTN129OPcell5","SRR5960454","SAMN07545399","SRX3118619"
"KTN129","0cell","KTN1290cell282","SRR5960457","SAMN07545198","SRX3118616"
"KTN129","0cell","KTN1290cell453","SRR5960462","SAMN07545369","SRX3118611"
"KTN129","0cell","KTN1290cell358","SRR5960472","SAMN07545274","SRX3118601"
"KTN129","0cell","KTN1290cell51","SRR5960483","SAMN07544967","SRX3118590"
"KTN129","0cell","KTN1290cell138","SRR5960496","SAMN07545054","SRX3118577"
"KTN129","0cell","KTN1290cell421","SRR5960500","SAMN07545337","SRX3118573"
"KTN129","0cell","KTN1290cell230","SRR5960513","SAMN07545146","SRX3118560"
"KTN129","0cell","KTN1290cell144","SRR5960516","SAMN07545060","SRX3118557"
"KTN129","0cell","KTN1290cell430","SRR5960517","SAMN07545346","SRX3118556"
"KTN129","0cell","KTN1290cell429","SRR5960518","SAMN07545345","SRX3118555"
"KTN129","0cell","KTN1290cell312","SRR5960519","SAMN07545228","SRX3118554"
"KTN129","0cell","KTN1290cell317","SRR5960526","SAMN07545233","SRX3118547"
"KTN129","0cell","KTN1290cell319","SRR5960528","SAMN07545235","SRX3118545"
"KTN129","0cell","KTN1290cell18","SRR5960539","SAMN07544934","SRX3118534"
"KTN129","0cell","KTN1290cell366","SRR5960554","SAMN07545282","SRX3118519"
"KTN129","0cell","KTN1290cell363","SRR5960559","SAMN07545279","SRX3118514"
"KTN129","0cell","KTN1290cell370","SRR5960562","SAMN07545286","SRX3118511"
"KTN129","0cell","KTN1290cell269","SRR5960564","SAMN07545185","SRX3118509"
"KTN129","0cell","KTN1290cell101","SRR5960573","SAMN07545017","SRX3118500"
"KTN129","0cell","KTN1290cell104","SRR5960576","SAMN07545020","SRX3118497"
"KTN129","0cell","KTN1290cell110","SRR5960582","SAMN07545026","SRX3118491"
"KTN129","0cell","KTN1290cell213","SRR5960591","SAMN07545129","SRX3118482"
"KTN129","0cell","KTN1290cell329","SRR5960595","SAMN07545245","SRX3118478"
"KTN129","0cell","KTN1290cell443","SRR5960598","SAMN07545359","SRX3118475"
"KTN129","0cell","KTN1290cell446","SRR5960599","SAMN07545362","SRX3118474"
"KTN129","0cell","KTN1290cell114","SRR5960607","SAMN07545030","SRX3118466"
"KTN129","0cell","KTN1290cell327","SRR5960609","SAMN07545243","SRX3118464"
"KTN129","0cell","KTN1290cell300","SRR5960611","SAMN07545216","SRX3118462"
"KTN129","0cell","KTN1290cell49","SRR5960620","SAMN07544965","SRX3118453"
"KTN129","0cell","KTN1290cell50","SRR5960621","SAMN07544966","SRX3118452"
"KTN129","0cell","KTN1290cell251","SRR5960632","SAMN07545167","SRX3118941"
"KTN129","0cell","KTN1290cell153","SRR5960641","SAMN07545069","SRX3118932"
"KTN129","0cell","KTN1290cell156","SRR5960646","SAMN07545072","SRX3118927"
"KTN129","0cell","KTN1290cell325","SRR5960648","SAMN07545241","SRX3118925"
"KTN129","0cell","KTN1290cell91","SRR5960650","SAMN07545007","SRX3118923"
"KTN129","0cell","KTN1290cell93","SRR5960652","SAMN07545009","SRX3118921"
"KTN129","0cell","KTN1290cell99","SRR5960658","SAMN07545015","SRX3118915"
"KTN129","0cell","KTN1290cell473","SRR5960663","SAMN07545389","SRX3118910"
"KTN129","0cell","KTN1290cell475","SRR5960665","SAMN07545391","SRX3118908"
"KTN129","0cell","KTN1290cell371","SRR5960672","SAMN07545287","SRX3118901"
"KTN129","0cell","KTN1290cell375","SRR5960676","SAMN07545291","SRX3118897"
"KTN129","OPcell","KTN129OPcell379","SRR5967965","SAMN07553116","SRX3125626"
"KTN129","OPcell","KTN129OPcell213","SRR5967971","SAMN07552950","SRX3125620"
"KTN129","OPcell","KTN129OPcell69","SRR5967982","SAMN07552806","SRX3125609"
"KTN129","OPcell","KTN129OPcell66","SRR5967985","SAMN07552803","SRX3125606"
"KTN129","OPcell","KTN129OPcell302","SRR5967989","SAMN07553039","SRX3125602"
"KTN129","OPcell","KTN129OPcell296","SRR5967991","SAMN07553033","SRX3125600"
"KTN129","OPcell","KTN129OPcell293","SRR5967994","SAMN07553030","SRX3125597"
"KTN129","OPcell","KTN129OPcell298","SRR5967997","SAMN07553035","SRX3125594"
"KTN129","OPcell","KTN129OPcell297","SRR5967998","SAMN07553034","SRX3125593"
"KTN129","OPcell","KTN129OPcell91","SRR5968000","SAMN07552828","SRX3125591"
"KTN129","OPcell","KTN129OPcell331","SRR5968022","SAMN07553068","SRX3125569"
"KTN129","OPcell","KTN129OPcell256","SRR5968031","SAMN07552993","SRX3125560"
"KTN129","OPcell","KTN129OPcell139","SRR5968040","SAMN07552876","SRX3125551"
"KTN129","OPcell","KTN129OPcell368","SRR5968048","SAMN07553105","SRX3125543"
"KTN129","OPcell","KTN129OPcell367","SRR5968049","SAMN07553104","SRX3125542"
"KTN129","OPcell","KTN129OPcell203","SRR5968059","SAMN07552940","SRX3125532"
"KTN129","OPcell","KTN129OPcell206","SRR5968060","SAMN07552943","SRX3125531"
"KTN129","OPcell","KTN129OPcell80","SRR5968069","SAMN07552817","SRX3125522"
"KTN129","OPcell","KTN129OPcell270","SRR5968077","SAMN07553007","SRX3125514"
"KTN129","OPcell","KTN129OPcell264","SRR5968083","SAMN07553001","SRX3125508"
"KTN129","OPcell","KTN129OPcell115","SRR5968086","SAMN07552852","SRX3125505"
"KTN129","OPcell","KTN129OPcell116","SRR5968087","SAMN07552853","SRX3125504"
"KTN129","OPcell","KTN129OPcell167","SRR5968097","SAMN07552904","SRX3125494"
"KTN129","OPcell","KTN129OPcell170","SRR5968098","SAMN07552907","SRX3125493"
"KTN129","OPcell","KTN129OPcell33","SRR5968110","SAMN07552770","SRX3125481"
"KTN129","OPcell","KTN129OPcell40","SRR5968113","SAMN07552777","SRX3125478"
"KTN129","OPcell","KTN129OPcell38","SRR5968115","SAMN07552775","SRX3125476"
"KTN129","OPcell","KTN129OPcell42","SRR5968117","SAMN07552779","SRX3125474"
"KTN129","OPcell","KTN129OPcell362","SRR5968120","SAMN07553099","SRX3125471"
"KTN129","OPcell","KTN129OPcell353","SRR5968127","SAMN07553090","SRX3125464"
"KTN129","OPcell","KTN129OPcell232","SRR5968132","SAMN07552969","SRX3125459"
"KTN129","OPcell","KTN129OPcell229","SRR5968137","SAMN07552966","SRX3125454"
"KTN129","OPcell","KTN129OPcell124","SRR5968141","SAMN07552861","SRX3125450"
"KTN129","OPcell","KTN129OPcell127","SRR5968146","SAMN07552864","SRX3125445"
"KTN129","OPcell","KTN129OPcell23","SRR5968153","SAMN07552760","SRX3125438"
"KTN129","OPcell","KTN129OPcell29","SRR5968155","SAMN07552766","SRX3125436"
"KTN129","OPcell","KTN129OPcell28","SRR5968158","SAMN07552765","SRX3125433"
"KTN129","OPcell","KTN129OPcell396","SRR5968162","SAMN07553133","SRX3125429"
"KTN129","OPcell","KTN129OPcell394","SRR5968164","SAMN07553131","SRX3125427"
"KTN129","OPcell","KTN129OPcell197","SRR5968171","SAMN07552934","SRX3125420"
"KTN129","OPcell","KTN129OPcell202","SRR5968180","SAMN07552939","SRX3125411"
"KTN129","OPcell","KTN129OPcell43","SRR5968187","SAMN07552780","SRX3125404"
"KTN129","OPcell","KTN129OPcell277","SRR5968196","SAMN07553014","SRX3125395"
"KTN129","OPcell","KTN129OPcell282","SRR5968203","SAMN07553019","SRX3125388"
"KTN129","OPcell","KTN129OPcell373","SRR5968205","SAMN07553110","SRX3125386"
"KTN129","OPcell","KTN129OPcell97","SRR5968211","SAMN07552834","SRX3125380"
"KTN129","OPcell","KTN129OPcell155","SRR5968217","SAMN07552892","SRX3125374"
"KTN129","OPcell","KTN129OPcell156","SRR5968218","SAMN07552893","SRX3125373"
"KTN129","OPcell","KTN129OPcell157","SRR5968219","SAMN07552894","SRX3125372"
"KTN129","OPcell","KTN129OPcell158","SRR5968220","SAMN07552895","SRX3125371"
"KTN129","OPcell","KTN129OPcell103","SRR5968224","SAMN07552840","SRX3125367"
"KTN129","OPcell","KTN129OPcell308","SRR5968232","SAMN07553045","SRX3125359"
"KTN129","OPcell","KTN129OPcell347","SRR5968234","SAMN07553084","SRX3125357"
"KTN129","OPcell","KTN129OPcell350","SRR5968235","SAMN07553087","SRX3125356"
"KTN129","OPcell","KTN129OPcell312","SRR5968236","SAMN07553049","SRX3125355"
"KTN129","OPcell","KTN129OPcell343","SRR5968238","SAMN07553080","SRX3125353"
"KTN129","OPcell","KTN129OPcell94","SRR5968242","SAMN07552831","SRX3125349"
"KTN129","OPcell","KTN129OPcell237","SRR5968250","SAMN07552974","SRX3125341"
"KTN129","OPcell","KTN129OPcell288","SRR5968258","SAMN07553025","SRX3125333"
"KTN129","OPcell","KTN129OPcell289","SRR5968259","SAMN07553026","SRX3125332"
"KTN129","OPcell","KTN129OPcell290","SRR5968260","SAMN07553027","SRX3125331"
"KTN129","OPcell","KTN129OPcell283","SRR5968261","SAMN07553020","SRX3125330"
"KTN129","OPcell","KTN129OPcell383","SRR5968266","SAMN07553120","SRX3125325"
"KTN129","OPcell","KTN129OPcell392","SRR5968273","SAMN07553129","SRX3125318"
"KTN129","OPcell","KTN129OPcell108","SRR5968277","SAMN07552845","SRX3125314"
"KTN129","OPcell","KTN129OPcell107","SRR5968278","SAMN07552844","SRX3125313"
"KTN129","OPcell","KTN129OPcell186","SRR5968281","SAMN07552923","SRX3125310"
"KTN129","OPcell","KTN129OPcell57","SRR5968291","SAMN07552794","SRX3125300"
"KTN129","OPcell","KTN129OPcell59","SRR5968293","SAMN07552796","SRX3125298"
"KTN129","OPcell","KTN129OPcell53","SRR5968295","SAMN07552790","SRX3125296"
"KTN129","OPcell","KTN129OPcell338","SRR5968302","SAMN07553075","SRX3125674"
"KTN129","OPcell","KTN129OPcell333","SRR5968305","SAMN07553070","SRX3125671"
"KTN129","OPcell","KTN129OPcell244","SRR5968312","SAMN07552981","SRX3125664"
"KTN129","OPcell","KTN129OPcell246","SRR5968314","SAMN07552983","SRX3125662"
"KTN129","OPcell","KTN129OPcell249","SRR5968317","SAMN07552986","SRX3125659"
"KTN129","OPcell","KTN129OPcell407","SRR5968323","SAMN07553144","SRX3125653"
"KTN129","OPcell","KTN129OPcell351","SRR5968325","SAMN07553088","SRX3125651"
"KTN129","OPcell","KTN129OPcell321","SRR5968345","SAMN07553058","SRX3125631"
"KTN129","OPcell","KTN129OPcell378","SRR5968349","SAMN07553115","SRX3125627"
"KTN129","0cell","KTN1290cell380","SRR5960677","SAMN07545296","SRX3118896"
"KTN129","0cell","KTN1290cell457","SRR5960679","SAMN07545373","SRX3118894"
"KTN129","0cell","KTN1290cell76","SRR5960685","SAMN07544992","SRX3118888"
"KTN129","0cell","KTN1290cell297","SRR5960693","SAMN07545213","SRX3118880"
"KTN129","0cell","KTN1290cell298","SRR5960694","SAMN07545214","SRX3118879"
"KTN129","0cell","KTN1290cell204","SRR5960719","SAMN07545120","SRX3118854"
"KTN129","0cell","KTN1290cell203","SRR5960720","SAMN07545119","SRX3118853"
"KTN129","0cell","KTN1290cell208","SRR5960723","SAMN07545124","SRX3118850"
"KTN129","0cell","KTN1290cell335","SRR5960732","SAMN07545251","SRX3118841"
"KTN129","0cell","KTN1290cell333","SRR5960734","SAMN07545249","SRX3118839"
"KTN129","0cell","KTN1290cell340","SRR5960737","SAMN07545256","SRX3118836"
"KTN129","0cell","KTN1290cell339","SRR5960738","SAMN07545255","SRX3118835"
"KTN129","0cell","KTN1290cell154","SRR5960739","SAMN07545070","SRX3118834"
"KTN129","0cell","KTN1290cell32","SRR5960743","SAMN07544948","SRX3118830"
"KTN129","0cell","KTN1290cell40","SRR5960749","SAMN07544956","SRX3118824"
"KTN129","0cell","KTN1290cell2","SRR5960755","SAMN07544918","SRX3118818"
"KTN129","0cell","KTN1290cell7","SRR5960758","SAMN07544923","SRX3118815"
"KTN129","0cell","KTN1290cell390","SRR5960764","SAMN07545306","SRX3118809"
"KTN129","0cell","KTN1290cell427","SRR5960766","SAMN07545343","SRX3118807"
"KTN129","0cell","KTN1290cell426","SRR5960767","SAMN07545342","SRX3118806"
"KTN129","0cell","KTN1290cell425","SRR5960768","SAMN07545341","SRX3118805"
"KTN129","0cell","KTN1290cell250","SRR5960777","SAMN07545166","SRX3118796"
"KTN129","OPcell","KTN129OPcell219","SRR5967973","SAMN07552956","SRX3125618"
"KTN129","OPcell","KTN129OPcell220","SRR5967974","SAMN07552957","SRX3125617"
"KTN129","OPcell","KTN129OPcell217","SRR5967975","SAMN07552954","SRX3125616"
"KTN129","OPcell","KTN129OPcell71","SRR5967978","SAMN07552808","SRX3125613"
"KTN129","OPcell","KTN129OPcell67","SRR5967980","SAMN07552804","SRX3125611"
"KTN129","OPcell","KTN129OPcell63","SRR5967984","SAMN07552800","SRX3125607"
"KTN129","OPcell","KTN129OPcell85","SRR5967987","SAMN07552822","SRX3125604"
"KTN129","OPcell","KTN129OPcell295","SRR5967992","SAMN07553032","SRX3125599"
"KTN129","OPcell","KTN129OPcell122","SRR5968002","SAMN07552859","SRX3125589"
"KTN129","OPcell","KTN129OPcell181","SRR5968003","SAMN07552918","SRX3125588"
"KTN129","OPcell","KTN129OPcell173","SRR5968011","SAMN07552910","SRX3125580"
"KTN129","OPcell","KTN129OPcell326","SRR5968013","SAMN07553063","SRX3125578"
"KTN129","OPcell","KTN129OPcell330","SRR5968017","SAMN07553067","SRX3125574"
"KTN129","OPcell","KTN129OPcell327","SRR5968020","SAMN07553064","SRX3125571"
"KTN129","OPcell","KTN129OPcell255","SRR5968032","SAMN07552992","SRX3125559"
"KTN129","OPcell","KTN129OPcell254","SRR5968033","SAMN07552991","SRX3125558"
"KTN129","OPcell","KTN129OPcell136","SRR5968037","SAMN07552873","SRX3125554"
"KTN129","OPcell","KTN129OPcell140","SRR5968041","SAMN07552877","SRX3125550"
"KTN129","OPcell","KTN129OPcell138","SRR5968043","SAMN07552875","SRX3125548"
"KTN129","OPcell","KTN129OPcell142","SRR5968045","SAMN07552879","SRX3125546"
"KTN129","OPcell","KTN129OPcell365","SRR5968051","SAMN07553102","SRX3125540"
"KTN129","OPcell","KTN129OPcell363","SRR5968053","SAMN07553100","SRX3125538"
"KTN129","OPcell","KTN129OPcell207","SRR5968063","SAMN07552944","SRX3125528"
"KTN129","OPcell","KTN129OPcell76","SRR5968073","SAMN07552813","SRX3125518"
"KTN129","OPcell","KTN129OPcell73","SRR5968074","SAMN07552810","SRX3125517"
"KTN129","OPcell","KTN129OPcell266","SRR5968081","SAMN07553003","SRX3125510"
"KTN129","OPcell","KTN129OPcell84","SRR5968094","SAMN07552821","SRX3125497"
"KTN129","OPcell","KTN129OPcell120","SRR5968104","SAMN07552857","SRX3125487"
"KTN129","OPcell","KTN129OPcell117","SRR5968106","SAMN07552854","SRX3125485"
"KTN129","OPcell","KTN129OPcell118","SRR5968107","SAMN07552855","SRX3125484"
"KTN129","OPcell","KTN129OPcell35","SRR5968108","SAMN07552772","SRX3125483"
"KTN129","OPcell","KTN129OPcell36","SRR5968109","SAMN07552773","SRX3125482"
"KTN129","OPcell","KTN129OPcell37","SRR5968114","SAMN07552774","SRX3125477"
"KTN129","OPcell","KTN129OPcell360","SRR5968122","SAMN07553097","SRX3125469"
"KTN129","OPcell","KTN129OPcell358","SRR5968124","SAMN07553095","SRX3125467"
"KTN129","OPcell","KTN129OPcell225","SRR5968133","SAMN07552962","SRX3125458"
"KTN129","OPcell","KTN129OPcell123","SRR5968142","SAMN07552860","SRX3125449"
"KTN129","OPcell","KTN129OPcell125","SRR5968144","SAMN07552862","SRX3125447"
"KTN129","OPcell","KTN129OPcell131","SRR5968150","SAMN07552868","SRX3125441"
"KTN129","OPcell","KTN129OPcell398","SRR5968168","SAMN07553135","SRX3125423"
"KTN129","OPcell","KTN129OPcell194","SRR5968176","SAMN07552931","SRX3125415"
"KTN129","OPcell","KTN129OPcell52","SRR5968181","SAMN07552789","SRX3125410"
"KTN129","OPcell","KTN129OPcell49","SRR5968189","SAMN07552786","SRX3125402"
"KTN129","OPcell","KTN129OPcell95","SRR5968209","SAMN07552832","SRX3125382"
"KTN129","OPcell","KTN129OPcell305","SRR5968225","SAMN07553042","SRX3125366"
"KTN129","OPcell","KTN129OPcell346","SRR5968239","SAMN07553083","SRX3125352"
"KTN129","OPcell","KTN129OPcell93","SRR5968241","SAMN07552830","SRX3125350"
"KTN129","OPcell","KTN129OPcell233","SRR5968246","SAMN07552970","SRX3125345"
"KTN129","OPcell","KTN129OPcell235","SRR5968248","SAMN07552972","SRX3125343"
"KTN129","OPcell","KTN129OPcell238","SRR5968249","SAMN07552975","SRX3125342"
"KTN129","OPcell","KTN129OPcell292","SRR5968256","SAMN07553029","SRX3125335"
"KTN129","OPcell","KTN129OPcell287","SRR5968257","SAMN07553024","SRX3125334"
"KTN129","OPcell","KTN129OPcell285","SRR5968263","SAMN07553022","SRX3125328"
"KTN129","OPcell","KTN129OPcell389","SRR5968272","SAMN07553126","SRX3125319"
"KTN129","OPcell","KTN129OPcell105","SRR5968276","SAMN07552842","SRX3125315"
"KTN129","OPcell","KTN129OPcell109","SRR5968280","SAMN07552846","SRX3125311"
"KTN129","OPcell","KTN129OPcell60","SRR5968294","SAMN07552797","SRX3125297"
"KTN129","OPcell","KTN129OPcell54","SRR5968296","SAMN07552791","SRX3125295"
"KTN129","OPcell","KTN129OPcell62","SRR5968300","SAMN07552799","SRX3125291"
"KTN129","OPcell","KTN129OPcell335","SRR5968307","SAMN07553072","SRX3125669"
"KTN129","OPcell","KTN129OPcell243","SRR5968311","SAMN07552980","SRX3125665"
"KTN129","OPcell","KTN129OPcell247","SRR5968315","SAMN07552984","SRX3125661"
"KTN129","OPcell","KTN129OPcell352","SRR5968324","SAMN07553089","SRX3125652"
"KTN129","OPcell","KTN129OPcell152","SRR5968334","SAMN07552889","SRX3125642"
"KTN129","OPcell","KTN129OPcell151","SRR5968335","SAMN07552888","SRX3125641"
"KTN129","OPcell","KTN129OPcell316","SRR5968338","SAMN07553053","SRX3125638"
"KTN129","OPcell","KTN129OPcell376","SRR5968347","SAMN07553113","SRX3125629"
"KTN129","0cell","KTN1290cell167","SRR5960287","SAMN07545083","SRX3118786"
"KTN129","0cell","KTN1290cell164","SRR5960292","SAMN07545080","SRX3118781"
"KTN129","OPcell","KTN129OPcell20","SRR5960298","SAMN07545414","SRX3118775"
"KTN129","OPcell","KTN129OPcell16","SRR5960302","SAMN07545410","SRX3118771"
"KTN129","0cell","KTN1290cell81","SRR5960309","SAMN07544997","SRX3118764"
"KTN129","0cell","KTN1290cell88","SRR5960312","SAMN07545004","SRX3118761"
"KTN129","0cell","KTN1290cell463","SRR5960323","SAMN07545379","SRX3118750"
"KTN129","0cell","KTN1290cell345","SRR5960328","SAMN07545261","SRX3118745"
"KTN129","0cell","KTN1290cell346","SRR5960329","SAMN07545262","SRX3118744"
"KTN129","0cell","KTN1290cell343","SRR5960330","SAMN07545259","SRX3118743"
"KTN129","0cell","KTN1290cell344","SRR5960331","SAMN07545260","SRX3118742"
"KTN129","0cell","KTN1290cell70","SRR5960335","SAMN07544986","SRX3118738"
"KTN129","0cell","KTN1290cell65","SRR5960340","SAMN07544981","SRX3118733"
"KTN129","0cell","KTN1290cell66","SRR5960341","SAMN07544982","SRX3118732"
"KTN129","0cell","KTN1290cell68","SRR5960343","SAMN07544984","SRX3118730"
"KTN129","0cell","KTN1290cell129","SRR5960346","SAMN07545045","SRX3118727"
"KTN129","0cell","KTN1290cell287","SRR5960349","SAMN07545203","SRX3118724"
"KTN129","0cell","KTN1290cell285","SRR5960351","SAMN07545201","SRX3118722"
"KTN129","0cell","KTN1290cell122","SRR5960355","SAMN07545038","SRX3118718"
"KTN129","0cell","KTN1290cell127","SRR5960356","SAMN07545043","SRX3118717"
"KTN129","0cell","KTN1290cell125","SRR5960358","SAMN07545041","SRX3118715"
"KTN129","0cell","KTN1290cell462","SRR5960360","SAMN07545378","SRX3118713"
"KTN129","0cell","KTN1290cell196","SRR5960364","SAMN07545112","SRX3118709"
"KTN129","0cell","KTN1290cell237","SRR5960372","SAMN07545153","SRX3118701"
"KTN129","0cell","KTN1290cell234","SRR5960377","SAMN07545150","SRX3118696"
"KTN129","0cell","KTN1290cell240","SRR5960382","SAMN07545156","SRX3118691"
"KTN129","0cell","KTN1290cell307","SRR5960387","SAMN07545223","SRX3118686"
"KTN129","0cell","KTN1290cell308","SRR5960388","SAMN07545224","SRX3118685"
"KTN129","0cell","KTN1290cell29","SRR5960393","SAMN07544945","SRX3118680"
"KTN129","0cell","KTN1290cell30","SRR5960394","SAMN07544946","SRX3118679"
"KTN129","0cell","KTN1290cell21","SRR5960399","SAMN07544937","SRX3118674"
"KTN129","0cell","KTN1290cell419","SRR5960405","SAMN07545335","SRX3118668"
"KTN129","0cell","KTN1290cell415","SRR5960409","SAMN07545331","SRX3118664"
"KTN129","0cell","KTN1290cell416","SRR5960410","SAMN07545332","SRX3118663"
"KTN129","0cell","KTN1290cell399","SRR5960416","SAMN07545315","SRX3118657"
"KTN129","0cell","KTN1290cell278","SRR5960434","SAMN07545194","SRX3118639"
"KTN129","0cell","KTN1290cell276","SRR5960436","SAMN07545192","SRX3118637"
"KTN129","0cell","KTN1290cell175","SRR5960438","SAMN07545091","SRX3118635"
"KTN129","0cell","KTN1290cell180","SRR5960445","SAMN07545096","SRX3118628"
"KTN129","0cell","KTN1290cell179","SRR5960446","SAMN07545095","SRX3118627"
"KTN129","OPcell","KTN129OPcell6","SRR5960453","SAMN07545400","SRX3118620"
"KTN129","0cell","KTN1290cell130","SRR5960458","SAMN07545046","SRX3118615"
"KTN129","0cell","KTN1290cell469","SRR5960459","SAMN07545385","SRX3118614"
"KTN129","0cell","KTN1290cell289","SRR5960461","SAMN07545205","SRX3118612"
"KTN129","0cell","KTN1290cell454","SRR5960463","SAMN07545370","SRX3118610"
"KTN129","0cell","KTN1290cell452","SRR5960465","SAMN07545368","SRX3118608"
"KTN129","0cell","KTN1290cell455","SRR5960468","SAMN07545371","SRX3118605"
"KTN129","0cell","KTN1290cell456","SRR5960469","SAMN07545372","SRX3118604"
"KTN129","0cell","KTN1290cell54","SRR5960484","SAMN07544970","SRX3118589"
"KTN129","0cell","KTN1290cell225","SRR5960502","SAMN07545141","SRX3118571"
"KTN129","0cell","KTN1290cell228","SRR5960503","SAMN07545144","SRX3118570"
"KTN129","0cell","KTN1290cell222","SRR5960505","SAMN07545138","SRX3118568"
"KTN129","0cell","KTN1290cell221","SRR5960506","SAMN07545137","SRX3118567"
"KTN129","0cell","KTN1290cell145","SRR5960509","SAMN07545061","SRX3118564"
"KTN129","0cell","KTN1290cell229","SRR5960514","SAMN07545145","SRX3118559"
"KTN129","0cell","KTN1290cell316","SRR5960523","SAMN07545232","SRX3118550"
"KTN129","0cell","KTN1290cell315","SRR5960524","SAMN07545231","SRX3118549"
"KTN129","0cell","KTN1290cell320","SRR5960527","SAMN07545236","SRX3118546"
"KTN129","0cell","KTN1290cell441","SRR5960529","SAMN07545357","SRX3118544"
"KTN129","0cell","KTN1290cell13","SRR5960536","SAMN07544929","SRX3118537"
"KTN129","0cell","KTN1290cell16","SRR5960537","SAMN07544932","SRX3118536"
"KTN129","0cell","KTN1290cell410","SRR5960543","SAMN07545326","SRX3118530"
"KTN129","0cell","KTN1290cell407","SRR5960548","SAMN07545323","SRX3118525"
"KTN129","0cell","KTN1290cell365","SRR5960553","SAMN07545281","SRX3118520"
"KTN129","0cell","KTN1290cell368","SRR5960556","SAMN07545284","SRX3118517"
"KTN129","0cell","KTN1290cell364","SRR5960560","SAMN07545280","SRX3118513"
"KTN129","0cell","KTN1290cell102","SRR5960574","SAMN07545018","SRX3118499"
"KTN129","0cell","KTN1290cell103","SRR5960575","SAMN07545019","SRX3118498"
"KTN129","0cell","KTN1290cell107","SRR5960579","SAMN07545023","SRX3118494"
"KTN129","0cell","KTN1290cell326","SRR5960608","SAMN07545242","SRX3118465"
"KTN129","0cell","KTN1290cell45","SRR5960614","SAMN07544961","SRX3118459"
"KTN129","0cell","KTN1290cell44","SRR5960617","SAMN07544960","SRX3118456"
"KTN129","0cell","KTN1290cell41","SRR5960618","SAMN07544957","SRX3118455"
"KTN129","0cell","KTN1290cell438","SRR5960625","SAMN07545354","SRX3118948"
"KTN129","0cell","KTN1290cell432","SRR5960627","SAMN07545348","SRX3118946"
"KTN129","0cell","KTN1290cell433","SRR5960628","SAMN07545349","SRX3118945"
"KTN129","0cell","KTN1290cell258","SRR5960639","SAMN07545174","SRX3118934"
"KTN129","0cell","KTN1290cell157","SRR5960645","SAMN07545073","SRX3118928"
"KTN129","OPcell","KTN129OPcell2","SRR5960660","SAMN07545396","SRX3118913"
"KTN129","0cell","KTN1290cell373","SRR5960670","SAMN07545289","SRX3118903"
"KTN129","0cell","KTN1290cell377","SRR5960674","SAMN07545293","SRX3118899"
"KTN129","0cell","KTN1290cell79","SRR5960682","SAMN07544995","SRX3118891"
"KTN129","0cell","KTN1290cell295","SRR5960691","SAMN07545211","SRX3118882"
"KTN129","0cell","KTN1290cell296","SRR5960692","SAMN07545212","SRX3118881"
"KTN129","0cell","KTN1290cell293","SRR5960697","SAMN07545209","SRX3118876"
"KTN129","0cell","KTN1290cell118","SRR5960699","SAMN07545034","SRX3118874"
"KTN129","0cell","KTN1290cell182","SRR5960710","SAMN07545098","SRX3118863"
"KTN129","0cell","KTN1290cell187","SRR5960715","SAMN07545103","SRX3118858"
"KTN129","0cell","KTN1290cell201","SRR5960722","SAMN07545117","SRX3118851"
"KTN129","0cell","KTN1290cell38","SRR5960745","SAMN07544954","SRX3118828"
"KTN129","0cell","KTN1290cell35","SRR5960748","SAMN07544951","SRX3118825"
"KTN129","0cell","KTN1290cell39","SRR5960750","SAMN07544955","SRX3118823"
"KTN129","0cell","KTN1290cell8","SRR5960757","SAMN07544924","SRX3118816"
"KTN129","0cell","KTN1290cell384","SRR5960770","SAMN07545300","SRX3118803"
"KTN129","0cell","KTN1290cell382","SRR5960772","SAMN07545298","SRX3118801"
"KTN129","0cell","KTN1290cell249","SRR5960778","SAMN07545165","SRX3118795"
"KTN129","0cell","KTN1290cell247","SRR5960780","SAMN07545163","SRX3118793"
"KTN129","0cell","KTN1290cell245","SRR5960782","SAMN07545161","SRX3118791"
"KTN129","OPcell","KTN129OPcell215","SRR5967969","SAMN07552952","SRX3125622"
"KTN129","OPcell","KTN129OPcell214","SRR5967972","SAMN07552951","SRX3125619"
"KTN129","OPcell","KTN129OPcell86","SRR5967988","SAMN07552823","SRX3125603"
"KTN129","OPcell","KTN129OPcell294","SRR5967993","SAMN07553031","SRX3125598"
"KTN129","OPcell","KTN129OPcell299","SRR5967996","SAMN07553036","SRX3125595"
"KTN129","OPcell","KTN129OPcell177","SRR5968007","SAMN07552914","SRX3125584"
"KTN129","OPcell","KTN129OPcell178","SRR5968008","SAMN07552915","SRX3125583"
"KTN129","OPcell","KTN129OPcell176","SRR5968010","SAMN07552913","SRX3125581"
"KTN129","OPcell","KTN129OPcell324","SRR5968015","SAMN07553061","SRX3125576"
"KTN129","OPcell","KTN129OPcell323","SRR5968016","SAMN07553060","SRX3125575"
"KTN129","OPcell","KTN129OPcell261","SRR5968026","SAMN07552998","SRX3125565"
"KTN129","OPcell","KTN129OPcell260","SRR5968027","SAMN07552997","SRX3125564"
"KTN129","OPcell","KTN129OPcell259","SRR5968028","SAMN07552996","SRX3125563"
"KTN129","OPcell","KTN129OPcell257","SRR5968030","SAMN07552994","SRX3125561"
"KTN129","OPcell","KTN129OPcell114","SRR5968035","SAMN07552851","SRX3125556"
"KTN129","OPcell","KTN129OPcell135","SRR5968036","SAMN07552872","SRX3125555"
"KTN129","OPcell","KTN129OPcell366","SRR5968050","SAMN07553103","SRX3125541"
"KTN129","OPcell","KTN129OPcell212","SRR5968056","SAMN07552949","SRX3125535"
"KTN129","OPcell","KTN129OPcell211","SRR5968057","SAMN07552948","SRX3125534"
"KTN129","OPcell","KTN129OPcell205","SRR5968061","SAMN07552942","SRX3125530"
"KTN129","OPcell","KTN129OPcell209","SRR5968065","SAMN07552946","SRX3125526"
"KTN129","OPcell","KTN129OPcell77","SRR5968070","SAMN07552814","SRX3125521"
"KTN129","OPcell","KTN129OPcell269","SRR5968076","SAMN07553006","SRX3125515"
"KTN129","OPcell","KTN129OPcell267","SRR5968078","SAMN07553004","SRX3125513"
"KTN129","OPcell","KTN129OPcell268","SRR5968079","SAMN07553005","SRX3125512"
"KTN129","OPcell","KTN129OPcell265","SRR5968080","SAMN07553002","SRX3125511"
"KTN129","OPcell","KTN129OPcell263","SRR5968082","SAMN07553000","SRX3125509"
"KTN129","OPcell","KTN129OPcell271","SRR5968084","SAMN07553008","SRX3125507"
"KTN129","OPcell","KTN129OPcell89","SRR5968089","SAMN07552826","SRX3125502"
"KTN129","OPcell","KTN129OPcell87","SRR5968091","SAMN07552824","SRX3125500"
"KTN129","OPcell","KTN129OPcell169","SRR5968099","SAMN07552906","SRX3125492"
"KTN129","OPcell","KTN129OPcell113","SRR5968105","SAMN07552850","SRX3125486"
"KTN129","OPcell","KTN129OPcell34","SRR5968111","SAMN07552771","SRX3125480"
"KTN129","OPcell","KTN129OPcell41","SRR5968116","SAMN07552778","SRX3125475"
"KTN129","OPcell","KTN129OPcell359","SRR5968121","SAMN07553096","SRX3125470"
"KTN129","OPcell","KTN129OPcell355","SRR5968125","SAMN07553092","SRX3125466"
"KTN129","OPcell","KTN129OPcell354","SRR5968128","SAMN07553091","SRX3125463"
"KTN129","OPcell","KTN129OPcell119","SRR5968129","SAMN07552856","SRX3125462"
"KTN129","OPcell","KTN129OPcell112","SRR5968130","SAMN07552849","SRX3125461"
"KTN129","OPcell","KTN129OPcell230","SRR5968138","SAMN07552967","SRX3125453"
"KTN129","OPcell","KTN129OPcell228","SRR5968140","SAMN07552965","SRX3125451"
"KTN129","OPcell","KTN129OPcell128","SRR5968145","SAMN07552865","SRX3125446"
"KTN129","OPcell","KTN129OPcell130","SRR5968147","SAMN07552867","SRX3125444"
"KTN129","OPcell","KTN129OPcell129","SRR5968148","SAMN07552866","SRX3125443"
"KTN129","OPcell","KTN129OPcell132","SRR5968149","SAMN07552869","SRX3125442"
"KTN129","OPcell","KTN129OPcell393","SRR5968163","SAMN07553130","SRX3125428"
"KTN129","OPcell","KTN129OPcell400","SRR5968166","SAMN07553137","SRX3125425"
"KTN129","OPcell","KTN129OPcell397","SRR5968167","SAMN07553134","SRX3125424"
"KTN129","OPcell","KTN129OPcell193","SRR5968175","SAMN07552930","SRX3125416"
"KTN129","OPcell","KTN129OPcell195","SRR5968177","SAMN07552932","SRX3125414"
"KTN129","OPcell","KTN129OPcell196","SRR5968178","SAMN07552933","SRX3125413"
"KTN129","OPcell","KTN129OPcell45","SRR5968185","SAMN07552782","SRX3125406"
"KTN129","OPcell","KTN129OPcell44","SRR5968186","SAMN07552781","SRX3125405"
"KTN129","OPcell","KTN129OPcell50","SRR5968188","SAMN07552787","SRX3125403"
"KTN129","OPcell","KTN129OPcell382","SRR5968193","SAMN07553119","SRX3125398"
"KTN129","OPcell","KTN129OPcell273","SRR5968200","SAMN07553010","SRX3125391"
"KTN129","OPcell","KTN129OPcell281","SRR5968204","SAMN07553018","SRX3125387"
"KTN129","OPcell","KTN129OPcell161","SRR5968207","SAMN07552898","SRX3125384"
"KTN129","OPcell","KTN129OPcell159","SRR5968221","SAMN07552896","SRX3125370"
"KTN129","OPcell","KTN129OPcell160","SRR5968222","SAMN07552897","SRX3125369"
"KTN129","OPcell","KTN129OPcell303","SRR5968227","SAMN07553040","SRX3125364"
"KTN129","OPcell","KTN129OPcell234","SRR5968245","SAMN07552971","SRX3125346"
"KTN129","OPcell","KTN129OPcell236","SRR5968247","SAMN07552973","SRX3125344"
"KTN129","OPcell","KTN129OPcell239","SRR5968252","SAMN07552976","SRX3125339"
"KTN129","OPcell","KTN129OPcell102","SRR5968254","SAMN07552839","SRX3125337"
"KTN129","OPcell","KTN129OPcell384","SRR5968265","SAMN07553121","SRX3125326"
"KTN129","OPcell","KTN129OPcell391","SRR5968274","SAMN07553128","SRX3125317"
"KTN129","OPcell","KTN129OPcell189","SRR5968286","SAMN07552926","SRX3125305"
"KTN129","OPcell","KTN129OPcell187","SRR5968288","SAMN07552924","SRX3125303"
"KTN129","OPcell","KTN129OPcell340","SRR5968304","SAMN07553077","SRX3125672"
"KTN129","OPcell","KTN129OPcell248","SRR5968316","SAMN07552985","SRX3125660"
"KTN129","OPcell","KTN129OPcell406","SRR5968319","SAMN07553143","SRX3125657"
"KTN129","OPcell","KTN129OPcell405","SRR5968320","SAMN07553142","SRX3125656"
"KTN129","OPcell","KTN129OPcell403","SRR5968322","SAMN07553140","SRX3125654"
"KTN129","OPcell","KTN129OPcell311","SRR5968326","SAMN07553048","SRX3125650"
"KTN129","OPcell","KTN129OPcell149","SRR5968327","SAMN07552886","SRX3125649"
"KTN129","OPcell","KTN129OPcell146","SRR5968330","SAMN07552883","SRX3125646"
"KTN129","OPcell","KTN129OPcell381","SRR5968336","SAMN07553118","SRX3125640"
"KTN129","OPcell","KTN129OPcell320","SRR5968342","SAMN07553057","SRX3125634"
"KTN129","0cell","KTN1290cell170","SRR5960296","SAMN07545086","SRX3118777"
"KTN129","OPcell","KTN129OPcell15","SRR5960301","SAMN07545409","SRX3118772"
"KTN129","0cell","KTN1290cell83","SRR5960307","SAMN07544999","SRX3118766"
"KTN129","0cell","KTN1290cell86","SRR5960314","SAMN07545002","SRX3118759"
"KTN129","0cell","KTN1290cell467","SRR5960319","SAMN07545383","SRX3118754"
"KTN129","0cell","KTN1290cell348","SRR5960327","SAMN07545264","SRX3118746"
"KTN129","0cell","KTN1290cell64","SRR5960339","SAMN07544980","SRX3118734"
"KTN129","0cell","KTN1290cell283","SRR5960345","SAMN07545199","SRX3118728"
"KTN129","0cell","KTN1290cell461","SRR5960361","SAMN07545377","SRX3118712"
"KTN129","0cell","KTN1290cell193","SRR5960367","SAMN07545109","SRX3118706"
"KTN129","0cell","KTN1290cell199","SRR5960371","SAMN07545115","SRX3118702"
"KTN129","0cell","KTN1290cell238","SRR5960373","SAMN07545154","SRX3118700"
"KTN129","0cell","KTN1290cell235","SRR5960374","SAMN07545151","SRX3118699"
"KTN129","0cell","KTN1290cell232","SRR5960379","SAMN07545148","SRX3118694"
"KTN129","0cell","KTN1290cell239","SRR5960381","SAMN07545155","SRX3118692"
"KTN129","0cell","KTN1290cell303","SRR5960383","SAMN07545219","SRX3118690"
"KTN129","0cell","KTN1290cell304","SRR5960384","SAMN07545220","SRX3118689"
"KTN129","0cell","KTN1290cell302","SRR5960386","SAMN07545218","SRX3118687"
"KTN129","0cell","KTN1290cell309","SRR5960391","SAMN07545225","SRX3118682"
"KTN129","0cell","KTN1290cell310","SRR5960392","SAMN07545226","SRX3118681"
"KTN129","0cell","KTN1290cell27","SRR5960397","SAMN07544943","SRX3118676"
"KTN129","0cell","KTN1290cell150","SRR5960404","SAMN07545066","SRX3118669"
"KTN129","0cell","KTN1290cell420","SRR5960406","SAMN07545336","SRX3118667"
"KTN129","0cell","KTN1290cell413","SRR5960411","SAMN07545329","SRX3118662"
"KTN129","0cell","KTN1290cell412","SRR5960414","SAMN07545328","SRX3118659"
"KTN129","0cell","KTN1290cell398","SRR5960423","SAMN07545314","SRX3118650"
"KTN129","0cell","KTN1290cell141","SRR5960425","SAMN07545057","SRX3118648"
"KTN129","0cell","KTN1290cell280","SRR5960428","SAMN07545196","SRX3118645"
"KTN129","0cell","KTN1290cell178","SRR5960439","SAMN07545094","SRX3118634"
"KTN129","OPcell","KTN129OPcell7","SRR5960448","SAMN07545401","SRX3118625"
"KTN129","OPcell","KTN129OPcell9","SRR5960450","SAMN07545403","SRX3118623"
"KTN129","OPcell","KTN129OPcell4","SRR5960451","SAMN07545398","SRX3118622"
"KTN129","OPcell","KTN129OPcell3","SRR5960452","SAMN07545397","SRX3118621"
"KTN129","0cell","KTN1290cell354","SRR5960476","SAMN07545270","SRX3118597"
"KTN129","0cell","KTN1290cell353","SRR5960477","SAMN07545269","SRX3118596"
"KTN129","0cell","KTN1290cell56","SRR5960478","SAMN07544972","SRX3118595"
"KTN129","0cell","KTN1290cell60","SRR5960486","SAMN07544976","SRX3118587"
"KTN129","0cell","KTN1290cell59","SRR5960487","SAMN07544975","SRX3118586"
"KTN129","0cell","KTN1290cell136","SRR5960494","SAMN07545052","SRX3118579"
"KTN129","0cell","KTN1290cell135","SRR5960495","SAMN07545051","SRX3118578"
"KTN129","0cell","KTN1290cell6","SRR5960498","SAMN07544922","SRX3118575"
"KTN129","0cell","KTN1290cell227","SRR5960504","SAMN07545143","SRX3118569"
"KTN129","0cell","KTN1290cell146","SRR5960510","SAMN07545062","SRX3118563"
"KTN129","0cell","KTN1290cell143","SRR5960515","SAMN07545059","SRX3118558"
"KTN129","0cell","KTN1290cell311","SRR5960520","SAMN07545227","SRX3118553"
"KTN129","0cell","KTN1290cell313","SRR5960522","SAMN07545229","SRX3118551"
"KTN129","0cell","KTN1290cell19","SRR5960532","SAMN07544935","SRX3118541"
"KTN129","0cell","KTN1290cell11","SRR5960534","SAMN07544927","SRX3118539"
"KTN129","0cell","KTN1290cell14","SRR5960535","SAMN07544930","SRX3118538"
"KTN129","0cell","KTN1290cell450","SRR5960541","SAMN07545366","SRX3118532"
"KTN129","0cell","KTN1290cell449","SRR5960542","SAMN07545365","SRX3118531"
"KTN129","0cell","KTN1290cell405","SRR5960546","SAMN07545321","SRX3118527"
"KTN129","0cell","KTN1290cell404","SRR5960551","SAMN07545320","SRX3118522"
"KTN129","0cell","KTN1290cell262","SRR5960565","SAMN07545178","SRX3118508"
"KTN129","0cell","KTN1290cell264","SRR5960567","SAMN07545180","SRX3118506"
"KTN129","0cell","KTN1290cell263","SRR5960568","SAMN07545179","SRX3118505"
"KTN129","0cell","KTN1290cell267","SRR5960572","SAMN07545183","SRX3118501"
"KTN129","0cell","KTN1290cell220","SRR5960584","SAMN07545136","SRX3118489"
"KTN129","0cell","KTN1290cell216","SRR5960586","SAMN07545132","SRX3118487"
"KTN129","0cell","KTN1290cell120","SRR5960593","SAMN07545036","SRX3118480"
"KTN129","0cell","KTN1290cell445","SRR5960600","SAMN07545361","SRX3118473"
"KTN129","0cell","KTN1290cell448","SRR5960601","SAMN07545364","SRX3118472"
"KTN129","0cell","KTN1290cell328","SRR5960610","SAMN07545244","SRX3118463"
"KTN129","0cell","KTN1290cell48","SRR5960613","SAMN07544964","SRX3118460"
"KTN129","0cell","KTN1290cell435","SRR5960622","SAMN07545351","SRX3118951"
"KTN129","0cell","KTN1290cell439","SRR5960630","SAMN07545355","SRX3118943"
"KTN129","0cell","KTN1290cell440","SRR5960631","SAMN07545356","SRX3118942"
"KTN129","0cell","KTN1290cell253","SRR5960634","SAMN07545169","SRX3118939"
"KTN129","0cell","KTN1290cell256","SRR5960637","SAMN07545172","SRX3118936"
"KTN129","0cell","KTN1290cell96","SRR5960653","SAMN07545012","SRX3118920"
"KTN129","0cell","KTN1290cell97","SRR5960656","SAMN07545013","SRX3118917"
"KTN129","OPcell","KTN129OPcell1","SRR5960659","SAMN07545395","SRX3118914"
"KTN129","0cell","KTN1290cell474","SRR5960664","SAMN07545390","SRX3118909"
"KTN129","0cell","KTN1290cell372","SRR5960671","SAMN07545288","SRX3118902"
"KTN129","0cell","KTN1290cell376","SRR5960675","SAMN07545292","SRX3118898"
"KTN129","0cell","KTN1290cell294","SRR5960698","SAMN07545210","SRX3118875"
"KTN129","0cell","KTN1290cell299","SRR5960703","SAMN07545215","SRX3118870"
"KTN129","0cell","KTN1290cell113","SRR5960704","SAMN07545029","SRX3118869"
"KTN129","0cell","KTN1290cell112","SRR5960705","SAMN07545028","SRX3118868"
"KTN129","0cell","KTN1290cell183","SRR5960711","SAMN07545099","SRX3118862"
"KTN129","0cell","KTN1290cell186","SRR5960714","SAMN07545102","SRX3118859"
"KTN129","0cell","KTN1290cell210","SRR5960717","SAMN07545126","SRX3118856"
"KTN129","0cell","KTN1290cell207","SRR5960724","SAMN07545123","SRX3118849"
"KTN129","0cell","KTN1290cell206","SRR5960725","SAMN07545122","SRX3118848"
"KTN129","0cell","KTN1290cell159","SRR5960728","SAMN07545075","SRX3118845"
"KTN129","0cell","KTN1290cell337","SRR5960730","SAMN07545253","SRX3118843"
"KTN129","0cell","KTN1290cell336","SRR5960731","SAMN07545252","SRX3118842"
"KTN129","0cell","KTN1290cell332","SRR5960735","SAMN07545248","SRX3118838"
"KTN129","0cell","KTN1290cell331","SRR5960736","SAMN07545247","SRX3118837"
"KTN129","0cell","KTN1290cell260","SRR5960740","SAMN07545176","SRX3118833"
"KTN129","0cell","KTN1290cell33","SRR5960742","SAMN07544949","SRX3118831"
"KTN129","0cell","KTN1290cell9","SRR5960752","SAMN07544925","SRX3118821"
"KTN129","0cell","KTN1290cell389","SRR5960763","SAMN07545305","SRX3118810"
"KTN129","0cell","KTN1290cell428","SRR5960765","SAMN07545344","SRX3118808"
"KTN129","0cell","KTN1290cell387","SRR5960773","SAMN07545303","SRX3118800"
"KTN129","0cell","KTN1290cell388","SRR5960774","SAMN07545304","SRX3118799"
"KTN129","0cell","KTN1290cell385","SRR5960775","SAMN07545301","SRX3118798"
"KTN129","0cell","KTN1290cell386","SRR5960776","SAMN07545302","SRX3118797"
"KTN129","0cell","KTN1290cell244","SRR5960783","SAMN07545160","SRX3118790"
"KTN129","OPcell","KTN129OPcell216","SRR5967970","SAMN07552953","SRX3125621"
"KTN129","OPcell","KTN129OPcell72","SRR5967977","SAMN07552809","SRX3125614"
"KTN129","OPcell","KTN129OPcell68","SRR5967979","SAMN07552805","SRX3125612"
"KTN129","OPcell","KTN129OPcell70","SRR5967981","SAMN07552807","SRX3125610"
"KTN129","OPcell","KTN129OPcell300","SRR5967995","SAMN07553037","SRX3125596"
"KTN129","OPcell","KTN129OPcell92","SRR5967999","SAMN07552829","SRX3125592"
"KTN129","OPcell","KTN129OPcell179","SRR5968005","SAMN07552916","SRX3125586"
"KTN129","OPcell","KTN129OPcell180","SRR5968006","SAMN07552917","SRX3125585"
"KTN129","OPcell","KTN129OPcell174","SRR5968012","SAMN07552911","SRX3125579"
"KTN129","OPcell","KTN129OPcell329","SRR5968018","SAMN07553066","SRX3125573"
"KTN129","OPcell","KTN129OPcell332","SRR5968021","SAMN07553069","SRX3125570"
"KTN129","OPcell","KTN129OPcell251","SRR5968023","SAMN07552988","SRX3125568"
"KTN129","OPcell","KTN129OPcell252","SRR5968024","SAMN07552989","SRX3125567"
"KTN129","OPcell","KTN129OPcell262","SRR5968025","SAMN07552999","SRX3125566"
"KTN129","OPcell","KTN129OPcell134","SRR5968039","SAMN07552871","SRX3125552"
"KTN129","OPcell","KTN129OPcell141","SRR5968044","SAMN07552878","SRX3125547"
"KTN129","OPcell","KTN129OPcell369","SRR5968047","SAMN07553106","SRX3125544"
"KTN129","OPcell","KTN129OPcell372","SRR5968054","SAMN07553109","SRX3125537"
"KTN129","OPcell","KTN129OPcell371","SRR5968055","SAMN07553108","SRX3125536"
"KTN129","OPcell","KTN129OPcell210","SRR5968064","SAMN07552947","SRX3125527"
"KTN129","OPcell","KTN129OPcell81","SRR5968066","SAMN07552818","SRX3125525"
"KTN129","OPcell","KTN129OPcell82","SRR5968067","SAMN07552819","SRX3125524"
"KTN129","OPcell","KTN129OPcell79","SRR5968068","SAMN07552816","SRX3125523"
"KTN129","OPcell","KTN129OPcell78","SRR5968071","SAMN07552815","SRX3125520"
"KTN129","OPcell","KTN129OPcell75","SRR5968072","SAMN07552812","SRX3125519"
"KTN129","OPcell","KTN129OPcell74","SRR5968075","SAMN07552811","SRX3125516"
"KTN129","OPcell","KTN129OPcell272","SRR5968085","SAMN07553009","SRX3125506"
"KTN129","OPcell","KTN129OPcell90","SRR5968088","SAMN07552827","SRX3125503"
"KTN129","OPcell","KTN129OPcell172","SRR5968092","SAMN07552909","SRX3125499"
"KTN129","OPcell","KTN129OPcell171","SRR5968093","SAMN07552908","SRX3125498"
"KTN129","OPcell","KTN129OPcell83","SRR5968095","SAMN07552820","SRX3125496"
"KTN129","OPcell","KTN129OPcell168","SRR5968096","SAMN07552905","SRX3125495"
"KTN129","OPcell","KTN129OPcell163","SRR5968101","SAMN07552900","SRX3125490"
"KTN129","OPcell","KTN129OPcell357","SRR5968123","SAMN07553094","SRX3125468"
"KTN129","OPcell","KTN129OPcell356","SRR5968126","SAMN07553093","SRX3125465"
"KTN129","OPcell","KTN129OPcell25","SRR5968151","SAMN07552762","SRX3125440"
"KTN129","OPcell","KTN129OPcell26","SRR5968152","SAMN07552763","SRX3125439"
"KTN129","OPcell","KTN129OPcell24","SRR5968154","SAMN07552761","SRX3125437"
"KTN129","OPcell","KTN129OPcell27","SRR5968157","SAMN07552764","SRX3125434"
"KTN129","OPcell","KTN129OPcell32","SRR5968160","SAMN07552769","SRX3125431"
"KTN129","OPcell","KTN129OPcell395","SRR5968161","SAMN07553132","SRX3125430"
"KTN129","OPcell","KTN129OPcell399","SRR5968165","SAMN07553136","SRX3125426"
"KTN129","OPcell","KTN129OPcell401","SRR5968169","SAMN07553138","SRX3125422"
"KTN129","OPcell","KTN129OPcell402","SRR5968170","SAMN07553139","SRX3125421"
"KTN129","OPcell","KTN129OPcell199","SRR5968173","SAMN07552936","SRX3125418"
"KTN129","OPcell","KTN129OPcell200","SRR5968174","SAMN07552937","SRX3125417"
"KTN129","OPcell","KTN129OPcell51","SRR5968182","SAMN07552788","SRX3125409"
"KTN129","OPcell","KTN129OPcell48","SRR5968190","SAMN07552785","SRX3125401"
"KTN129","OPcell","KTN129OPcell47","SRR5968191","SAMN07552784","SRX3125400"
"KTN129","OPcell","KTN129OPcell349","SRR5968194","SAMN07553086","SRX3125397"
"KTN129","OPcell","KTN129OPcell278","SRR5968195","SAMN07553015","SRX3125396"
"KTN129","OPcell","KTN129OPcell280","SRR5968197","SAMN07553017","SRX3125394"
"KTN129","OPcell","KTN129OPcell279","SRR5968198","SAMN07553016","SRX3125393"
"KTN129","OPcell","KTN129OPcell274","SRR5968199","SAMN07553011","SRX3125392"
"KTN129","OPcell","KTN129OPcell276","SRR5968201","SAMN07553013","SRX3125390"
"KTN129","OPcell","KTN129OPcell162","SRR5968208","SAMN07552899","SRX3125383"
"KTN129","OPcell","KTN129OPcell98","SRR5968212","SAMN07552835","SRX3125379"
"KTN129","OPcell","KTN129OPcell100","SRR5968214","SAMN07552837","SRX3125377"
"KTN129","OPcell","KTN129OPcell153","SRR5968215","SAMN07552890","SRX3125376"
"KTN129","OPcell","KTN129OPcell306","SRR5968226","SAMN07553043","SRX3125365"
"KTN129","OPcell","KTN129OPcell304","SRR5968228","SAMN07553041","SRX3125363"
"KTN129","OPcell","KTN129OPcell348","SRR5968233","SAMN07553085","SRX3125358"
"KTN129","OPcell","KTN129OPcell240","SRR5968251","SAMN07552977","SRX3125340"
"KTN129","OPcell","KTN129OPcell291","SRR5968255","SAMN07553028","SRX3125336"
"KTN129","OPcell","KTN129OPcell284","SRR5968262","SAMN07553021","SRX3125329"
"KTN129","OPcell","KTN129OPcell388","SRR5968269","SAMN07553125","SRX3125322"
"KTN129","OPcell","KTN129OPcell106","SRR5968275","SAMN07552843","SRX3125316"
"KTN129","OPcell","KTN129OPcell110","SRR5968279","SAMN07552847","SRX3125312"
"KTN129","OPcell","KTN129OPcell184","SRR5968283","SAMN07552921","SRX3125308"
"KTN129","OPcell","KTN129OPcell190","SRR5968285","SAMN07552927","SRX3125306"
"KTN129","OPcell","KTN129OPcell188","SRR5968287","SAMN07552925","SRX3125304"
"KTN129","OPcell","KTN129OPcell191","SRR5968290","SAMN07552928","SRX3125301"
"KTN129","OPcell","KTN129OPcell58","SRR5968292","SAMN07552795","SRX3125299"
"KTN129","OPcell","KTN129OPcell55","SRR5968297","SAMN07552792","SRX3125294"
"KTN129","OPcell","KTN129OPcell56","SRR5968298","SAMN07552793","SRX3125293"
"KTN129","OPcell","KTN129OPcell61","SRR5968299","SAMN07552798","SRX3125292"
"KTN129","OPcell","KTN129OPcell334","SRR5968306","SAMN07553071","SRX3125670"
"KTN129","OPcell","KTN129OPcell250","SRR5968318","SAMN07552987","SRX3125658"
"KTN129","OPcell","KTN129OPcell404","SRR5968321","SAMN07553141","SRX3125655"
"KTN129","OPcell","KTN129OPcell313","SRR5968337","SAMN07553050","SRX3125639"
"KTN129","OPcell","KTN129OPcell315","SRR5968339","SAMN07553052","SRX3125637"
"KTN129","OPcell","KTN129OPcell318","SRR5968340","SAMN07553055","SRX3125636"
"KTN129","OPcell","KTN129OPcell317","SRR5968341","SAMN07553054","SRX3125635"
"KTN129","OPcell","KTN129OPcell319","SRR5968343","SAMN07553056","SRX3125633"
"KTN129","0cell","KTN1290cell165","SRR5960289","SAMN07545081","SRX3118784"
"KTN129","0cell","KTN1290cell163","SRR5960291","SAMN07545079","SRX3118782"
"KTN129","OPcell","KTN129OPcell19","SRR5960297","SAMN07545413","SRX3118776"
"KTN129","OPcell","KTN129OPcell18","SRR5960300","SAMN07545412","SRX3118773"
"KTN129","OPcell","KTN129OPcell14","SRR5960304","SAMN07545408","SRX3118769"
"KTN129","0cell","KTN1290cell82","SRR5960310","SAMN07544998","SRX3118763"
"KTN129","0cell","KTN1290cell89","SRR5960315","SAMN07545005","SRX3118758"
"KTN129","0cell","KTN1290cell90","SRR5960316","SAMN07545006","SRX3118757"
"KTN129","0cell","KTN1290cell61","SRR5960336","SAMN07544977","SRX3118737"
"KTN129","0cell","KTN1290cell63","SRR5960338","SAMN07544979","SRX3118735"
"KTN129","0cell","KTN1290cell288","SRR5960348","SAMN07545204","SRX3118725"
"KTN129","0cell","KTN1290cell124","SRR5960353","SAMN07545040","SRX3118720"
"KTN129","0cell","KTN1290cell121","SRR5960354","SAMN07545037","SRX3118719"
"KTN129","0cell","KTN1290cell198","SRR5960362","SAMN07545114","SRX3118711"
"KTN129","0cell","KTN1290cell195","SRR5960365","SAMN07545111","SRX3118708"
"KTN129","0cell","KTN1290cell194","SRR5960366","SAMN07545110","SRX3118707"
"KTN129","0cell","KTN1290cell236","SRR5960375","SAMN07545152","SRX3118698"
"KTN129","0cell","KTN1290cell233","SRR5960376","SAMN07545149","SRX3118697"
"KTN129","0cell","KTN1290cell470","SRR5960380","SAMN07545386","SRX3118693"
"KTN129","0cell","KTN1290cell28","SRR5960398","SAMN07544944","SRX3118675"
"KTN129","0cell","KTN1290cell23","SRR5960401","SAMN07544939","SRX3118672"
"KTN129","0cell","KTN1290cell418","SRR5960408","SAMN07545334","SRX3118665"
"KTN129","0cell","KTN1290cell411","SRR5960413","SAMN07545327","SRX3118660"
"KTN129","0cell","KTN1290cell396","SRR5960421","SAMN07545312","SRX3118652"
"KTN129","0cell","KTN1290cell397","SRR5960424","SAMN07545313","SRX3118649"
"KTN129","0cell","KTN1290cell142","SRR5960426","SAMN07545058","SRX3118647"
"KTN129","0cell","KTN1290cell279","SRR5960427","SAMN07545195","SRX3118646"
"KTN129","0cell","KTN1290cell274","SRR5960430","SAMN07545190","SRX3118643"
"KTN129","0cell","KTN1290cell272","SRR5960432","SAMN07545188","SRX3118641"
"KTN129","0cell","KTN1290cell277","SRR5960433","SAMN07545193","SRX3118640"
"KTN129","0cell","KTN1290cell275","SRR5960435","SAMN07545191","SRX3118638"
"KTN129","0cell","KTN1290cell176","SRR5960437","SAMN07545092","SRX3118636"
"KTN129","OPcell","KTN129OPcell8","SRR5960447","SAMN07545402","SRX3118626"
"KTN129","OPcell","KTN129OPcell10","SRR5960449","SAMN07545404","SRX3118624"
"KTN129","0cell","KTN1290cell360","SRR5960466","SAMN07545276","SRX3118607"
"KTN129","0cell","KTN1290cell355","SRR5960471","SAMN07545271","SRX3118602"
"KTN129","0cell","KTN1290cell351","SRR5960475","SAMN07545267","SRX3118598"
"KTN129","0cell","KTN1290cell58","SRR5960480","SAMN07544974","SRX3118593"
"KTN129","0cell","KTN1290cell52","SRR5960482","SAMN07544968","SRX3118591"
"KTN129","0cell","KTN1290cell53","SRR5960485","SAMN07544969","SRX3118588"
"KTN129","0cell","KTN1290cell139","SRR5960489","SAMN07545055","SRX3118584"
"KTN129","0cell","KTN1290cell131","SRR5960491","SAMN07545047","SRX3118582"
"KTN129","0cell","KTN1290cell137","SRR5960497","SAMN07545053","SRX3118576"
"KTN129","0cell","KTN1290cell422","SRR5960499","SAMN07545338","SRX3118574"
"KTN129","0cell","KTN1290cell224","SRR5960507","SAMN07545140","SRX3118566"
"KTN129","0cell","KTN1290cell147","SRR5960511","SAMN07545063","SRX3118562"
"KTN129","0cell","KTN1290cell314","SRR5960521","SAMN07545230","SRX3118552"
"KTN129","0cell","KTN1290cell442","SRR5960530","SAMN07545358","SRX3118543"
"KTN129","0cell","KTN1290cell20","SRR5960531","SAMN07544936","SRX3118542"
"KTN129","0cell","KTN1290cell12","SRR5960533","SAMN07544928","SRX3118540"
"KTN129","0cell","KTN1290cell409","SRR5960544","SAMN07545325","SRX3118529"
"KTN129","0cell","KTN1290cell406","SRR5960545","SAMN07545322","SRX3118528"
"KTN129","0cell","KTN1290cell402","SRR5960549","SAMN07545318","SRX3118524"
"KTN129","0cell","KTN1290cell362","SRR5960558","SAMN07545278","SRX3118515"
"KTN129","0cell","KTN1290cell369","SRR5960561","SAMN07545285","SRX3118512"
"KTN129","0cell","KTN1290cell270","SRR5960563","SAMN07545186","SRX3118510"
"KTN129","0cell","KTN1290cell266","SRR5960569","SAMN07545182","SRX3118504"
"KTN129","0cell","KTN1290cell265","SRR5960570","SAMN07545181","SRX3118503"
"KTN129","0cell","KTN1290cell268","SRR5960571","SAMN07545184","SRX3118502"
"KTN129","0cell","KTN1290cell106","SRR5960578","SAMN07545022","SRX3118495"
"KTN129","0cell","KTN1290cell215","SRR5960585","SAMN07545131","SRX3118488"
"KTN129","0cell","KTN1290cell214","SRR5960592","SAMN07545130","SRX3118481"
"KTN129","0cell","KTN1290cell447","SRR5960602","SAMN07545363","SRX3118471"
"KTN129","0cell","KTN1290cell321","SRR5960603","SAMN07545237","SRX3118470"
"KTN129","0cell","KTN1290cell322","SRR5960604","SAMN07545238","SRX3118469"
"KTN129","0cell","KTN1290cell324","SRR5960606","SAMN07545240","SRX3118467"
"KTN129","0cell","KTN1290cell43","SRR5960616","SAMN07544959","SRX3118457"
"KTN129","0cell","KTN1290cell436","SRR5960623","SAMN07545352","SRX3118950"
"KTN129","0cell","KTN1290cell437","SRR5960624","SAMN07545353","SRX3118949"
"KTN129","0cell","KTN1290cell152","SRR5960642","SAMN07545068","SRX3118931"
"KTN129","0cell","KTN1290cell151","SRR5960643","SAMN07545067","SRX3118930"
"KTN129","0cell","KTN1290cell158","SRR5960644","SAMN07545074","SRX3118929"
"KTN129","0cell","KTN1290cell155","SRR5960647","SAMN07545071","SRX3118926"
"KTN129","0cell","KTN1290cell94","SRR5960651","SAMN07545010","SRX3118922"
"KTN129","0cell","KTN1290cell98","SRR5960655","SAMN07545014","SRX3118918"
"KTN129","0cell","KTN1290cell477","SRR5960667","SAMN07545393","SRX3118906"
"KTN129","0cell","KTN1290cell378","SRR5960673","SAMN07545294","SRX3118900"
"KTN129","0cell","KTN1290cell379","SRR5960678","SAMN07545295","SRX3118895"
"KTN129","0cell","KTN1290cell77","SRR5960684","SAMN07544993","SRX3118889"
"KTN129","0cell","KTN1290cell74","SRR5960687","SAMN07544990","SRX3118886"
"KTN129","0cell","KTN1290cell73","SRR5960688","SAMN07544989","SRX3118885"
"KTN129","0cell","KTN1290cell72","SRR5960689","SAMN07544988","SRX3118884"
"KTN129","0cell","KTN1290cell71","SRR5960690","SAMN07544987","SRX3118883"
"KTN129","0cell","KTN1290cell291","SRR5960695","SAMN07545207","SRX3118878"
"KTN129","0cell","KTN1290cell292","SRR5960696","SAMN07545208","SRX3118877"
"KTN129","0cell","KTN1290cell116","SRR5960701","SAMN07545032","SRX3118872"
"KTN129","0cell","KTN1290cell115","SRR5960702","SAMN07545031","SRX3118871"
"KTN129","0cell","KTN1290cell111","SRR5960706","SAMN07545027","SRX3118867"
"KTN129","0cell","KTN1290cell190","SRR5960708","SAMN07545106","SRX3118865"
"KTN129","0cell","KTN1290cell181","SRR5960709","SAMN07545097","SRX3118864"
"KTN129","0cell","KTN1290cell188","SRR5960716","SAMN07545104","SRX3118857"
"KTN129","0cell","KTN1290cell205","SRR5960726","SAMN07545121","SRX3118847"
"KTN129","0cell","KTN1290cell160","SRR5960727","SAMN07545076","SRX3118846"
"KTN129","0cell","KTN1290cell334","SRR5960733","SAMN07545250","SRX3118840"
"KTN129","0cell","KTN1290cell37","SRR5960746","SAMN07544953","SRX3118827"
"KTN129","0cell","KTN1290cell36","SRR5960747","SAMN07544952","SRX3118826"
"KTN129","0cell","KTN1290cell4","SRR5960753","SAMN07544920","SRX3118820"
"KTN129","0cell","KTN1290cell3","SRR5960754","SAMN07544919","SRX3118819"
"KTN129","0cell","KTN1290cell1","SRR5960756","SAMN07544917","SRX3118817"
"KTN129","0cell","KTN1290cell5","SRR5960760","SAMN07544921","SRX3118813"
"KTN129","0cell","KTN1290cell424","SRR5960761","SAMN07545340","SRX3118812"
"KTN129","0cell","KTN1290cell423","SRR5960762","SAMN07545339","SRX3118811"
"KTN129","0cell","KTN1290cell381","SRR5960771","SAMN07545297","SRX3118802"
"KTN129","0cell","KTN1290cell248","SRR5960779","SAMN07545164","SRX3118794"
"KTN129","0cell","KTN1290cell243","SRR5960784","SAMN07545159","SRX3118789"
"KTN129","OPcell","KTN129OPcell380","SRR5967966","SAMN07553117","SRX3125625"
"KTN129","OPcell","KTN129OPcell221","SRR5967967","SAMN07552958","SRX3125624"
"KTN129","OPcell","KTN129OPcell222","SRR5967968","SAMN07552959","SRX3125623"
"KTN129","OPcell","KTN129OPcell218","SRR5967976","SAMN07552955","SRX3125615"
"KTN129","OPcell","KTN129OPcell64","SRR5967983","SAMN07552801","SRX3125608"
"KTN129","OPcell","KTN129OPcell65","SRR5967986","SAMN07552802","SRX3125605"
"KTN129","OPcell","KTN129OPcell301","SRR5967990","SAMN07553038","SRX3125601"
"KTN129","OPcell","KTN129OPcell121","SRR5968001","SAMN07552858","SRX3125590"
"KTN129","OPcell","KTN129OPcell182","SRR5968004","SAMN07552919","SRX3125587"
"KTN129","OPcell","KTN129OPcell175","SRR5968009","SAMN07552912","SRX3125582"
"KTN129","OPcell","KTN129OPcell325","SRR5968014","SAMN07553062","SRX3125577"
"KTN129","OPcell","KTN129OPcell328","SRR5968019","SAMN07553065","SRX3125572"
"KTN129","OPcell","KTN129OPcell258","SRR5968029","SAMN07552995","SRX3125562"
"KTN129","OPcell","KTN129OPcell253","SRR5968034","SAMN07552990","SRX3125557"
"KTN129","OPcell","KTN129OPcell133","SRR5968038","SAMN07552870","SRX3125553"
"KTN129","OPcell","KTN129OPcell137","SRR5968042","SAMN07552874","SRX3125549"
"KTN129","OPcell","KTN129OPcell370","SRR5968046","SAMN07553107","SRX3125545"
"KTN129","OPcell","KTN129OPcell364","SRR5968052","SAMN07553101","SRX3125539"
"KTN129","OPcell","KTN129OPcell204","SRR5968058","SAMN07552941","SRX3125533"
"KTN129","OPcell","KTN129OPcell208","SRR5968062","SAMN07552945","SRX3125529"
"KTN129","OPcell","KTN129OPcell88","SRR5968090","SAMN07552825","SRX3125501"
"KTN129","OPcell","KTN129OPcell164","SRR5968100","SAMN07552901","SRX3125491"
"KTN129","OPcell","KTN129OPcell166","SRR5968102","SAMN07552903","SRX3125489"
"KTN129","OPcell","KTN129OPcell165","SRR5968103","SAMN07552902","SRX3125488"
"KTN129","OPcell","KTN129OPcell39","SRR5968112","SAMN07552776","SRX3125479"
"KTN129","OPcell","KTN129OPcell150","SRR5968118","SAMN07552887","SRX3125473"
"KTN129","OPcell","KTN129OPcell361","SRR5968119","SAMN07553098","SRX3125472"
"KTN129","OPcell","KTN129OPcell231","SRR5968131","SAMN07552968","SRX3125460"
"KTN129","OPcell","KTN129OPcell226","SRR5968134","SAMN07552963","SRX3125457"
"KTN129","OPcell","KTN129OPcell223","SRR5968135","SAMN07552960","SRX3125456"
"KTN129","OPcell","KTN129OPcell224","SRR5968136","SAMN07552961","SRX3125455"
"KTN129","OPcell","KTN129OPcell227","SRR5968139","SAMN07552964","SRX3125452"
"KTN129","OPcell","KTN129OPcell126","SRR5968143","SAMN07552863","SRX3125448"
"KTN129","OPcell","KTN129OPcell30","SRR5968156","SAMN07552767","SRX3125435"
"KTN129","OPcell","KTN129OPcell31","SRR5968159","SAMN07552768","SRX3125432"
"KTN129","OPcell","KTN129OPcell198","SRR5968172","SAMN07552935","SRX3125419"
"KTN129","OPcell","KTN129OPcell201","SRR5968179","SAMN07552938","SRX3125412"
"KTN129","OPcell","KTN129OPcell111","SRR5968183","SAMN07552848","SRX3125408"
"KTN129","OPcell","KTN129OPcell46","SRR5968184","SAMN07552783","SRX3125407"
"KTN129","OPcell","KTN129OPcell314","SRR5968192","SAMN07553051","SRX3125399"
"KTN129","OPcell","KTN129OPcell275","SRR5968202","SAMN07553012","SRX3125389"
"KTN129","OPcell","KTN129OPcell374","SRR5968206","SAMN07553111","SRX3125385"
"KTN129","OPcell","KTN129OPcell96","SRR5968210","SAMN07552833","SRX3125381"
"KTN129","OPcell","KTN129OPcell99","SRR5968213","SAMN07552836","SRX3125378"
"KTN129","OPcell","KTN129OPcell154","SRR5968216","SAMN07552891","SRX3125375"
"KTN129","OPcell","KTN129OPcell104","SRR5968223","SAMN07552841","SRX3125368"
"KTN129","OPcell","KTN129OPcell309","SRR5968229","SAMN07553046","SRX3125362"
"KTN129","OPcell","KTN129OPcell310","SRR5968230","SAMN07553047","SRX3125361"
"KTN129","OPcell","KTN129OPcell307","SRR5968231","SAMN07553044","SRX3125360"
"KTN129","OPcell","KTN129OPcell344","SRR5968237","SAMN07553081","SRX3125354"
"KTN129","OPcell","KTN129OPcell345","SRR5968240","SAMN07553082","SRX3125351"
"KTN129","OPcell","KTN129OPcell242","SRR5968243","SAMN07552979","SRX3125348"
"KTN129","OPcell","KTN129OPcell241","SRR5968244","SAMN07552978","SRX3125347"
"KTN129","OPcell","KTN129OPcell101","SRR5968253","SAMN07552838","SRX3125338"
"KTN129","OPcell","KTN129OPcell286","SRR5968264","SAMN07553023","SRX3125327"
"KTN129","OPcell","KTN129OPcell386","SRR5968267","SAMN07553123","SRX3125324"
"KTN129","OPcell","KTN129OPcell385","SRR5968268","SAMN07553122","SRX3125323"
"KTN129","OPcell","KTN129OPcell387","SRR5968270","SAMN07553124","SRX3125321"
"KTN129","OPcell","KTN129OPcell390","SRR5968271","SAMN07553127","SRX3125320"
"KTN129","OPcell","KTN129OPcell185","SRR5968282","SAMN07552922","SRX3125309"
"KTN129","OPcell","KTN129OPcell183","SRR5968284","SAMN07552920","SRX3125307"
"KTN129","OPcell","KTN129OPcell192","SRR5968289","SAMN07552929","SRX3125302"
"KTN129","OPcell","KTN129OPcell337","SRR5968301","SAMN07553074","SRX3125675"
"KTN129","OPcell","KTN129OPcell339","SRR5968303","SAMN07553076","SRX3125673"
"KTN129","OPcell","KTN129OPcell336","SRR5968308","SAMN07553073","SRX3125668"
"KTN129","OPcell","KTN129OPcell341","SRR5968309","SAMN07553078","SRX3125667"
"KTN129","OPcell","KTN129OPcell342","SRR5968310","SAMN07553079","SRX3125666"
"KTN129","OPcell","KTN129OPcell245","SRR5968313","SAMN07552982","SRX3125663"
"KTN129","OPcell","KTN129OPcell148","SRR5968328","SAMN07552885","SRX3125648"
"KTN129","OPcell","KTN129OPcell147","SRR5968329","SAMN07552884","SRX3125647"
"KTN129","OPcell","KTN129OPcell145","SRR5968331","SAMN07552882","SRX3125645"
"KTN129","OPcell","KTN129OPcell144","SRR5968332","SAMN07552881","SRX3125644"
"KTN129","OPcell","KTN129OPcell143","SRR5968333","SAMN07552880","SRX3125643"
"KTN129","OPcell","KTN129OPcell322","SRR5968344","SAMN07553059","SRX3125632"
"KTN129","OPcell","KTN129OPcell375","SRR5968346","SAMN07553112","SRX3125630"
"KTN129","OPcell","KTN129OPcell377","SRR5968348","SAMN07553114","SRX3125628"
"KTN206","OPcell","KTN206OPcell377","SRR7750987","SAMN09909465","SRX4607269"
"KTN206","OPcell","KTN206OPcell373","SRR7750991","SAMN09909461","SRX4607265"
"KTN206","OPcell","KTN206OPcell340","SRR7750995","SAMN09909428","SRX4607261"
"KTN206","OPcell","KTN206OPcell337","SRR7750998","SAMN09909425","SRX4607258"
"KTN206","OPcell","KTN206OPcell198","SRR7751008","SAMN09909286","SRX4607248"
"KTN206","OPcell","KTN206OPcell199","SRR7751009","SAMN09909287","SRX4607247"
"KTN206","OPcell","KTN206OPcell294","SRR7751025","SAMN09909382","SRX4607231"
"KTN206","OPcell","KTN206OPcell237","SRR7751035","SAMN09909325","SRX4607221"
"KTN206","OPcell","KTN206OPcell239","SRR7751037","SAMN09909327","SRX4607219"
"KTN206","OPcell","KTN206OPcell172","SRR7751046","SAMN09909260","SRX4607210"
"KTN206","OPcell","KTN206OPcell171","SRR7751047","SAMN09909259","SRX4607209"
"KTN206","OPcell","KTN206OPcell163","SRR7751051","SAMN09909251","SRX4607205"
"KTN206","OPcell","KTN206OPcell169","SRR7751053","SAMN09909257","SRX4607203"
"KTN206","OPcell","KTN206OPcell168","SRR7751054","SAMN09909256","SRX4607202"
"KTN206","OPcell","KTN206OPcell400","SRR7751057","SAMN09909488","SRX4607199"
"KTN206","OPcell","KTN206OPcell259","SRR7751061","SAMN09909347","SRX4607195"
"KTN206","OPcell","KTN206OPcell96","SRR7751071","SAMN09909184","SRX4607185"
"KTN206","OPcell","KTN206OPcell94","SRR7751073","SAMN09909182","SRX4607183"
"KTN206","OPcell","KTN206OPcell101","SRR7751078","SAMN09909189","SRX4607178"
"KTN206","OPcell","KTN206OPcell388","SRR7751086","SAMN09909476","SRX4607170"
"KTN206","OPcell","KTN206OPcell391","SRR7751089","SAMN09909479","SRX4607167"
"KTN206","OPcell","KTN206OPcell84","SRR7751096","SAMN09909172","SRX4607160"
"KTN206","OPcell","KTN206OPcell212","SRR7751100","SAMN09909300","SRX4607156"
"KTN206","OPcell","KTN206OPcell210","SRR7751102","SAMN09909298","SRX4607154"
"KTN206","OPcell","KTN206OPcell208","SRR7751104","SAMN09909296","SRX4607152"
"KTN206","OPcell","KTN206OPcell206","SRR7751106","SAMN09909294","SRX4607150"
"KTN206","OPcell","KTN206OPcell204","SRR7751108","SAMN09909292","SRX4607148"
"KTN206","OPcell","KTN206OPcell429","SRR7751111","SAMN09909517","SRX4607145"
"KTN206","OPcell","KTN206OPcell428","SRR7751112","SAMN09909516","SRX4607144"
"KTN206","OPcell","KTN206OPcell330","SRR7751119","SAMN09909418","SRX4607137"
"KTN206","OPcell","KTN206OPcell130","SRR7751142","SAMN09909218","SRX4607114"
"KTN206","OPcell","KTN206OPcell251","SRR7751156","SAMN09909339","SRX4607100"
"KTN206","OPcell","KTN206OPcell176","SRR7751162","SAMN09909264","SRX4607094"
"KTN206","OPcell","KTN206OPcell182","SRR7751166","SAMN09909270","SRX4607090"
"KTN206","OPcell","KTN206OPcell286","SRR7751168","SAMN09909374","SRX4607088"
"KTN206","OPcell","KTN206OPcell283","SRR7751169","SAMN09909371","SRX4607087"
"KTN206","OPcell","KTN206OPcell287","SRR7751173","SAMN09909375","SRX4607083"
"KTN206","OPcell","KTN206OPcell431","SRR7751180","SAMN09909519","SRX4607076"
"KTN206","OPcell","KTN206OPcell355","SRR7751187","SAMN09909443","SRX4607069"
"KTN206","OPcell","KTN206OPcell356","SRR7751188","SAMN09909444","SRX4607068"
"KTN206","OPcell","KTN206OPcell353","SRR7751189","SAMN09909441","SRX4607067"
"KTN206","OPcell","KTN206OPcell74","SRR7751192","SAMN09909162","SRX4607064"
"KTN206","OPcell","KTN206OPcell78","SRR7751196","SAMN09909166","SRX4607060"
"KTN206","OPcell","KTN206OPcell215","SRR7751203","SAMN09909303","SRX4607053"
"KTN206","OPcell","KTN206OPcell213","SRR7751205","SAMN09909301","SRX4607051"
"KTN206","OPcell","KTN206OPcell148","SRR7751211","SAMN09909236","SRX4607045"
"KTN206","OPcell","KTN206OPcell147","SRR7751212","SAMN09909235","SRX4607044"
"KTN206","OPcell","KTN206OPcell149","SRR7751214","SAMN09909237","SRX4607042"
"KTN206","OPcell","KTN206OPcell144","SRR7751215","SAMN09909232","SRX4607041"
"KTN206","OPcell","KTN206OPcell345","SRR7751223","SAMN09909433","SRX4607033"
"KTN206","OPcell","KTN206OPcell395","SRR7751231","SAMN09909483","SRX4607025"
"KTN206","OPcell","KTN206OPcell316","SRR7751245","SAMN09909404","SRX4607011"
"KTN206","OPcell","KTN206OPcell117","SRR7751247","SAMN09909205","SRX4607009"
"KTN206","OPcell","KTN206OPcell120","SRR7751250","SAMN09909208","SRX4607006"
"KTN206","OPcell","KTN206OPcell114","SRR7751252","SAMN09909202","SRX4607004"
"KTN206","OPcell","KTN206OPcell115","SRR7751253","SAMN09909203","SRX4607003"
"KTN206","OPcell","KTN206OPcell121","SRR7751255","SAMN09909209","SRX4607001"
"KTN206","OPcell","KTN206OPcell122","SRR7751256","SAMN09909210","SRX4607000"
"KTN206","OPcell","KTN206OPcell190","SRR7751259","SAMN09909278","SRX4606997"
"KTN206","OPcell","KTN206OPcell192","SRR7751265","SAMN09909280","SRX4606991"
"KTN206","OPcell","KTN206OPcell277","SRR7751272","SAMN09909365","SRX4606984"
"KTN206","OPcell","KTN206OPcell279","SRR7751274","SAMN09909367","SRX4606982"
"KTN206","OPcell","KTN206OPcell281","SRR7751276","SAMN09909369","SRX4606980"
"KTN206","OPcell","KTN206OPcell369","SRR7751282","SAMN09909457","SRX4606974"
"KTN206","OPcell","KTN206OPcell307","SRR7751287","SAMN09909395","SRX4606969"
"KTN206","OPcell","KTN206OPcell309","SRR7751289","SAMN09909397","SRX4606967"
"KTN206","OPcell","KTN206OPcell310","SRR7751290","SAMN09909398","SRX4606966"
"KTN206","OPcell","KTN206OPcell305","SRR7751293","SAMN09909393","SRX4606963"
"KTN206","OPcell","KTN206OPcell306","SRR7751294","SAMN09909394","SRX4606962"
"KTN206","OPcell","KTN206OPcell72","SRR7751297","SAMN09909160","SRX4606959"
"KTN206","OPcell","KTN206OPcell224","SRR7751309","SAMN09909312","SRX4606947"
"KTN206","OPcell","KTN206OPcell225","SRR7751312","SAMN09909313","SRX4606944"
"KTN206","OPcell","KTN206OPcell230","SRR7751315","SAMN09909318","SRX4606941"
"KTN206","OPcell","KTN206OPcell229","SRR7751316","SAMN09909317","SRX4606940"
"KTN206","OPcell","KTN206OPcell137","SRR7751321","SAMN09909225","SRX4606935"
"KTN206","OPcell","KTN206OPcell136","SRR7751324","SAMN09909224","SRX4606932"
"KTN206","OPcell","KTN206OPcell160","SRR7751334","SAMN09909248","SRX4606922"
"KTN206","OPcell","KTN206OPcell153","SRR7751335","SAMN09909241","SRX4606921"
"KTN206","OPcell","KTN206OPcell411","SRR7751340","SAMN09909499","SRX4606916"
"KTN206","OPcell","KTN206OPcell271","SRR7751341","SAMN09909359","SRX4606915"
"KTN206","OPcell","KTN206OPcell410","SRR7751347","SAMN09909498","SRX4606909"
"KTN206","OPcell","KTN206OPcell409","SRR7751348","SAMN09909497","SRX4606908"
"KTN206","OPcell","KTN206OPcell265","SRR7751351","SAMN09909353","SRX4606905"
"KTN206","OPcell","KTN206OPcell270","SRR7751356","SAMN09909358","SRX4606900"
"KTN206","0cell","KTN2060cell188","SRR7753336","SAMN09910906","SRX4609595"
"KTN206","0cell","KTN2060cell186","SRR7753338","SAMN09910904","SRX4609593"
"KTN206","0cell","KTN2060cell325","SRR7753343","SAMN09911043","SRX4609588"
"KTN206","0cell","KTN2060cell96","SRR7753349","SAMN09910814","SRX4609582"
"KTN206","0cell","KTN2060cell329","SRR7753355","SAMN09911047","SRX4609576"
"KTN206","0cell","KTN2060cell160","SRR7753358","SAMN09910878","SRX4609573"
"KTN206","0cell","KTN2060cell158","SRR7753366","SAMN09910876","SRX4609565"
"KTN206","0cell","KTN2060cell400","SRR7753370","SAMN09911118","SRX4609561"
"KTN206","0cell","KTN2060cell393","SRR7753375","SAMN09911111","SRX4609556"
"KTN206","0cell","KTN2060cell392","SRR7753378","SAMN09911110","SRX4609553"
"KTN206","0cell","KTN2060cell420","SRR7753383","SAMN09911138","SRX4609548"
"KTN206","0cell","KTN2060cell419","SRR7753384","SAMN09911137","SRX4609547"
"KTN206","0cell","KTN2060cell417","SRR7753389","SAMN09911135","SRX4609542"
"KTN206","0cell","KTN2060cell444","SRR7753395","SAMN09911162","SRX4609536"
"KTN206","0cell","KTN2060cell299","SRR7753401","SAMN09911017","SRX4609530"
"KTN206","0cell","KTN2060cell51","SRR7753405","SAMN09910769","SRX4609526"
"KTN206","0cell","KTN2060cell212","SRR7753421","SAMN09910930","SRX4609510"
"KTN206","0cell","KTN2060cell211","SRR7753422","SAMN09910929","SRX4609509"
"KTN206","0cell","KTN2060cell357","SRR7753423","SAMN09911075","SRX4609508"
"KTN206","0cell","KTN2060cell358","SRR7753424","SAMN09911076","SRX4609507"
"KTN206","0cell","KTN2060cell356","SRR7753426","SAMN09911074","SRX4609505"
"KTN206","0cell","KTN2060cell278","SRR7753433","SAMN09910996","SRX4609498"
"KTN206","0cell","KTN2060cell277","SRR7753439","SAMN09910995","SRX4609492"
"KTN206","0cell","KTN2060cell105","SRR7753440","SAMN09910823","SRX4609491"
"KTN206","OPcell","KTN206OPcell12","SRR7753441","SAMN09911178","SRX4609490"
"KTN206","0cell","KTN2060cell109","SRR7753444","SAMN09910827","SRX4609487"
"KTN206","0cell","KTN2060cell426","SRR7753446","SAMN09911144","SRX4609485"
"KTN206","0cell","KTN2060cell427","SRR7753447","SAMN09911145","SRX4609484"
"KTN206","0cell","KTN2060cell423","SRR7753451","SAMN09911141","SRX4609480"
"KTN206","0cell","KTN2060cell17","SRR7753458","SAMN09910735","SRX4609473"
"KTN206","0cell","KTN2060cell12","SRR7753461","SAMN09910730","SRX4609470"
"KTN206","0cell","KTN2060cell230","SRR7753468","SAMN09910948","SRX4609463"
"KTN206","0cell","KTN2060cell315","SRR7753476","SAMN09911033","SRX4609455"
"KTN206","0cell","KTN2060cell320","SRR7753479","SAMN09911038","SRX4609452"
"KTN206","0cell","KTN2060cell446","SRR7753480","SAMN09911164","SRX4609451"
"KTN206","0cell","KTN2060cell148","SRR7753481","SAMN09910866","SRX4609450"
"KTN206","0cell","KTN2060cell146","SRR7753483","SAMN09910864","SRX4609448"
"KTN206","0cell","KTN2060cell143","SRR7753486","SAMN09910861","SRX4609445"
"KTN206","0cell","KTN2060cell141","SRR7753488","SAMN09910859","SRX4609443"
"KTN206","0cell","KTN2060cell268","SRR7753490","SAMN09910986","SRX4609441"
"KTN206","0cell","KTN2060cell149","SRR7753496","SAMN09910867","SRX4609435"
"KTN206","0cell","KTN2060cell381","SRR7753500","SAMN09911099","SRX4609431"
"KTN206","0cell","KTN2060cell385","SRR7753504","SAMN09911103","SRX4609427"
"KTN206","0cell","KTN2060cell388","SRR7753505","SAMN09911106","SRX4609426"
"KTN206","OPcell","KTN206OPcell14","SRR7753510","SAMN09911180","SRX4609421"
"KTN206","OPcell","KTN206OPcell15","SRR7753511","SAMN09911181","SRX4609420"
"KTN206","0cell","KTN2060cell10","SRR7753529","SAMN09910728","SRX4609402"
"KTN206","0cell","KTN2060cell70","SRR7753530","SAMN09910788","SRX4609401"
"KTN206","0cell","KTN2060cell66","SRR7753532","SAMN09910784","SRX4609399"
"KTN206","0cell","KTN2060cell67","SRR7753535","SAMN09910785","SRX4609396"
"KTN206","0cell","KTN2060cell350","SRR7753544","SAMN09911068","SRX4609387"
"KTN206","0cell","KTN2060cell346","SRR7753548","SAMN09911064","SRX4609383"
"KTN206","0cell","KTN2060cell342","SRR7753552","SAMN09911060","SRX4609379"
"KTN206","0cell","KTN2060cell344","SRR7753554","SAMN09911062","SRX4609377"
"KTN206","0cell","KTN2060cell343","SRR7753555","SAMN09911061","SRX4609376"
"KTN206","0cell","KTN2060cell139","SRR7753556","SAMN09910857","SRX4609375"
"KTN206","0cell","KTN2060cell134","SRR7753563","SAMN09910852","SRX4609368"
"KTN206","0cell","KTN2060cell131","SRR7753564","SAMN09910849","SRX4609367"
"KTN206","OPcell","KTN206OPcell35","SRR7753570","SAMN09911201","SRX4609361"
"KTN206","0cell","KTN2060cell24","SRR7753591","SAMN09910742","SRX4609340"
"KTN206","0cell","KTN2060cell23","SRR7753592","SAMN09910741","SRX4609339"
"KTN206","0cell","KTN2060cell25","SRR7753594","SAMN09910743","SRX4609337"
"KTN206","0cell","KTN2060cell30","SRR7753597","SAMN09910748","SRX4609334"
"KTN206","0cell","KTN2060cell308","SRR7753607","SAMN09911026","SRX4609324"
"KTN206","0cell","KTN2060cell351","SRR7753611","SAMN09911069","SRX4609320"
"KTN206","0cell","KTN2060cell172","SRR7753616","SAMN09910890","SRX4609315"
"KTN206","0cell","KTN2060cell280","SRR7753617","SAMN09910998","SRX4609314"
"KTN206","0cell","KTN2060cell180","SRR7753624","SAMN09910898","SRX4609307"
"KTN206","0cell","KTN2060cell375","SRR7753629","SAMN09911093","SRX4609302"
"KTN206","0cell","KTN2060cell377","SRR7753631","SAMN09911095","SRX4609300"
"KTN206","0cell","KTN2060cell379","SRR7753637","SAMN09911097","SRX4609294"
"KTN206","OPcell","KTN206OPcell30","SRR7753641","SAMN09911196","SRX4609290"
"KTN206","0cell","KTN2060cell284","SRR7753654","SAMN09911002","SRX4609277"
"KTN206","0cell","KTN2060cell286","SRR7753656","SAMN09911004","SRX4609275"
"KTN206","0cell","KTN2060cell94","SRR7753661","SAMN09910812","SRX4609270"
"KTN206","0cell","KTN2060cell200","SRR7753666","SAMN09910918","SRX4609265"
"KTN206","0cell","KTN2060cell79","SRR7753675","SAMN09910797","SRX4609756"
"KTN206","0cell","KTN2060cell77","SRR7753685","SAMN09910795","SRX4609746"
"KTN206","0cell","KTN2060cell238","SRR7753692","SAMN09910956","SRX4609739"
"KTN206","0cell","KTN2060cell331","SRR7753694","SAMN09911049","SRX4609737"
"KTN206","0cell","KTN2060cell84","SRR7753702","SAMN09910802","SRX4609729"
"KTN206","0cell","KTN2060cell81","SRR7753705","SAMN09910799","SRX4609726"
"KTN206","0cell","KTN2060cell87","SRR7753707","SAMN09910805","SRX4609724"
"KTN206","0cell","KTN2060cell86","SRR7753708","SAMN09910804","SRX4609723"
"KTN206","0cell","KTN2060cell85","SRR7753709","SAMN09910803","SRX4609722"
"KTN206","0cell","KTN2060cell90","SRR7753710","SAMN09910808","SRX4609721"
"KTN206","0cell","KTN2060cell130","SRR7753714","SAMN09910848","SRX4609717"
"KTN206","0cell","KTN2060cell129","SRR7753715","SAMN09910847","SRX4609716"
"KTN206","0cell","KTN2060cell248","SRR7753727","SAMN09910966","SRX4609704"
"KTN206","0cell","KTN2060cell241","SRR7753728","SAMN09910959","SRX4609703"
"KTN206","0cell","KTN2060cell242","SRR7753729","SAMN09910960","SRX4609702"
"KTN206","OPcell","KTN206OPcell48","SRR7753734","SAMN09911214","SRX4609697"
"KTN206","0cell","KTN2060cell408","SRR7753752","SAMN09911126","SRX4609679"
"KTN206","0cell","KTN2060cell403","SRR7753755","SAMN09911121","SRX4609676"
"KTN206","0cell","KTN2060cell402","SRR7753758","SAMN09911120","SRX4609673"
"KTN206","0cell","KTN2060cell38","SRR7753764","SAMN09910756","SRX4609667"
"KTN206","0cell","KTN2060cell169","SRR7753771","SAMN09910887","SRX4609660"
"KTN206","0cell","KTN2060cell45","SRR7753772","SAMN09910763","SRX4609659"
"KTN206","0cell","KTN2060cell168","SRR7753791","SAMN09910886","SRX4609640"
"KTN206","0cell","KTN2060cell167","SRR7753792","SAMN09910885","SRX4609639"
"KTN206","0cell","KTN2060cell201","SRR7753793","SAMN09910919","SRX4609638"
"KTN206","0cell","KTN2060cell202","SRR7753794","SAMN09910920","SRX4609637"
"KTN206","0cell","KTN2060cell363","SRR7753802","SAMN09911081","SRX4609629"
"KTN206","0cell","KTN2060cell368","SRR7753805","SAMN09911086","SRX4609626"
"KTN206","0cell","KTN2060cell367","SRR7753806","SAMN09911085","SRX4609625"
"KTN206","0cell","KTN2060cell113","SRR7753817","SAMN09910831","SRX4609614"
"KTN206","0cell","KTN2060cell298","SRR7753819","SAMN09911016","SRX4609612"
"KTN206","0cell","KTN2060cell296","SRR7753821","SAMN09911014","SRX4609610"
"KTN206","0cell","KTN2060cell340","SRR7753828","SAMN09911058","SRX4609603"
"KTN206","0cell","KTN2060cell184","SRR7753832","SAMN09910902","SRX4609599"
"KTN206","0cell","KTN2060cell182","SRR7753834","SAMN09910900","SRX4609597"
"KTN206","0cell","KTN2060cell181","SRR7753835","SAMN09910899","SRX4609596"
"KTN206","OPcell","KTN206OPcell108","SRR7750980","SAMN09909196","SRX4607276"
"KTN206","OPcell","KTN206OPcell107","SRR7750981","SAMN09909195","SRX4607275"
"KTN206","OPcell","KTN206OPcell336","SRR7750986","SAMN09909424","SRX4607270"
"KTN206","OPcell","KTN206OPcell379","SRR7750989","SAMN09909467","SRX4607267"
"KTN206","OPcell","KTN206OPcell380","SRR7750990","SAMN09909468","SRX4607266"
"KTN206","OPcell","KTN206OPcell342","SRR7750993","SAMN09909430","SRX4607263"
"KTN206","OPcell","KTN206OPcell341","SRR7750994","SAMN09909429","SRX4607262"
"KTN206","OPcell","KTN206OPcell338","SRR7750997","SAMN09909426","SRX4607259"
"KTN206","OPcell","KTN206OPcell381","SRR7750999","SAMN09909469","SRX4607257"
"KTN206","OPcell","KTN206OPcell335","SRR7751000","SAMN09909423","SRX4607256"
"KTN206","OPcell","KTN206OPcell333","SRR7751002","SAMN09909421","SRX4607254"
"KTN206","OPcell","KTN206OPcell195","SRR7751005","SAMN09909283","SRX4607251"
"KTN206","OPcell","KTN206OPcell414","SRR7751016","SAMN09909502","SRX4607240"
"KTN206","OPcell","KTN206OPcell416","SRR7751018","SAMN09909504","SRX4607238"
"KTN206","OPcell","KTN206OPcell417","SRR7751019","SAMN09909505","SRX4607237"
"KTN206","OPcell","KTN206OPcell419","SRR7751021","SAMN09909507","SRX4607235"
"KTN206","OPcell","KTN206OPcell297","SRR7751030","SAMN09909385","SRX4607226"
"KTN206","OPcell","KTN206OPcell302","SRR7751031","SAMN09909390","SRX4607225"
"KTN206","OPcell","KTN206OPcell236","SRR7751042","SAMN09909324","SRX4607214"
"KTN206","OPcell","KTN206OPcell241","SRR7751043","SAMN09909329","SRX4607213"
"KTN206","OPcell","KTN206OPcell170","SRR7751052","SAMN09909258","SRX4607204"
"KTN206","OPcell","KTN206OPcell399","SRR7751056","SAMN09909487","SRX4607200"
"KTN206","OPcell","KTN206OPcell320","SRR7751058","SAMN09909408","SRX4607198"
"KTN206","OPcell","KTN206OPcell262","SRR7751068","SAMN09909350","SRX4607188"
"KTN206","OPcell","KTN206OPcell99","SRR7751074","SAMN09909187","SRX4607182"
"KTN206","OPcell","KTN206OPcell386","SRR7751080","SAMN09909474","SRX4607176"
"KTN206","OPcell","KTN206OPcell384","SRR7751082","SAMN09909472","SRX4607174"
"KTN206","OPcell","KTN206OPcell390","SRR7751084","SAMN09909478","SRX4607172"
"KTN206","OPcell","KTN206OPcell90","SRR7751090","SAMN09909178","SRX4607166"
"KTN206","OPcell","KTN206OPcell87","SRR7751093","SAMN09909175","SRX4607163"
"KTN206","OPcell","KTN206OPcell85","SRR7751095","SAMN09909173","SRX4607161"
"KTN206","OPcell","KTN206OPcell92","SRR7751098","SAMN09909180","SRX4607158"
"KTN206","OPcell","KTN206OPcell203","SRR7751109","SAMN09909291","SRX4607147"
"KTN206","OPcell","KTN206OPcell425","SRR7751115","SAMN09909513","SRX4607141"
"KTN206","OPcell","KTN206OPcell424","SRR7751116","SAMN09909512","SRX4607140"
"KTN206","OPcell","KTN206OPcell328","SRR7751121","SAMN09909416","SRX4607135"
"KTN206","OPcell","KTN206OPcell323","SRR7751124","SAMN09909411","SRX4607132"
"KTN206","OPcell","KTN206OPcell60","SRR7751126","SAMN09909148","SRX4607130"
"KTN206","OPcell","KTN206OPcell59","SRR7751127","SAMN09909147","SRX4607129"
"KTN206","OPcell","KTN206OPcell58","SRR7751128","SAMN09909146","SRX4607128"
"KTN206","OPcell","KTN206OPcell54","SRR7751132","SAMN09909142","SRX4607124"
"KTN206","OPcell","KTN206OPcell62","SRR7751134","SAMN09909150","SRX4607122"
"KTN206","OPcell","KTN206OPcell129","SRR7751143","SAMN09909217","SRX4607113"
"KTN206","OPcell","KTN206OPcell128","SRR7751144","SAMN09909216","SRX4607112"
"KTN206","OPcell","KTN206OPcell127","SRR7751145","SAMN09909215","SRX4607111"
"KTN206","OPcell","KTN206OPcell252","SRR7751155","SAMN09909340","SRX4607101"
"KTN206","OPcell","KTN206OPcell177","SRR7751159","SAMN09909265","SRX4607097"
"KTN206","OPcell","KTN206OPcell174","SRR7751164","SAMN09909262","SRX4607092"
"KTN206","OPcell","KTN206OPcell181","SRR7751165","SAMN09909269","SRX4607091"
"KTN206","OPcell","KTN206OPcell285","SRR7751167","SAMN09909373","SRX4607089"
"KTN206","OPcell","KTN206OPcell291","SRR7751176","SAMN09909379","SRX4607080"
"KTN206","OPcell","KTN206OPcell292","SRR7751177","SAMN09909380","SRX4607079"
"KTN206","OPcell","KTN206OPcell361","SRR7751181","SAMN09909449","SRX4607075"
"KTN206","OPcell","KTN206OPcell362","SRR7751182","SAMN09909450","SRX4607074"
"KTN206","OPcell","KTN206OPcell73","SRR7751191","SAMN09909161","SRX4607065"
"KTN206","OPcell","KTN206OPcell80","SRR7751198","SAMN09909168","SRX4607058"
"KTN206","OPcell","KTN206OPcell222","SRR7751202","SAMN09909310","SRX4607054"
"KTN206","OPcell","KTN206OPcell216","SRR7751204","SAMN09909304","SRX4607052"
"KTN206","OPcell","KTN206OPcell143","SRR7751216","SAMN09909231","SRX4607040"
"KTN206","OPcell","KTN206OPcell346","SRR7751224","SAMN09909434","SRX4607032"
"KTN206","OPcell","KTN206OPcell349","SRR7751227","SAMN09909437","SRX4607029"
"KTN206","OPcell","KTN206OPcell352","SRR7751230","SAMN09909440","SRX4607026"
"KTN206","OPcell","KTN206OPcell393","SRR7751233","SAMN09909481","SRX4607023"
"KTN206","OPcell","KTN206OPcell394","SRR7751234","SAMN09909482","SRX4607022"
"KTN206","OPcell","KTN206OPcell318","SRR7751239","SAMN09909406","SRX4607017"
"KTN206","OPcell","KTN206OPcell317","SRR7751240","SAMN09909405","SRX4607016"
"KTN206","OPcell","KTN206OPcell401","SRR7751241","SAMN09909489","SRX4607015"
"KTN206","OPcell","KTN206OPcell118","SRR7751248","SAMN09909206","SRX4607008"
"KTN206","OPcell","KTN206OPcell119","SRR7751249","SAMN09909207","SRX4607007"
"KTN206","OPcell","KTN206OPcell113","SRR7751251","SAMN09909201","SRX4607005"
"KTN206","OPcell","KTN206OPcell116","SRR7751254","SAMN09909204","SRX4607002"
"KTN206","OPcell","KTN206OPcell69","SRR7751302","SAMN09909157","SRX4606954"
"KTN206","OPcell","KTN206OPcell66","SRR7751305","SAMN09909154","SRX4606951"
"KTN206","OPcell","KTN206OPcell232","SRR7751307","SAMN09909320","SRX4606949"
"KTN206","OPcell","KTN206OPcell228","SRR7751313","SAMN09909316","SRX4606943"
"KTN206","OPcell","KTN206OPcell139","SRR7751319","SAMN09909227","SRX4606937"
"KTN206","OPcell","KTN206OPcell133","SRR7751325","SAMN09909221","SRX4606931"
"KTN206","OPcell","KTN206OPcell142","SRR7751328","SAMN09909230","SRX4606928"
"KTN206","OPcell","KTN206OPcell161","SRR7751329","SAMN09909249","SRX4606927"
"KTN206","OPcell","KTN206OPcell159","SRR7751333","SAMN09909247","SRX4606923"
"KTN206","OPcell","KTN206OPcell154","SRR7751336","SAMN09909242","SRX4606920"
"KTN206","OPcell","KTN206OPcell412","SRR7751339","SAMN09909500","SRX4606917"
"KTN206","OPcell","KTN206OPcell406","SRR7751343","SAMN09909494","SRX4606913"
"KTN206","OPcell","KTN206OPcell408","SRR7751345","SAMN09909496","SRX4606911"
"KTN206","OPcell","KTN206OPcell263","SRR7751349","SAMN09909351","SRX4606907"
"KTN206","OPcell","KTN206OPcell103","SRR7751358","SAMN09909191","SRX4607279"
"KTN206","0cell","KTN2060cell328","SRR7753340","SAMN09911046","SRX4609591"
"KTN206","0cell","KTN2060cell326","SRR7753342","SAMN09911044","SRX4609589"
"KTN206","0cell","KTN2060cell323","SRR7753345","SAMN09911041","SRX4609586"
"KTN206","0cell","KTN2060cell98","SRR7753351","SAMN09910816","SRX4609580"
"KTN206","0cell","KTN2060cell91","SRR7753352","SAMN09910809","SRX4609579"
"KTN206","0cell","KTN2060cell152","SRR7753360","SAMN09910870","SRX4609571"
"KTN206","0cell","KTN2060cell153","SRR7753361","SAMN09910871","SRX4609570"
"KTN206","0cell","KTN2060cell155","SRR7753363","SAMN09910873","SRX4609568"
"KTN206","0cell","KTN2060cell252","SRR7753369","SAMN09910970","SRX4609562"
"KTN206","0cell","KTN2060cell255","SRR7753374","SAMN09910973","SRX4609557"
"KTN206","0cell","KTN2060cell396","SRR7753382","SAMN09911114","SRX4609549"
"KTN206","0cell","KTN2060cell416","SRR7753386","SAMN09911134","SRX4609545"
"KTN206","0cell","KTN2060cell447","SRR7753398","SAMN09911165","SRX4609533"
"KTN206","OPcell","KTN206OPcell2","SRR7753403","SAMN09911168","SRX4609528"
"KTN206","0cell","KTN2060cell294","SRR7753404","SAMN09911012","SRX4609527"
"KTN206","0cell","KTN2060cell52","SRR7753406","SAMN09910770","SRX4609525"
"KTN206","0cell","KTN2060cell293","SRR7753407","SAMN09911011","SRX4609524"
"KTN206","0cell","KTN2060cell54","SRR7753408","SAMN09910772","SRX4609523"
"KTN206","0cell","KTN2060cell57","SRR7753411","SAMN09910775","SRX4609520"
"KTN206","0cell","KTN2060cell59","SRR7753413","SAMN09910777","SRX4609518"
"KTN206","0cell","KTN2060cell60","SRR7753414","SAMN09910778","SRX4609517"
"KTN206","0cell","KTN2060cell218","SRR7753415","SAMN09910936","SRX4609516"
"KTN206","0cell","KTN2060cell214","SRR7753419","SAMN09910932","SRX4609512"
"KTN206","0cell","KTN2060cell353","SRR7753427","SAMN09911071","SRX4609504"
"KTN206","0cell","KTN2060cell107","SRR7753438","SAMN09910825","SRX4609493"
"KTN206","0cell","KTN2060cell422","SRR7753450","SAMN09911140","SRX4609481"
"KTN206","0cell","KTN2060cell424","SRR7753452","SAMN09911142","SRX4609479"
"KTN206","0cell","KTN2060cell430","SRR7753454","SAMN09911148","SRX4609477"
"KTN206","0cell","KTN2060cell18","SRR7753459","SAMN09910736","SRX4609472"
"KTN206","0cell","KTN2060cell20","SRR7753465","SAMN09910738","SRX4609466"
"KTN206","0cell","KTN2060cell312","SRR7753473","SAMN09911030","SRX4609458"
"KTN206","0cell","KTN2060cell316","SRR7753477","SAMN09911034","SRX4609454"
"KTN206","0cell","KTN2060cell147","SRR7753482","SAMN09910865","SRX4609449"
"KTN206","0cell","KTN2060cell145","SRR7753484","SAMN09910863","SRX4609447"
"KTN206","0cell","KTN2060cell266","SRR7753492","SAMN09910984","SRX4609439"
"KTN206","0cell","KTN2060cell263","SRR7753493","SAMN09910981","SRX4609438"
"KTN206","0cell","KTN2060cell150","SRR7753495","SAMN09910868","SRX4609436"
"KTN206","0cell","KTN2060cell387","SRR7753506","SAMN09911105","SRX4609425"
"KTN206","OPcell","KTN206OPcell21","SRR7753507","SAMN09911187","SRX4609424"
"KTN206","OPcell","KTN206OPcell16","SRR7753512","SAMN09911182","SRX4609419"
"KTN206","OPcell","KTN206OPcell10","SRR7753514","SAMN09911176","SRX4609417"
"KTN206","OPcell","KTN206OPcell19","SRR7753515","SAMN09911185","SRX4609416"
"KTN206","0cell","KTN2060cell1","SRR7753520","SAMN09910719","SRX4609411"
"KTN206","0cell","KTN2060cell2","SRR7753521","SAMN09910720","SRX4609410"
"KTN206","0cell","KTN2060cell7","SRR7753526","SAMN09910725","SRX4609405"
"KTN206","0cell","KTN2060cell9","SRR7753528","SAMN09910727","SRX4609403"
"KTN206","0cell","KTN2060cell69","SRR7753531","SAMN09910787","SRX4609400"
"KTN206","0cell","KTN2060cell63","SRR7753539","SAMN09910781","SRX4609392"
"KTN206","0cell","KTN2060cell223","SRR7753540","SAMN09910941","SRX4609391"
"KTN206","0cell","KTN2060cell349","SRR7753545","SAMN09911067","SRX4609386"
"KTN206","0cell","KTN2060cell225","SRR7753546","SAMN09910943","SRX4609385"
"KTN206","0cell","KTN2060cell135","SRR7753560","SAMN09910853","SRX4609371"
"KTN206","0cell","KTN2060cell136","SRR7753561","SAMN09910854","SRX4609370"
"KTN206","0cell","KTN2060cell431","SRR7753580","SAMN09911149","SRX4609351"
"KTN206","0cell","KTN2060cell435","SRR7753584","SAMN09911153","SRX4609347"
"KTN206","0cell","KTN2060cell28","SRR7753595","SAMN09910746","SRX4609336"
"KTN206","0cell","KTN2060cell27","SRR7753596","SAMN09910745","SRX4609335"
"KTN206","0cell","KTN2060cell302","SRR7753601","SAMN09911020","SRX4609330"
"KTN206","0cell","KTN2060cell303","SRR7753604","SAMN09911021","SRX4609327"
"KTN206","0cell","KTN2060cell305","SRR7753606","SAMN09911023","SRX4609325"
"KTN206","0cell","KTN2060cell352","SRR7753612","SAMN09911070","SRX4609319"
"KTN206","0cell","KTN2060cell173","SRR7753613","SAMN09910891","SRX4609318"
"KTN206","0cell","KTN2060cell174","SRR7753614","SAMN09910892","SRX4609317"
"KTN206","0cell","KTN2060cell171","SRR7753615","SAMN09910889","SRX4609316"
"KTN206","0cell","KTN2060cell175","SRR7753619","SAMN09910893","SRX4609312"
"KTN206","0cell","KTN2060cell376","SRR7753630","SAMN09911094","SRX4609301"
"KTN206","0cell","KTN2060cell100","SRR7753640","SAMN09910818","SRX4609291"
"KTN206","OPcell","KTN206OPcell31","SRR7753650","SAMN09911197","SRX4609281"
"KTN206","0cell","KTN2060cell282","SRR7753652","SAMN09911000","SRX4609279"
"KTN206","0cell","KTN2060cell288","SRR7753658","SAMN09911006","SRX4609273"
"KTN206","0cell","KTN2060cell46","SRR7753664","SAMN09910764","SRX4609267"
"KTN206","0cell","KTN2060cell199","SRR7753665","SAMN09910917","SRX4609266"
"KTN206","0cell","KTN2060cell194","SRR7753674","SAMN09910912","SRX4609257"
"KTN206","0cell","KTN2060cell80","SRR7753676","SAMN09910798","SRX4609755"
"KTN206","0cell","KTN2060cell78","SRR7753678","SAMN09910796","SRX4609753"
"KTN206","0cell","KTN2060cell75","SRR7753679","SAMN09910793","SRX4609752"
"KTN206","0cell","KTN2060cell71","SRR7753683","SAMN09910789","SRX4609748"
"KTN206","0cell","KTN2060cell337","SRR7753700","SAMN09911055","SRX4609731"
"KTN206","0cell","KTN2060cell128","SRR7753718","SAMN09910846","SRX4609713"
"KTN206","0cell","KTN2060cell245","SRR7753724","SAMN09910963","SRX4609707"
"KTN206","0cell","KTN2060cell246","SRR7753725","SAMN09910964","SRX4609706"
"KTN206","0cell","KTN2060cell249","SRR7753732","SAMN09910967","SRX4609699"
"KTN206","OPcell","KTN206OPcell52","SRR7753743","SAMN09911218","SRX4609688"
"KTN206","OPcell","KTN206OPcell8","SRR7753747","SAMN09911174","SRX4609684"
"KTN206","OPcell","KTN206OPcell7","SRR7753748","SAMN09911173","SRX4609683"
"KTN206","0cell","KTN2060cell409","SRR7753749","SAMN09911127","SRX4609682"
"KTN206","0cell","KTN2060cell31","SRR7753761","SAMN09910749","SRX4609670"
"KTN206","0cell","KTN2060cell43","SRR7753774","SAMN09910761","SRX4609657"
"KTN206","0cell","KTN2060cell50","SRR7753777","SAMN09910768","SRX4609654"
"KTN206","0cell","KTN2060cell203","SRR7753795","SAMN09910921","SRX4609636"
"KTN206","0cell","KTN2060cell207","SRR7753799","SAMN09910925","SRX4609632"
"KTN206","0cell","KTN2060cell361","SRR7753804","SAMN09911079","SRX4609627"
"KTN206","0cell","KTN2060cell366","SRR7753807","SAMN09911084","SRX4609624"
"KTN206","0cell","KTN2060cell112","SRR7753816","SAMN09910830","SRX4609615"
"KTN206","0cell","KTN2060cell295","SRR7753822","SAMN09911013","SRX4609609"
"KTN206","OPcell","KTN206OPcell110","SRR7750982","SAMN09909198","SRX4607274"
"KTN206","OPcell","KTN206OPcell193","SRR7751003","SAMN09909281","SRX4607253"
"KTN206","OPcell","KTN206OPcell194","SRR7751004","SAMN09909282","SRX4607252"
"KTN206","OPcell","KTN206OPcell200","SRR7751010","SAMN09909288","SRX4607246"
"KTN206","OPcell","KTN206OPcell202","SRR7751012","SAMN09909290","SRX4607244"
"KTN206","OPcell","KTN206OPcell413","SRR7751015","SAMN09909501","SRX4607241"
"KTN206","OPcell","KTN206OPcell415","SRR7751017","SAMN09909503","SRX4607239"
"KTN206","OPcell","KTN206OPcell418","SRR7751020","SAMN09909506","SRX4607236"
"KTN206","OPcell","KTN206OPcell295","SRR7751024","SAMN09909383","SRX4607232"
"KTN206","OPcell","KTN206OPcell300","SRR7751027","SAMN09909388","SRX4607229"
"KTN206","OPcell","KTN206OPcell301","SRR7751032","SAMN09909389","SRX4607224"
"KTN206","OPcell","KTN206OPcell238","SRR7751036","SAMN09909326","SRX4607220"
"KTN206","OPcell","KTN206OPcell166","SRR7751048","SAMN09909254","SRX4607208"
"KTN206","OPcell","KTN206OPcell165","SRR7751049","SAMN09909253","SRX4607207"
"KTN206","OPcell","KTN206OPcell260","SRR7751060","SAMN09909348","SRX4607196"
"KTN206","OPcell","KTN206OPcell257","SRR7751063","SAMN09909345","SRX4607193"
"KTN206","OPcell","KTN206OPcell255","SRR7751065","SAMN09909343","SRX4607191"
"KTN206","OPcell","KTN206OPcell102","SRR7751079","SAMN09909190","SRX4607177"
"KTN206","OPcell","KTN206OPcell387","SRR7751087","SAMN09909475","SRX4607169"
"KTN206","OPcell","KTN206OPcell207","SRR7751105","SAMN09909295","SRX4607151"
"KTN206","OPcell","KTN206OPcell332","SRR7751117","SAMN09909420","SRX4607139"
"KTN206","OPcell","KTN206OPcell327","SRR7751120","SAMN09909415","SRX4607136"
"KTN206","OPcell","KTN206OPcell324","SRR7751125","SAMN09909412","SRX4607131"
"KTN206","OPcell","KTN206OPcell56","SRR7751130","SAMN09909144","SRX4607126"
"KTN206","OPcell","KTN206OPcell246","SRR7751147","SAMN09909334","SRX4607109"
"KTN206","OPcell","KTN206OPcell247","SRR7751154","SAMN09909335","SRX4607102"
"KTN206","OPcell","KTN206OPcell358","SRR7751186","SAMN09909446","SRX4607070"
"KTN206","OPcell","KTN206OPcell218","SRR7751210","SAMN09909306","SRX4607046"
"KTN206","OPcell","KTN206OPcell145","SRR7751218","SAMN09909233","SRX4607038"
"KTN206","OPcell","KTN206OPcell344","SRR7751222","SAMN09909432","SRX4607034"
"KTN206","OPcell","KTN206OPcell397","SRR7751237","SAMN09909485","SRX4607019"
"KTN206","OPcell","KTN206OPcell398","SRR7751238","SAMN09909486","SRX4607018"
"KTN206","OPcell","KTN206OPcell188","SRR7751257","SAMN09909276","SRX4606999"
"KTN206","OPcell","KTN206OPcell187","SRR7751258","SAMN09909275","SRX4606998"
"KTN206","OPcell","KTN206OPcell184","SRR7751261","SAMN09909272","SRX4606995"
"KTN206","OPcell","KTN206OPcell186","SRR7751263","SAMN09909274","SRX4606993"
"KTN206","OPcell","KTN206OPcell275","SRR7751270","SAMN09909363","SRX4606986"
"KTN206","OPcell","KTN206OPcell278","SRR7751271","SAMN09909366","SRX4606985"
"KTN206","OPcell","KTN206OPcell311","SRR7751295","SAMN09909399","SRX4606961"
"KTN206","OPcell","KTN206OPcell68","SRR7751299","SAMN09909156","SRX4606957"
"KTN206","OPcell","KTN206OPcell67","SRR7751300","SAMN09909155","SRX4606956"
"KTN206","OPcell","KTN206OPcell70","SRR7751301","SAMN09909158","SRX4606955"
"KTN206","OPcell","KTN206OPcell64","SRR7751303","SAMN09909152","SRX4606953"
"KTN206","OPcell","KTN206OPcell138","SRR7751322","SAMN09909226","SRX4606934"
"KTN206","OPcell","KTN206OPcell162","SRR7751330","SAMN09909250","SRX4606926"
"KTN206","OPcell","KTN206OPcell157","SRR7751331","SAMN09909245","SRX4606925"
"KTN206","OPcell","KTN206OPcell156","SRR7751338","SAMN09909244","SRX4606918"
"KTN206","OPcell","KTN206OPcell405","SRR7751344","SAMN09909493","SRX4606912"
"KTN206","OPcell","KTN206OPcell407","SRR7751346","SAMN09909495","SRX4606910"
"KTN206","OPcell","KTN206OPcell266","SRR7751352","SAMN09909354","SRX4606904"
"KTN206","OPcell","KTN206OPcell267","SRR7751353","SAMN09909355","SRX4606903"
"KTN206","OPcell","KTN206OPcell104","SRR7751357","SAMN09909192","SRX4607280"
"KTN206","0cell","KTN2060cell322","SRR7753346","SAMN09911040","SRX4609585"
"KTN206","0cell","KTN2060cell92","SRR7753353","SAMN09910810","SRX4609578"
"KTN206","0cell","KTN2060cell156","SRR7753364","SAMN09910874","SRX4609567"
"KTN206","0cell","KTN2060cell256","SRR7753373","SAMN09910974","SRX4609558"
"KTN206","0cell","KTN2060cell398","SRR7753380","SAMN09911116","SRX4609551"
"KTN206","0cell","KTN2060cell414","SRR7753392","SAMN09911132","SRX4609539"
"KTN206","0cell","KTN2060cell413","SRR7753393","SAMN09911131","SRX4609538"
"KTN206","0cell","KTN2060cell443","SRR7753394","SAMN09911161","SRX4609537"
"KTN206","0cell","KTN2060cell441","SRR7753396","SAMN09911159","SRX4609535"
"KTN206","0cell","KTN2060cell442","SRR7753397","SAMN09911160","SRX4609534"
"KTN206","OPcell","KTN206OPcell1","SRR7753402","SAMN09911167","SRX4609529"
"KTN206","0cell","KTN2060cell56","SRR7753410","SAMN09910774","SRX4609521"
"KTN206","0cell","KTN2060cell215","SRR7753418","SAMN09910933","SRX4609513"
"KTN206","0cell","KTN2060cell177","SRR7753431","SAMN09910895","SRX4609500"
"KTN206","0cell","KTN2060cell279","SRR7753432","SAMN09910997","SRX4609499"
"KTN206","0cell","KTN2060cell421","SRR7753449","SAMN09911139","SRX4609482"
"KTN206","0cell","KTN2060cell228","SRR7753455","SAMN09910946","SRX4609476"
"KTN206","0cell","KTN2060cell16","SRR7753457","SAMN09910734","SRX4609474"
"KTN206","0cell","KTN2060cell13","SRR7753462","SAMN09910731","SRX4609469"
"KTN206","OPcell","KTN206OPcell44","SRR7753466","SAMN09911210","SRX4609465"
"KTN206","0cell","KTN2060cell229","SRR7753467","SAMN09910947","SRX4609464"
"KTN206","OPcell","KTN206OPcell4","SRR7753469","SAMN09911170","SRX4609462"
"KTN206","0cell","KTN2060cell313","SRR7753470","SAMN09911031","SRX4609461"
"KTN206","0cell","KTN2060cell311","SRR7753472","SAMN09911029","SRX4609459"
"KTN206","0cell","KTN2060cell384","SRR7753501","SAMN09911102","SRX4609430"
"KTN206","0cell","KTN2060cell386","SRR7753503","SAMN09911104","SRX4609428"
"KTN206","0cell","KTN2060cell407","SRR7753518","SAMN09911125","SRX4609413"
"KTN206","OPcell","KTN206OPcell9","SRR7753519","SAMN09911175","SRX4609412"
"KTN206","0cell","KTN2060cell4","SRR7753523","SAMN09910722","SRX4609408"
"KTN206","0cell","KTN2060cell64","SRR7753538","SAMN09910782","SRX4609393"
"KTN206","0cell","KTN2060cell221","SRR7753542","SAMN09910939","SRX4609389"
"KTN206","0cell","KTN2060cell226","SRR7753547","SAMN09910944","SRX4609384"
"KTN206","0cell","KTN2060cell348","SRR7753550","SAMN09911066","SRX4609381"
"KTN206","0cell","KTN2060cell140","SRR7753557","SAMN09910858","SRX4609374"
"KTN206","0cell","KTN2060cell138","SRR7753559","SAMN09910856","SRX4609372"
"KTN206","0cell","KTN2060cell133","SRR7753562","SAMN09910851","SRX4609369"
"KTN206","OPcell","KTN206OPcell38","SRR7753569","SAMN09911204","SRX4609362"
"KTN206","OPcell","KTN206OPcell34","SRR7753573","SAMN09911200","SRX4609358"
"KTN206","0cell","KTN2060cell142","SRR7753574","SAMN09910860","SRX4609357"
"KTN206","0cell","KTN2060cell438","SRR7753581","SAMN09911156","SRX4609350"
"KTN206","0cell","KTN2060cell261","SRR7753585","SAMN09910979","SRX4609346"
"KTN206","0cell","KTN2060cell309","SRR7753610","SAMN09911027","SRX4609321"
"KTN206","0cell","KTN2060cell178","SRR7753618","SAMN09910896","SRX4609313"
"KTN206","0cell","KTN2060cell176","SRR7753620","SAMN09910894","SRX4609311"
"KTN206","0cell","KTN2060cell276","SRR7753621","SAMN09910994","SRX4609310"
"KTN206","0cell","KTN2060cell373","SRR7753635","SAMN09911091","SRX4609296"
"KTN206","0cell","KTN2060cell374","SRR7753636","SAMN09911092","SRX4609295"
"KTN206","0cell","KTN2060cell99","SRR7753639","SAMN09910817","SRX4609292"
"KTN206","OPcell","KTN206OPcell29","SRR7753642","SAMN09911195","SRX4609289"
"KTN206","OPcell","KTN206OPcell27","SRR7753644","SAMN09911193","SRX4609287"
"KTN206","OPcell","KTN206OPcell26","SRR7753645","SAMN09911192","SRX4609286"
"KTN206","OPcell","KTN206OPcell24","SRR7753647","SAMN09911190","SRX4609284"
"KTN206","OPcell","KTN206OPcell32","SRR7753649","SAMN09911198","SRX4609282"
"KTN206","0cell","KTN2060cell281","SRR7753651","SAMN09910999","SRX4609280"
"KTN206","0cell","KTN2060cell285","SRR7753655","SAMN09911003","SRX4609276"
"KTN206","0cell","KTN2060cell445","SRR7753662","SAMN09911163","SRX4609269"
"KTN206","0cell","KTN2060cell195","SRR7753667","SAMN09910913","SRX4609264"
"KTN206","0cell","KTN2060cell198","SRR7753670","SAMN09910916","SRX4609261"
"KTN206","0cell","KTN2060cell231","SRR7753687","SAMN09910949","SRX4609744"
"KTN206","0cell","KTN2060cell336","SRR7753699","SAMN09911054","SRX4609732"
"KTN206","0cell","KTN2060cell83","SRR7753703","SAMN09910801","SRX4609728"
"KTN206","0cell","KTN2060cell88","SRR7753706","SAMN09910806","SRX4609725"
"KTN206","0cell","KTN2060cell127","SRR7753719","SAMN09910845","SRX4609712"
"KTN206","0cell","KTN2060cell121","SRR7753721","SAMN09910839","SRX4609710"
"KTN206","0cell","KTN2060cell250","SRR7753733","SAMN09910968","SRX4609698"
"KTN206","OPcell","KTN206OPcell50","SRR7753736","SAMN09911216","SRX4609695"
"KTN206","OPcell","KTN206OPcell46","SRR7753740","SAMN09911212","SRX4609691"
"KTN206","OPcell","KTN206OPcell3","SRR7753742","SAMN09911169","SRX4609689"
"KTN206","OPcell","KTN206OPcell6","SRR7753745","SAMN09911172","SRX4609686"
"KTN206","0cell","KTN2060cell404","SRR7753756","SAMN09911122","SRX4609675"
"KTN206","0cell","KTN2060cell33","SRR7753759","SAMN09910751","SRX4609672"
"KTN206","0cell","KTN2060cell32","SRR7753762","SAMN09910750","SRX4609669"
"KTN206","0cell","KTN2060cell47","SRR7753770","SAMN09910765","SRX4609661"
"KTN206","0cell","KTN2060cell251","SRR7753775","SAMN09910969","SRX4609656"
"KTN206","0cell","KTN2060cell209","SRR7753779","SAMN09910927","SRX4609652"
"KTN206","0cell","KTN2060cell259","SRR7753784","SAMN09910977","SRX4609647"
"KTN206","0cell","KTN2060cell163","SRR7753788","SAMN09910881","SRX4609643"
"KTN206","0cell","KTN2060cell170","SRR7753789","SAMN09910888","SRX4609642"
"KTN206","0cell","KTN2060cell205","SRR7753797","SAMN09910923","SRX4609634"
"KTN206","0cell","KTN2060cell362","SRR7753803","SAMN09911080","SRX4609628"
"KTN206","0cell","KTN2060cell369","SRR7753810","SAMN09911087","SRX4609621"
"KTN206","0cell","KTN2060cell116","SRR7753812","SAMN09910834","SRX4609619"
"KTN206","0cell","KTN2060cell118","SRR7753814","SAMN09910836","SRX4609617"
"KTN206","0cell","KTN2060cell111","SRR7753815","SAMN09910829","SRX4609616"
"KTN206","0cell","KTN2060cell292","SRR7753825","SAMN09911010","SRX4609606"
"KTN206","0cell","KTN2060cell291","SRR7753826","SAMN09911009","SRX4609605"
"KTN206","0cell","KTN2060cell240","SRR7753827","SAMN09910958","SRX4609604"
"KTN206","0cell","KTN2060cell239","SRR7753829","SAMN09910957","SRX4609602"
"KTN206","0cell","KTN2060cell189","SRR7753831","SAMN09910907","SRX4609600"
"KTN206","OPcell","KTN206OPcell111","SRR7750985","SAMN09909199","SRX4607271"
"KTN206","OPcell","KTN206OPcell378","SRR7750988","SAMN09909466","SRX4607268"
"KTN206","OPcell","KTN206OPcell339","SRR7750996","SAMN09909427","SRX4607260"
"KTN206","OPcell","KTN206OPcell334","SRR7751001","SAMN09909422","SRX4607255"
"KTN206","OPcell","KTN206OPcell196","SRR7751006","SAMN09909284","SRX4607250"
"KTN206","OPcell","KTN206OPcell421","SRR7751013","SAMN09909509","SRX4607243"
"KTN206","OPcell","KTN206OPcell420","SRR7751022","SAMN09909508","SRX4607234"
"KTN206","OPcell","KTN206OPcell296","SRR7751023","SAMN09909384","SRX4607233"
"KTN206","OPcell","KTN206OPcell293","SRR7751026","SAMN09909381","SRX4607230"
"KTN206","OPcell","KTN206OPcell376","SRR7751034","SAMN09909464","SRX4607222"
"KTN206","OPcell","KTN206OPcell240","SRR7751038","SAMN09909328","SRX4607218"
"KTN206","OPcell","KTN206OPcell233","SRR7751039","SAMN09909321","SRX4607217"
"KTN206","OPcell","KTN206OPcell242","SRR7751044","SAMN09909330","SRX4607212"
"KTN206","OPcell","KTN206OPcell382","SRR7751045","SAMN09909470","SRX4607211"
"KTN206","OPcell","KTN206OPcell164","SRR7751050","SAMN09909252","SRX4607206"
"KTN206","OPcell","KTN206OPcell258","SRR7751062","SAMN09909346","SRX4607194"
"KTN206","OPcell","KTN206OPcell256","SRR7751064","SAMN09909344","SRX4607192"
"KTN206","OPcell","KTN206OPcell254","SRR7751066","SAMN09909342","SRX4607190"
"KTN206","OPcell","KTN206OPcell253","SRR7751067","SAMN09909341","SRX4607189"
"KTN206","OPcell","KTN206OPcell97","SRR7751076","SAMN09909185","SRX4607180"
"KTN206","OPcell","KTN206OPcell385","SRR7751081","SAMN09909473","SRX4607175"
"KTN206","OPcell","KTN206OPcell383","SRR7751083","SAMN09909471","SRX4607173"
"KTN206","OPcell","KTN206OPcell392","SRR7751088","SAMN09909480","SRX4607168"
"KTN206","OPcell","KTN206OPcell91","SRR7751099","SAMN09909179","SRX4607157"
"KTN206","OPcell","KTN206OPcell205","SRR7751107","SAMN09909293","SRX4607149"
"KTN206","OPcell","KTN206OPcell427","SRR7751113","SAMN09909515","SRX4607143"
"KTN206","OPcell","KTN206OPcell426","SRR7751114","SAMN09909514","SRX4607142"
"KTN206","OPcell","KTN206OPcell329","SRR7751118","SAMN09909417","SRX4607138"
"KTN206","OPcell","KTN206OPcell326","SRR7751123","SAMN09909414","SRX4607133"
"KTN206","OPcell","KTN206OPcell57","SRR7751129","SAMN09909145","SRX4607127"
"KTN206","OPcell","KTN206OPcell131","SRR7751137","SAMN09909219","SRX4607119"
"KTN206","OPcell","KTN206OPcell126","SRR7751138","SAMN09909214","SRX4607118"
"KTN206","OPcell","KTN206OPcell125","SRR7751139","SAMN09909213","SRX4607117"
"KTN206","OPcell","KTN206OPcell124","SRR7751140","SAMN09909212","SRX4607116"
"KTN206","OPcell","KTN206OPcell433","SRR7751146","SAMN09909521","SRX4607110"
"KTN206","OPcell","KTN206OPcell245","SRR7751148","SAMN09909333","SRX4607108"
"KTN206","OPcell","KTN206OPcell243","SRR7751150","SAMN09909331","SRX4607106"
"KTN206","OPcell","KTN206OPcell179","SRR7751157","SAMN09909267","SRX4607099"
"KTN206","OPcell","KTN206OPcell178","SRR7751160","SAMN09909266","SRX4607096"
"KTN206","OPcell","KTN206OPcell284","SRR7751170","SAMN09909372","SRX4607086"
"KTN206","OPcell","KTN206OPcell331","SRR7751175","SAMN09909419","SRX4607081"
"KTN206","OPcell","KTN206OPcell423","SRR7751178","SAMN09909511","SRX4607078"
"KTN206","OPcell","KTN206OPcell432","SRR7751179","SAMN09909520","SRX4607077"
"KTN206","OPcell","KTN206OPcell359","SRR7751183","SAMN09909447","SRX4607073"
"KTN206","OPcell","KTN206OPcell360","SRR7751184","SAMN09909448","SRX4607072"
"KTN206","OPcell","KTN206OPcell354","SRR7751190","SAMN09909442","SRX4607066"
"KTN206","OPcell","KTN206OPcell75","SRR7751193","SAMN09909163","SRX4607063"
"KTN206","OPcell","KTN206OPcell76","SRR7751194","SAMN09909164","SRX4607062"
"KTN206","OPcell","KTN206OPcell77","SRR7751195","SAMN09909165","SRX4607061"
"KTN206","OPcell","KTN206OPcell79","SRR7751197","SAMN09909167","SRX4607059"
"KTN206","OPcell","KTN206OPcell82","SRR7751200","SAMN09909170","SRX4607056"
"KTN206","OPcell","KTN206OPcell219","SRR7751207","SAMN09909307","SRX4607049"
"KTN206","OPcell","KTN206OPcell217","SRR7751209","SAMN09909305","SRX4607047"
"KTN206","OPcell","KTN206OPcell343","SRR7751221","SAMN09909431","SRX4607035"
"KTN206","OPcell","KTN206OPcell348","SRR7751226","SAMN09909436","SRX4607030"
"KTN206","OPcell","KTN206OPcell351","SRR7751229","SAMN09909439","SRX4607027"
"KTN206","OPcell","KTN206OPcell402","SRR7751242","SAMN09909490","SRX4607014"
"KTN206","OPcell","KTN206OPcell314","SRR7751243","SAMN09909402","SRX4607013"
"KTN206","OPcell","KTN206OPcell313","SRR7751244","SAMN09909401","SRX4607012"
"KTN206","OPcell","KTN206OPcell315","SRR7751246","SAMN09909403","SRX4607010"
"KTN206","OPcell","KTN206OPcell189","SRR7751260","SAMN09909277","SRX4606996"
"KTN206","OPcell","KTN206OPcell183","SRR7751262","SAMN09909271","SRX4606994"
"KTN206","OPcell","KTN206OPcell185","SRR7751264","SAMN09909273","SRX4606992"
"KTN206","OPcell","KTN206OPcell191","SRR7751266","SAMN09909279","SRX4606990"
"KTN206","OPcell","KTN206OPcell282","SRR7751275","SAMN09909370","SRX4606981"
"KTN206","OPcell","KTN206OPcell372","SRR7751277","SAMN09909460","SRX4606979"
"KTN206","OPcell","KTN206OPcell371","SRR7751278","SAMN09909459","SRX4606978"
"KTN206","OPcell","KTN206OPcell368","SRR7751279","SAMN09909456","SRX4606977"
"KTN206","OPcell","KTN206OPcell367","SRR7751280","SAMN09909455","SRX4606976"
"KTN206","OPcell","KTN206OPcell364","SRR7751283","SAMN09909452","SRX4606973"
"KTN206","OPcell","KTN206OPcell365","SRR7751286","SAMN09909453","SRX4606970"
"KTN206","OPcell","KTN206OPcell308","SRR7751288","SAMN09909396","SRX4606968"
"KTN206","OPcell","KTN206OPcell304","SRR7751292","SAMN09909392","SRX4606964"
"KTN206","OPcell","KTN206OPcell231","SRR7751308","SAMN09909319","SRX4606948"
"KTN206","OPcell","KTN206OPcell223","SRR7751310","SAMN09909311","SRX4606946"
"KTN206","OPcell","KTN206OPcell227","SRR7751314","SAMN09909315","SRX4606942"
"KTN206","OPcell","KTN206OPcell404","SRR7751317","SAMN09909492","SRX4606939"
"KTN206","OPcell","KTN206OPcell403","SRR7751318","SAMN09909491","SRX4606938"
"KTN206","OPcell","KTN206OPcell135","SRR7751323","SAMN09909223","SRX4606933"
"KTN206","OPcell","KTN206OPcell158","SRR7751332","SAMN09909246","SRX4606924"
"KTN206","OPcell","KTN206OPcell155","SRR7751337","SAMN09909243","SRX4606919"
"KTN206","OPcell","KTN206OPcell272","SRR7751342","SAMN09909360","SRX4606914"
"KTN206","OPcell","KTN206OPcell264","SRR7751350","SAMN09909352","SRX4606906"
"KTN206","OPcell","KTN206OPcell268","SRR7751354","SAMN09909356","SRX4606902"
"KTN206","OPcell","KTN206OPcell106","SRR7751359","SAMN09909194","SRX4607278"
"KTN206","0cell","KTN2060cell327","SRR7753341","SAMN09911045","SRX4609590"
"KTN206","0cell","KTN2060cell321","SRR7753347","SAMN09911039","SRX4609584"
"KTN206","0cell","KTN2060cell151","SRR7753359","SAMN09910869","SRX4609572"
"KTN206","0cell","KTN2060cell154","SRR7753362","SAMN09910872","SRX4609569"
"KTN206","0cell","KTN2060cell157","SRR7753365","SAMN09910875","SRX4609566"
"KTN206","0cell","KTN2060cell258","SRR7753371","SAMN09910976","SRX4609560"
"KTN206","0cell","KTN2060cell394","SRR7753376","SAMN09911112","SRX4609555"
"KTN206","0cell","KTN2060cell260","SRR7753377","SAMN09910978","SRX4609554"
"KTN206","0cell","KTN2060cell397","SRR7753379","SAMN09911115","SRX4609552"
"KTN206","0cell","KTN2060cell429","SRR7753385","SAMN09911147","SRX4609546"
"KTN206","0cell","KTN2060cell412","SRR7753390","SAMN09911130","SRX4609541"
"KTN206","0cell","KTN2060cell411","SRR7753391","SAMN09911129","SRX4609540"
"KTN206","0cell","KTN2060cell216","SRR7753417","SAMN09910934","SRX4609514"
"KTN206","0cell","KTN2060cell213","SRR7753420","SAMN09910931","SRX4609511"
"KTN206","0cell","KTN2060cell355","SRR7753425","SAMN09911073","SRX4609506"
"KTN206","0cell","KTN2060cell354","SRR7753428","SAMN09911072","SRX4609503"
"KTN206","0cell","KTN2060cell220","SRR7753429","SAMN09910938","SRX4609502"
"KTN206","0cell","KTN2060cell219","SRR7753430","SAMN09910937","SRX4609501"
"KTN206","0cell","KTN2060cell108","SRR7753437","SAMN09910826","SRX4609494"
"KTN206","OPcell","KTN206OPcell11","SRR7753442","SAMN09911177","SRX4609489"
"KTN206","0cell","KTN2060cell110","SRR7753443","SAMN09910828","SRX4609488"
"KTN206","0cell","KTN2060cell425","SRR7753445","SAMN09911143","SRX4609486"
"KTN206","0cell","KTN2060cell428","SRR7753448","SAMN09911146","SRX4609483"
"KTN206","0cell","KTN2060cell227","SRR7753453","SAMN09910945","SRX4609478"
"KTN206","0cell","KTN2060cell11","SRR7753460","SAMN09910729","SRX4609471"
"KTN206","0cell","KTN2060cell19","SRR7753464","SAMN09910737","SRX4609467"
"KTN206","0cell","KTN2060cell314","SRR7753471","SAMN09911032","SRX4609460"
"KTN206","0cell","KTN2060cell319","SRR7753478","SAMN09911037","SRX4609453"
"KTN206","0cell","KTN2060cell269","SRR7753487","SAMN09910987","SRX4609444"
"KTN206","0cell","KTN2060cell264","SRR7753494","SAMN09910982","SRX4609437"
"KTN206","0cell","KTN2060cell383","SRR7753502","SAMN09911101","SRX4609429"
"KTN206","OPcell","KTN206OPcell22","SRR7753508","SAMN09911188","SRX4609423"
"KTN206","OPcell","KTN206OPcell20","SRR7753516","SAMN09911186","SRX4609415"
"KTN206","0cell","KTN2060cell65","SRR7753533","SAMN09910783","SRX4609398"
"KTN206","0cell","KTN2060cell68","SRR7753534","SAMN09910786","SRX4609397"
"KTN206","0cell","KTN2060cell222","SRR7753543","SAMN09910940","SRX4609388"
"KTN206","0cell","KTN2060cell347","SRR7753551","SAMN09911065","SRX4609380"
"KTN206","0cell","KTN2060cell341","SRR7753553","SAMN09911059","SRX4609378"
"KTN206","0cell","KTN2060cell137","SRR7753558","SAMN09910855","SRX4609373"
"KTN206","0cell","KTN2060cell132","SRR7753565","SAMN09910850","SRX4609366"
"KTN206","OPcell","KTN206OPcell39","SRR7753566","SAMN09911205","SRX4609365"
"KTN206","OPcell","KTN206OPcell37","SRR7753568","SAMN09911203","SRX4609363"
"KTN206","OPcell","KTN206OPcell36","SRR7753571","SAMN09911202","SRX4609360"
"KTN206","0cell","KTN2060cell270","SRR7753575","SAMN09910988","SRX4609356"
"KTN206","0cell","KTN2060cell433","SRR7753578","SAMN09911151","SRX4609353"
"KTN206","0cell","KTN2060cell432","SRR7753579","SAMN09911150","SRX4609352"
"KTN206","0cell","KTN2060cell437","SRR7753582","SAMN09911155","SRX4609349"
"KTN206","0cell","KTN2060cell440","SRR7753586","SAMN09911158","SRX4609345"
"KTN206","0cell","KTN2060cell22","SRR7753589","SAMN09910740","SRX4609342"
"KTN206","0cell","KTN2060cell359","SRR7753599","SAMN09911077","SRX4609332"
"KTN206","0cell","KTN2060cell306","SRR7753605","SAMN09911024","SRX4609326"
"KTN206","0cell","KTN2060cell307","SRR7753608","SAMN09911025","SRX4609323"
"KTN206","0cell","KTN2060cell310","SRR7753609","SAMN09911028","SRX4609322"
"KTN206","0cell","KTN2060cell275","SRR7753622","SAMN09910993","SRX4609309"
"KTN206","0cell","KTN2060cell271","SRR7753626","SAMN09910989","SRX4609305"
"KTN206","0cell","KTN2060cell273","SRR7753628","SAMN09910991","SRX4609303"
"KTN206","0cell","KTN2060cell371","SRR7753633","SAMN09911089","SRX4609298"
"KTN206","OPcell","KTN206OPcell25","SRR7753646","SAMN09911191","SRX4609285"
"KTN206","0cell","KTN2060cell283","SRR7753653","SAMN09911001","SRX4609278"
"KTN206","0cell","KTN2060cell287","SRR7753657","SAMN09911005","SRX4609274"
"KTN206","0cell","KTN2060cell289","SRR7753659","SAMN09911007","SRX4609272"
"KTN206","0cell","KTN2060cell48","SRR7753663","SAMN09910766","SRX4609268"
"KTN206","0cell","KTN2060cell196","SRR7753668","SAMN09910914","SRX4609263"
"KTN206","0cell","KTN2060cell197","SRR7753669","SAMN09910915","SRX4609262"
"KTN206","0cell","KTN2060cell192","SRR7753672","SAMN09910910","SRX4609259"
"KTN206","0cell","KTN2060cell193","SRR7753673","SAMN09910911","SRX4609258"
"KTN206","0cell","KTN2060cell42","SRR7753677","SAMN09910760","SRX4609754"
"KTN206","0cell","KTN2060cell73","SRR7753681","SAMN09910791","SRX4609750"
"KTN206","0cell","KTN2060cell74","SRR7753682","SAMN09910792","SRX4609749"
"KTN206","0cell","KTN2060cell72","SRR7753684","SAMN09910790","SRX4609747"
"KTN206","0cell","KTN2060cell234","SRR7753688","SAMN09910952","SRX4609743"
"KTN206","0cell","KTN2060cell233","SRR7753689","SAMN09910951","SRX4609742"
"KTN206","0cell","KTN2060cell237","SRR7753693","SAMN09910955","SRX4609738"
"KTN206","0cell","KTN2060cell332","SRR7753695","SAMN09911050","SRX4609736"
"KTN206","0cell","KTN2060cell333","SRR7753696","SAMN09911051","SRX4609735"
"KTN206","0cell","KTN2060cell334","SRR7753697","SAMN09911052","SRX4609734"
"KTN206","0cell","KTN2060cell82","SRR7753704","SAMN09910800","SRX4609727"
"KTN206","0cell","KTN2060cell93","SRR7753712","SAMN09910811","SRX4609719"
"KTN206","0cell","KTN2060cell126","SRR7753716","SAMN09910844","SRX4609715"
"KTN206","0cell","KTN2060cell122","SRR7753720","SAMN09910840","SRX4609711"
"KTN206","0cell","KTN2060cell124","SRR7753722","SAMN09910842","SRX4609709"
"KTN206","0cell","KTN2060cell247","SRR7753726","SAMN09910965","SRX4609705"
"KTN206","0cell","KTN2060cell243","SRR7753730","SAMN09910961","SRX4609701"
"KTN206","0cell","KTN2060cell244","SRR7753731","SAMN09910962","SRX4609700"
"KTN206","OPcell","KTN206OPcell47","SRR7753735","SAMN09911213","SRX4609696"
"KTN206","OPcell","KTN206OPcell49","SRR7753737","SAMN09911215","SRX4609694"
"KTN206","OPcell","KTN206OPcell43","SRR7753739","SAMN09911209","SRX4609692"
"KTN206","OPcell","KTN206OPcell45","SRR7753741","SAMN09911211","SRX4609690"
"KTN206","OPcell","KTN206OPcell51","SRR7753744","SAMN09911217","SRX4609687"
"KTN206","OPcell","KTN206OPcell5","SRR7753746","SAMN09911171","SRX4609685"
"KTN206","0cell","KTN2060cell106","SRR7753751","SAMN09910824","SRX4609680"
"KTN206","0cell","KTN2060cell405","SRR7753753","SAMN09911123","SRX4609678"
"KTN206","0cell","KTN2060cell401","SRR7753757","SAMN09911119","SRX4609674"
"KTN206","0cell","KTN2060cell35","SRR7753765","SAMN09910753","SRX4609666"
"KTN206","0cell","KTN2060cell40","SRR7753768","SAMN09910758","SRX4609663"
"KTN206","0cell","KTN2060cell399","SRR7753769","SAMN09911117","SRX4609662"
"KTN206","0cell","KTN2060cell44","SRR7753773","SAMN09910762","SRX4609658"
"KTN206","0cell","KTN2060cell41","SRR7753776","SAMN09910759","SRX4609655"
"KTN206","0cell","KTN2060cell49","SRR7753778","SAMN09910767","SRX4609653"
"KTN206","0cell","KTN2060cell391","SRR7753783","SAMN09911109","SRX4609648"
"KTN206","0cell","KTN2060cell161","SRR7753786","SAMN09910879","SRX4609645"
"KTN206","0cell","KTN2060cell206","SRR7753798","SAMN09910924","SRX4609633"
"KTN206","0cell","KTN2060cell208","SRR7753800","SAMN09910926","SRX4609631"
"KTN206","0cell","KTN2060cell364","SRR7753801","SAMN09911082","SRX4609630"
"KTN206","0cell","KTN2060cell117","SRR7753813","SAMN09910835","SRX4609618"
"KTN206","0cell","KTN2060cell114","SRR7753818","SAMN09910832","SRX4609613"
"KTN206","0cell","KTN2060cell119","SRR7753823","SAMN09910837","SRX4609608"
"KTN206","0cell","KTN2060cell183","SRR7753833","SAMN09910901","SRX4609598"
"KTN206","OPcell","KTN206OPcell105","SRR7750979","SAMN09909193","SRX4607277"
"KTN206","OPcell","KTN206OPcell109","SRR7750983","SAMN09909197","SRX4607273"
"KTN206","OPcell","KTN206OPcell112","SRR7750984","SAMN09909200","SRX4607272"
"KTN206","OPcell","KTN206OPcell374","SRR7750992","SAMN09909462","SRX4607264"
"KTN206","OPcell","KTN206OPcell197","SRR7751007","SAMN09909285","SRX4607249"
"KTN206","OPcell","KTN206OPcell201","SRR7751011","SAMN09909289","SRX4607245"
"KTN206","OPcell","KTN206OPcell422","SRR7751014","SAMN09909510","SRX4607242"
"KTN206","OPcell","KTN206OPcell299","SRR7751028","SAMN09909387","SRX4607228"
"KTN206","OPcell","KTN206OPcell298","SRR7751029","SAMN09909386","SRX4607227"
"KTN206","OPcell","KTN206OPcell375","SRR7751033","SAMN09909463","SRX4607223"
"KTN206","OPcell","KTN206OPcell234","SRR7751040","SAMN09909322","SRX4607216"
"KTN206","OPcell","KTN206OPcell235","SRR7751041","SAMN09909323","SRX4607215"
"KTN206","OPcell","KTN206OPcell167","SRR7751055","SAMN09909255","SRX4607201"
"KTN206","OPcell","KTN206OPcell319","SRR7751059","SAMN09909407","SRX4607197"
"KTN206","OPcell","KTN206OPcell261","SRR7751069","SAMN09909349","SRX4607187"
"KTN206","OPcell","KTN206OPcell95","SRR7751070","SAMN09909183","SRX4607186"
"KTN206","OPcell","KTN206OPcell93","SRR7751072","SAMN09909181","SRX4607184"
"KTN206","OPcell","KTN206OPcell100","SRR7751075","SAMN09909188","SRX4607181"
"KTN206","OPcell","KTN206OPcell98","SRR7751077","SAMN09909186","SRX4607179"
"KTN206","OPcell","KTN206OPcell389","SRR7751085","SAMN09909477","SRX4607171"
"KTN206","OPcell","KTN206OPcell89","SRR7751091","SAMN09909177","SRX4607165"
"KTN206","OPcell","KTN206OPcell88","SRR7751092","SAMN09909176","SRX4607164"
"KTN206","OPcell","KTN206OPcell86","SRR7751094","SAMN09909174","SRX4607162"
"KTN206","OPcell","KTN206OPcell83","SRR7751097","SAMN09909171","SRX4607159"
"KTN206","OPcell","KTN206OPcell211","SRR7751101","SAMN09909299","SRX4607155"
"KTN206","OPcell","KTN206OPcell209","SRR7751103","SAMN09909297","SRX4607153"
"KTN206","OPcell","KTN206OPcell430","SRR7751110","SAMN09909518","SRX4607146"
"KTN206","OPcell","KTN206OPcell325","SRR7751122","SAMN09909413","SRX4607134"
"KTN206","OPcell","KTN206OPcell55","SRR7751131","SAMN09909143","SRX4607125"
"KTN206","OPcell","KTN206OPcell53","SRR7751133","SAMN09909141","SRX4607123"
"KTN206","OPcell","KTN206OPcell61","SRR7751135","SAMN09909149","SRX4607121"
"KTN206","OPcell","KTN206OPcell132","SRR7751136","SAMN09909220","SRX4607120"
"KTN206","OPcell","KTN206OPcell123","SRR7751141","SAMN09909211","SRX4607115"
"KTN206","OPcell","KTN206OPcell244","SRR7751149","SAMN09909332","SRX4607107"
"KTN206","OPcell","KTN206OPcell250","SRR7751151","SAMN09909338","SRX4607105"
"KTN206","OPcell","KTN206OPcell249","SRR7751152","SAMN09909337","SRX4607104"
"KTN206","OPcell","KTN206OPcell248","SRR7751153","SAMN09909336","SRX4607103"
"KTN206","OPcell","KTN206OPcell180","SRR7751158","SAMN09909268","SRX4607098"
"KTN206","OPcell","KTN206OPcell175","SRR7751161","SAMN09909263","SRX4607095"
"KTN206","OPcell","KTN206OPcell173","SRR7751163","SAMN09909261","SRX4607093"
"KTN206","OPcell","KTN206OPcell289","SRR7751171","SAMN09909377","SRX4607085"
"KTN206","OPcell","KTN206OPcell290","SRR7751172","SAMN09909378","SRX4607084"
"KTN206","OPcell","KTN206OPcell288","SRR7751174","SAMN09909376","SRX4607082"
"KTN206","OPcell","KTN206OPcell357","SRR7751185","SAMN09909445","SRX4607071"
"KTN206","OPcell","KTN206OPcell81","SRR7751199","SAMN09909169","SRX4607057"
"KTN206","OPcell","KTN206OPcell221","SRR7751201","SAMN09909309","SRX4607055"
"KTN206","OPcell","KTN206OPcell214","SRR7751206","SAMN09909302","SRX4607050"
"KTN206","OPcell","KTN206OPcell220","SRR7751208","SAMN09909308","SRX4607048"
"KTN206","OPcell","KTN206OPcell150","SRR7751213","SAMN09909238","SRX4607043"
"KTN206","OPcell","KTN206OPcell146","SRR7751217","SAMN09909234","SRX4607039"
"KTN206","OPcell","KTN206OPcell152","SRR7751219","SAMN09909240","SRX4607037"
"KTN206","OPcell","KTN206OPcell151","SRR7751220","SAMN09909239","SRX4607036"
"KTN206","OPcell","KTN206OPcell347","SRR7751225","SAMN09909435","SRX4607031"
"KTN206","OPcell","KTN206OPcell350","SRR7751228","SAMN09909438","SRX4607028"
"KTN206","OPcell","KTN206OPcell396","SRR7751232","SAMN09909484","SRX4607024"
"KTN206","OPcell","KTN206OPcell322","SRR7751235","SAMN09909410","SRX4607021"
"KTN206","OPcell","KTN206OPcell321","SRR7751236","SAMN09909409","SRX4607020"
"KTN206","OPcell","KTN206OPcell274","SRR7751267","SAMN09909362","SRX4606989"
"KTN206","OPcell","KTN206OPcell273","SRR7751268","SAMN09909361","SRX4606988"
"KTN206","OPcell","KTN206OPcell276","SRR7751269","SAMN09909364","SRX4606987"
"KTN206","OPcell","KTN206OPcell280","SRR7751273","SAMN09909368","SRX4606983"
"KTN206","OPcell","KTN206OPcell370","SRR7751281","SAMN09909458","SRX4606975"
"KTN206","OPcell","KTN206OPcell363","SRR7751284","SAMN09909451","SRX4606972"
"KTN206","OPcell","KTN206OPcell366","SRR7751285","SAMN09909454","SRX4606971"
"KTN206","OPcell","KTN206OPcell303","SRR7751291","SAMN09909391","SRX4606965"
"KTN206","OPcell","KTN206OPcell312","SRR7751296","SAMN09909400","SRX4606960"
"KTN206","OPcell","KTN206OPcell71","SRR7751298","SAMN09909159","SRX4606958"
"KTN206","OPcell","KTN206OPcell63","SRR7751304","SAMN09909151","SRX4606952"
"KTN206","OPcell","KTN206OPcell65","SRR7751306","SAMN09909153","SRX4606950"
"KTN206","OPcell","KTN206OPcell226","SRR7751311","SAMN09909314","SRX4606945"
"KTN206","OPcell","KTN206OPcell140","SRR7751320","SAMN09909228","SRX4606936"
"KTN206","OPcell","KTN206OPcell134","SRR7751326","SAMN09909222","SRX4606930"
"KTN206","OPcell","KTN206OPcell141","SRR7751327","SAMN09909229","SRX4606929"
"KTN206","OPcell","KTN206OPcell269","SRR7751355","SAMN09909357","SRX4606901"
"KTN206","0cell","KTN2060cell187","SRR7753337","SAMN09910905","SRX4609594"
"KTN206","0cell","KTN2060cell185","SRR7753339","SAMN09910903","SRX4609592"
"KTN206","0cell","KTN2060cell324","SRR7753344","SAMN09911042","SRX4609587"
"KTN206","0cell","KTN2060cell95","SRR7753348","SAMN09910813","SRX4609583"
"KTN206","0cell","KTN2060cell97","SRR7753350","SAMN09910815","SRX4609581"
"KTN206","0cell","KTN2060cell330","SRR7753354","SAMN09911048","SRX4609577"
"KTN206","OPcell","KTN206OPcell41","SRR7753356","SAMN09911207","SRX4609575"
"KTN206","0cell","KTN2060cell159","SRR7753357","SAMN09910877","SRX4609574"
"KTN206","0cell","KTN2060cell254","SRR7753367","SAMN09910972","SRX4609564"
"KTN206","0cell","KTN2060cell253","SRR7753368","SAMN09910971","SRX4609563"
"KTN206","0cell","KTN2060cell257","SRR7753372","SAMN09910975","SRX4609559"
"KTN206","0cell","KTN2060cell395","SRR7753381","SAMN09911113","SRX4609550"
"KTN206","0cell","KTN2060cell415","SRR7753387","SAMN09911133","SRX4609544"
"KTN206","0cell","KTN2060cell418","SRR7753388","SAMN09911136","SRX4609543"
"KTN206","0cell","KTN2060cell448","SRR7753399","SAMN09911166","SRX4609532"
"KTN206","0cell","KTN2060cell300","SRR7753400","SAMN09911018","SRX4609531"
"KTN206","0cell","KTN2060cell55","SRR7753409","SAMN09910773","SRX4609522"
"KTN206","0cell","KTN2060cell58","SRR7753412","SAMN09910776","SRX4609519"
"KTN206","0cell","KTN2060cell217","SRR7753416","SAMN09910935","SRX4609515"
"KTN206","0cell","KTN2060cell103","SRR7753434","SAMN09910821","SRX4609497"
"KTN206","0cell","KTN2060cell102","SRR7753435","SAMN09910820","SRX4609496"
"KTN206","0cell","KTN2060cell101","SRR7753436","SAMN09910819","SRX4609495"
"KTN206","0cell","KTN2060cell15","SRR7753456","SAMN09910733","SRX4609475"
"KTN206","0cell","KTN2060cell14","SRR7753463","SAMN09910732","SRX4609468"
"KTN206","0cell","KTN2060cell317","SRR7753474","SAMN09911035","SRX4609457"
"KTN206","0cell","KTN2060cell318","SRR7753475","SAMN09911036","SRX4609456"
"KTN206","0cell","KTN2060cell144","SRR7753485","SAMN09910862","SRX4609446"
"KTN206","0cell","KTN2060cell267","SRR7753489","SAMN09910985","SRX4609442"
"KTN206","0cell","KTN2060cell265","SRR7753491","SAMN09910983","SRX4609440"
"KTN206","0cell","KTN2060cell390","SRR7753497","SAMN09911108","SRX4609434"
"KTN206","0cell","KTN2060cell389","SRR7753498","SAMN09911107","SRX4609433"
"KTN206","0cell","KTN2060cell382","SRR7753499","SAMN09911100","SRX4609432"
"KTN206","OPcell","KTN206OPcell13","SRR7753509","SAMN09911179","SRX4609422"
"KTN206","OPcell","KTN206OPcell17","SRR7753513","SAMN09911183","SRX4609418"
"KTN206","0cell","KTN2060cell53","SRR7753517","SAMN09910771","SRX4609414"
"KTN206","0cell","KTN2060cell3","SRR7753522","SAMN09910721","SRX4609409"
"KTN206","0cell","KTN2060cell5","SRR7753524","SAMN09910723","SRX4609407"
"KTN206","0cell","KTN2060cell6","SRR7753525","SAMN09910724","SRX4609406"
"KTN206","0cell","KTN2060cell8","SRR7753527","SAMN09910726","SRX4609404"
"KTN206","0cell","KTN2060cell62","SRR7753536","SAMN09910780","SRX4609395"
"KTN206","0cell","KTN2060cell61","SRR7753537","SAMN09910779","SRX4609394"
"KTN206","0cell","KTN2060cell224","SRR7753541","SAMN09910942","SRX4609390"
"KTN206","0cell","KTN2060cell345","SRR7753549","SAMN09911063","SRX4609382"
"KTN206","OPcell","KTN206OPcell40","SRR7753567","SAMN09911206","SRX4609364"
"KTN206","OPcell","KTN206OPcell33","SRR7753572","SAMN09911199","SRX4609359"
"KTN206","OPcell","KTN206OPcell42","SRR7753576","SAMN09911208","SRX4609355"
"KTN206","0cell","KTN2060cell434","SRR7753577","SAMN09911152","SRX4609354"
"KTN206","0cell","KTN2060cell436","SRR7753583","SAMN09911154","SRX4609348"
"KTN206","0cell","KTN2060cell439","SRR7753587","SAMN09911157","SRX4609344"
"KTN206","0cell","KTN2060cell262","SRR7753588","SAMN09910980","SRX4609343"
"KTN206","0cell","KTN2060cell21","SRR7753590","SAMN09910739","SRX4609341"
"KTN206","0cell","KTN2060cell26","SRR7753593","SAMN09910744","SRX4609338"
"KTN206","0cell","KTN2060cell29","SRR7753598","SAMN09910747","SRX4609333"
"KTN206","0cell","KTN2060cell360","SRR7753600","SAMN09911078","SRX4609331"
"KTN206","0cell","KTN2060cell301","SRR7753602","SAMN09911019","SRX4609329"
"KTN206","0cell","KTN2060cell304","SRR7753603","SAMN09911022","SRX4609328"
"KTN206","0cell","KTN2060cell179","SRR7753623","SAMN09910897","SRX4609308"
"KTN206","0cell","KTN2060cell272","SRR7753625","SAMN09910990","SRX4609306"
"KTN206","0cell","KTN2060cell274","SRR7753627","SAMN09910992","SRX4609304"
"KTN206","0cell","KTN2060cell378","SRR7753632","SAMN09911096","SRX4609299"
"KTN206","0cell","KTN2060cell372","SRR7753634","SAMN09911090","SRX4609297"
"KTN206","0cell","KTN2060cell380","SRR7753638","SAMN09911098","SRX4609293"
"KTN206","OPcell","KTN206OPcell28","SRR7753643","SAMN09911194","SRX4609288"
"KTN206","OPcell","KTN206OPcell23","SRR7753648","SAMN09911189","SRX4609283"
"KTN206","0cell","KTN2060cell290","SRR7753660","SAMN09911008","SRX4609271"
"KTN206","0cell","KTN2060cell191","SRR7753671","SAMN09910909","SRX4609260"
"KTN206","0cell","KTN2060cell76","SRR7753680","SAMN09910794","SRX4609751"
"KTN206","0cell","KTN2060cell339","SRR7753686","SAMN09911057","SRX4609745"
"KTN206","0cell","KTN2060cell236","SRR7753690","SAMN09910954","SRX4609741"
"KTN206","0cell","KTN2060cell235","SRR7753691","SAMN09910953","SRX4609740"
"KTN206","0cell","KTN2060cell335","SRR7753698","SAMN09911053","SRX4609733"
"KTN206","0cell","KTN2060cell338","SRR7753701","SAMN09911056","SRX4609730"
"KTN206","0cell","KTN2060cell89","SRR7753711","SAMN09910807","SRX4609720"
"KTN206","OPcell","KTN206OPcell18","SRR7753713","SAMN09911184","SRX4609718"
"KTN206","0cell","KTN2060cell125","SRR7753717","SAMN09910843","SRX4609714"
"KTN206","0cell","KTN2060cell123","SRR7753723","SAMN09910841","SRX4609708"
"KTN206","0cell","KTN2060cell104","SRR7753738","SAMN09910822","SRX4609693"
"KTN206","0cell","KTN2060cell410","SRR7753750","SAMN09911128","SRX4609681"
"KTN206","0cell","KTN2060cell406","SRR7753754","SAMN09911124","SRX4609677"
"KTN206","0cell","KTN2060cell34","SRR7753760","SAMN09910752","SRX4609671"
"KTN206","0cell","KTN2060cell37","SRR7753763","SAMN09910755","SRX4609668"
"KTN206","0cell","KTN2060cell36","SRR7753766","SAMN09910754","SRX4609665"
"KTN206","0cell","KTN2060cell39","SRR7753767","SAMN09910757","SRX4609664"
"KTN206","0cell","KTN2060cell210","SRR7753780","SAMN09910928","SRX4609651"
"KTN206","0cell","KTN2060cell232","SRR7753781","SAMN09910950","SRX4609650"
"KTN206","0cell","KTN2060cell166","SRR7753782","SAMN09910884","SRX4609649"
"KTN206","0cell","KTN2060cell162","SRR7753785","SAMN09910880","SRX4609646"
"KTN206","0cell","KTN2060cell164","SRR7753787","SAMN09910882","SRX4609644"
"KTN206","0cell","KTN2060cell165","SRR7753790","SAMN09910883","SRX4609641"
"KTN206","0cell","KTN2060cell204","SRR7753796","SAMN09910922","SRX4609635"
"KTN206","0cell","KTN2060cell365","SRR7753808","SAMN09911083","SRX4609623"
"KTN206","0cell","KTN2060cell370","SRR7753809","SAMN09911088","SRX4609622"
"KTN206","0cell","KTN2060cell115","SRR7753811","SAMN09910833","SRX4609620"
"KTN206","0cell","KTN2060cell297","SRR7753820","SAMN09911015","SRX4609611"
"KTN206","0cell","KTN2060cell120","SRR7753824","SAMN09910838","SRX4609607"
"KTN206","0cell","KTN2060cell190","SRR7753830","SAMN09910908","SRX4609601"
"KTN302","2cell","KTN3022cell284","SRR5958660","SAMN07543656","SRX3117170"
"KTN302","2cell","KTN3022cell276","SRR5958664","SAMN07543648","SRX3117166"
"KTN302","2cell","KTN3022cell275","SRR5958665","SAMN07543647","SRX3117165"
"KTN302","2cell","KTN3022cell105","SRR5958674","SAMN07543477","SRX3117156"
"KTN302","2cell","KTN3022cell107","SRR5958676","SAMN07543479","SRX3117154"
"KTN302","2cell","KTN3022cell422","SRR5958680","SAMN07543794","SRX3117150"
"KTN302","2cell","KTN3022cell420","SRR5958682","SAMN07543792","SRX3117148"
"KTN302","2cell","KTN3022cell416","SRR5958686","SAMN07543788","SRX3117144"
"KTN302","2cell","KTN3022cell415","SRR5958687","SAMN07543787","SRX3117143"
"KTN302","2cell","KTN3022cell253","SRR5958690","SAMN07543625","SRX3117140"
"KTN302","2cell","KTN3022cell245","SRR5958692","SAMN07543617","SRX3117138"
"KTN302","2cell","KTN3022cell246","SRR5958693","SAMN07543618","SRX3117137"
"KTN302","2cell","KTN3022cell159","SRR5958713","SAMN07543531","SRX3117117"
"KTN302","2cell","KTN3022cell158","SRR5958718","SAMN07543530","SRX3117112"
"KTN302","2cell","KTN3022cell157","SRR5958719","SAMN07543529","SRX3117111"
"KTN302","2cell","KTN3022cell454","SRR5958727","SAMN07543826","SRX3117103"
"KTN302","2cell","KTN3022cell450","SRR5958731","SAMN07543822","SRX3117099"
"KTN302","2cell","KTN3022cell446","SRR5958735","SAMN07543818","SRX3117095"
"KTN302","2cell","KTN3022cell138","SRR5958736","SAMN07543510","SRX3117094"
"KTN302","2cell","KTN3022cell196","SRR5958740","SAMN07543568","SRX3117090"
"KTN302","2cell","KTN3022cell258","SRR5958751","SAMN07543630","SRX3117079"
"KTN302","2cell","KTN3022cell149","SRR5958753","SAMN07543521","SRX3117077"
"KTN302","2cell","KTN3022cell263","SRR5958758","SAMN07543635","SRX3117072"
"KTN302","2cell","KTN3022cell117","SRR5958762","SAMN07543489","SRX3117068"
"KTN302","2cell","KTN3022cell411","SRR5958773","SAMN07543783","SRX3117057"
"KTN302","2cell","KTN3022cell409","SRR5958775","SAMN07543781","SRX3117055"
"KTN302","2cell","KTN3022cell434","SRR5958780","SAMN07543806","SRX3117050"
"KTN302","2cell","KTN3022cell355","SRR5958796","SAMN07543727","SRX3117034"
"KTN302","2cell","KTN3022cell295","SRR5958798","SAMN07543667","SRX3117032"
"KTN302","2cell","KTN3022cell296","SRR5958800","SAMN07543668","SRX3117030"
"KTN302","2cell","KTN3022cell96","SRR5958802","SAMN07543468","SRX3117028"
"KTN302","2cell","KTN3022cell98","SRR5958804","SAMN07543470","SRX3117026"
"KTN302","2cell","KTN3022cell100","SRR5958806","SAMN07543472","SRX3117024"
"KTN302","2cell","KTN3022cell104","SRR5958810","SAMN07543476","SRX3117020"
"KTN302","2cell","KTN3022cell166","SRR5958820","SAMN07543538","SRX3117010"
"KTN302","2cell","KTN3022cell321","SRR5958825","SAMN07543693","SRX3117005"
"KTN302","2cell","KTN3022cell230","SRR5958843","SAMN07543602","SRX3116987"
"KTN302","2cell","KTN3022cell228","SRR5958845","SAMN07543600","SRX3116985"
"KTN302","2cell","KTN3022cell225","SRR5958846","SAMN07543597","SRX3116984"
"KTN302","2cell","KTN3022cell182","SRR5958852","SAMN07543554","SRX3116978"
"KTN302","2cell","KTN3022cell207","SRR5958856","SAMN07543579","SRX3116974"
"KTN302","2cell","KTN3022cell187","SRR5958870","SAMN07543559","SRX3116960"
"KTN302","2cell","KTN3022cell396","SRR5958889","SAMN07543768","SRX3116941"
"KTN302","2cell","KTN3022cell395","SRR5958890","SAMN07543767","SRX3116940"
"KTN302","2cell","KTN3022cell401","SRR5958896","SAMN07543773","SRX3116934"
"KTN302","2cell","KTN3022cell403","SRR5958898","SAMN07543775","SRX3116932"
"KTN302","2cell","KTN3022cell374","SRR5958907","SAMN07543746","SRX3116923"
"KTN302","2cell","KTN3022cell366","SRR5958915","SAMN07543738","SRX3116915"
"KTN302","2cell","KTN3022cell365","SRR5958916","SAMN07543737","SRX3116914"
"KTN302","2cell","KTN3022cell469","SRR5958919","SAMN07543841","SRX3116911"
"KTN302","2cell","KTN3022cell472","SRR5958922","SAMN07543844","SRX3116908"
"KTN302","2cell","KTN3022cell467","SRR5958925","SAMN07543839","SRX3116905"
"KTN302","2cell","KTN3022cell474","SRR5958928","SAMN07543846","SRX3116902"
"KTN302","2cell","KTN3022cell444","SRR5958929","SAMN07543816","SRX3116901"
"KTN302","2cell","KTN3022cell373","SRR5958930","SAMN07543745","SRX3116900"
"KTN302","2cell","KTN3022cell441","SRR5958933","SAMN07543813","SRX3116897"
"KTN302","2cell","KTN3022cell379","SRR5958938","SAMN07543751","SRX3116892"
"KTN302","2cell","KTN3022cell381","SRR5958940","SAMN07543753","SRX3116890"
"KTN302","2cell","KTN3022cell291","SRR5958948","SAMN07543663","SRX3116882"
"KTN302","2cell","KTN3022cell288","SRR5958953","SAMN07543660","SRX3116877"
"KTN302","2cell","KTN3022cell327","SRR5958957","SAMN07543699","SRX3116873"
"KTN302","2cell","KTN3022cell331","SRR5958961","SAMN07543703","SRX3116869"
"KTN302","2cell","KTN3022cell432","SRR5958969","SAMN07543804","SRX3116861"
"KTN302","2cell","KTN3022cell222","SRR5958974","SAMN07543594","SRX3116856"
"KTN302","2cell","KTN3022cell215","SRR5958977","SAMN07543587","SRX3116853"
"KTN302","2cell","KTN3022cell340","SRR5958981","SAMN07543712","SRX3116849"
"KTN302","2cell","KTN3022cell338","SRR5958987","SAMN07543710","SRX3116843"
"KTN302","2cell","KTN3022cell151","SRR5959000","SAMN07543523","SRX3117210"
"KTN302","2cell","KTN3022cell297","SRR5959004","SAMN07543669","SRX3117206"
"KTN302","2cell","KTN3022cell298","SRR5959005","SAMN07543670","SRX3117205"
"KTN302","2cell","KTN3022cell301","SRR5959008","SAMN07543673","SRX3117202"
"KTN302","2cell","KTN3022cell458","SRR5959010","SAMN07543830","SRX3117200"
"KTN302","2cell","KTN3022cell455","SRR5959013","SAMN07543827","SRX3117197"
"KTN302","2cell","KTN3022cell461","SRR5959015","SAMN07543833","SRX3117195"
"KTN302","2cell","KTN3022cell460","SRR5959016","SAMN07543832","SRX3117194"
"KTN302","2cell","KTN3022cell459","SRR5959017","SAMN07543831","SRX3117193"
"KTN302","2cell","KTN3022cell463","SRR5959019","SAMN07543835","SRX3117191"
"KTN302","2cell","KTN3022cell209","SRR5959022","SAMN07543581","SRX3117188"
"KTN302","2cell","KTN3022cell206","SRR5959027","SAMN07543578","SRX3117183"
"KTN302","2cell","KTN3022cell392","SRR5959030","SAMN07543764","SRX3117180"
"KTN302","2cell","KTN3022cell391","SRR5959031","SAMN07543763","SRX3117179"
"KTN302","2cell","KTN3022cell387","SRR5958655","SAMN07543759","SRX3117175"
"KTN302","2cell","KTN3022cell386","SRR5958656","SAMN07543758","SRX3117174"
"KTN302","2cell","KTN3022cell385","SRR5958657","SAMN07543757","SRX3117173"
"KTN302","2cell","KTN3022cell305","SRR5958659","SAMN07543677","SRX3117171"
"KTN302","2cell","KTN3022cell280","SRR5958668","SAMN07543652","SRX3117162"
"KTN302","2cell","KTN3022cell110","SRR5958671","SAMN07543482","SRX3117159"
"KTN302","2cell","KTN3022cell112","SRR5958673","SAMN07543484","SRX3117157"
"KTN302","2cell","KTN3022cell106","SRR5958675","SAMN07543478","SRX3117155"
"KTN302","2cell","KTN3022cell108","SRR5958677","SAMN07543480","SRX3117153"
"KTN302","2cell","KTN3022cell113","SRR5958678","SAMN07543485","SRX3117152"
"KTN302","2cell","KTN3022cell247","SRR5958694","SAMN07543619","SRX3117136"
"KTN302","2cell","KTN3022cell248","SRR5958695","SAMN07543620","SRX3117135"
"KTN302","2cell","KTN3022cell345","SRR5958703","SAMN07543717","SRX3117127"
"KTN302","2cell","KTN3022cell349","SRR5958707","SAMN07543721","SRX3117123"
"KTN302","2cell","KTN3022cell163","SRR5958711","SAMN07543535","SRX3117119"
"KTN302","2cell","KTN3022cell156","SRR5958716","SAMN07543528","SRX3117114"
"KTN302","2cell","KTN3022cell155","SRR5958717","SAMN07543527","SRX3117113"
"KTN302","2cell","KTN3022cell308","SRR5958724","SAMN07543680","SRX3117106"
"KTN302","2cell","KTN3022cell452","SRR5958729","SAMN07543824","SRX3117101"
"KTN302","2cell","KTN3022cell204","SRR5958746","SAMN07543576","SRX3117084"
"KTN302","2cell","KTN3022cell203","SRR5958747","SAMN07543575","SRX3117083"
"KTN302","2cell","KTN3022cell116","SRR5958759","SAMN07543488","SRX3117071"
"KTN302","2cell","KTN3022cell122","SRR5958765","SAMN07543494","SRX3117065"
"KTN302","2cell","KTN3022cell124","SRR5958767","SAMN07543496","SRX3117063"
"KTN302","2cell","KTN3022cell123","SRR5958768","SAMN07543495","SRX3117062"
"KTN302","2cell","KTN3022cell408","SRR5958770","SAMN07543780","SRX3117060"
"KTN302","2cell","KTN3022cell414","SRR5958778","SAMN07543786","SRX3117052"
"KTN302","2cell","KTN3022cell95","SRR5958801","SAMN07543467","SRX3117029"
"KTN302","2cell","KTN3022cell171","SRR5958813","SAMN07543543","SRX3117017"
"KTN302","2cell","KTN3022cell169","SRR5958815","SAMN07543541","SRX3117015"
"KTN302","2cell","KTN3022cell318","SRR5958822","SAMN07543690","SRX3117008"
"KTN302","2cell","KTN3022cell316","SRR5958824","SAMN07543688","SRX3117006"
"KTN302","2cell","KTN3022cell436","SRR5958833","SAMN07543808","SRX3116997"
"KTN302","2cell","KTN3022cell437","SRR5958836","SAMN07543809","SRX3116994"
"KTN302","2cell","KTN3022cell231","SRR5958840","SAMN07543603","SRX3116990"
"KTN302","2cell","KTN3022cell232","SRR5958841","SAMN07543604","SRX3116989"
"KTN302","2cell","KTN3022cell229","SRR5958842","SAMN07543601","SRX3116988"
"KTN302","2cell","KTN3022cell178","SRR5958848","SAMN07543550","SRX3116982"
"KTN302","2cell","KTN3022cell176","SRR5958850","SAMN07543548","SRX3116980"
"KTN302","2cell","KTN3022cell179","SRR5958855","SAMN07543551","SRX3116975"
"KTN302","2cell","KTN3022cell193","SRR5958860","SAMN07543565","SRX3116970"
"KTN302","2cell","KTN3022cell213","SRR5958862","SAMN07543585","SRX3116968"
"KTN302","2cell","KTN3022cell214","SRR5958863","SAMN07543586","SRX3116967"
"KTN302","2cell","KTN3022cell191","SRR5958866","SAMN07543563","SRX3116964"
"KTN302","2cell","KTN3022cell186","SRR5958869","SAMN07543558","SRX3116961"
"KTN302","2cell","KTN3022cell142","SRR5958872","SAMN07543514","SRX3116958"
"KTN302","2cell","KTN3022cell271","SRR5958876","SAMN07543643","SRX3116954"
"KTN302","2cell","KTN3022cell272","SRR5958877","SAMN07543644","SRX3116953"
"KTN302","2cell","KTN3022cell132","SRR5958882","SAMN07543504","SRX3116948"
"KTN302","2cell","KTN3022cell130","SRR5958884","SAMN07543502","SRX3116946"
"KTN302","2cell","KTN3022cell269","SRR5958885","SAMN07543641","SRX3116945"
"KTN302","2cell","KTN3022cell133","SRR5958886","SAMN07543505","SRX3116944"
"KTN302","2cell","KTN3022cell397","SRR5958892","SAMN07543769","SRX3116938"
"KTN302","2cell","KTN3022cell400","SRR5958893","SAMN07543772","SRX3116937"
"KTN302","2cell","KTN3022cell404","SRR5958897","SAMN07543776","SRX3116933"
"KTN302","2cell","KTN3022cell367","SRR5958902","SAMN07543739","SRX3116928"
"KTN302","2cell","KTN3022cell370","SRR5958911","SAMN07543742","SRX3116919"
"KTN302","2cell","KTN3022cell273","SRR5958913","SAMN07543645","SRX3116917"
"KTN302","2cell","KTN3022cell274","SRR5958914","SAMN07543646","SRX3116916"
"KTN302","2cell","KTN3022cell143","SRR5958918","SAMN07543515","SRX3116912"
"KTN302","2cell","KTN3022cell471","SRR5958921","SAMN07543843","SRX3116909"
"KTN302","2cell","KTN3022cell376","SRR5958935","SAMN07543748","SRX3116895"
"KTN302","2cell","KTN3022cell383","SRR5958942","SAMN07543755","SRX3116888"
"KTN302","2cell","KTN3022cell384","SRR5958943","SAMN07543756","SRX3116887"
"KTN302","2cell","KTN3022cell294","SRR5958945","SAMN07543666","SRX3116885"
"KTN302","2cell","KTN3022cell289","SRR5958946","SAMN07543661","SRX3116884"
"KTN302","2cell","KTN3022cell328","SRR5958956","SAMN07543700","SRX3116874"
"KTN302","2cell","KTN3022cell427","SRR5958964","SAMN07543799","SRX3116866"
"KTN302","2cell","KTN3022cell429","SRR5958966","SAMN07543801","SRX3116864"
"KTN302","2cell","KTN3022cell220","SRR5958972","SAMN07543592","SRX3116858"
"KTN302","2cell","KTN3022cell221","SRR5958975","SAMN07543593","SRX3116855"
"KTN302","2cell","KTN3022cell339","SRR5958980","SAMN07543711","SRX3116850"
"KTN302","2cell","KTN3022cell336","SRR5958985","SAMN07543708","SRX3116845"
"KTN302","2cell","KTN3022cell236","SRR5958992","SAMN07543608","SRX3117218"
"KTN302","2cell","KTN3022cell152","SRR5959001","SAMN07543524","SRX3117209"
"KTN302","2cell","KTN3022cell299","SRR5959006","SAMN07543671","SRX3117204"
"KTN302","2cell","KTN3022cell300","SRR5959007","SAMN07543672","SRX3117203"
"KTN302","2cell","KTN3022cell462","SRR5959014","SAMN07543834","SRX3117196"
"KTN302","2cell","KTN3022cell243","SRR5959021","SAMN07543615","SRX3117189"
"KTN302","2cell","KTN3022cell212","SRR5959025","SAMN07543584","SRX3117185"
"KTN302","2cell","KTN3022cell205","SRR5959026","SAMN07543577","SRX3117184"
"KTN302","2cell","KTN3022cell67","SRR5968368","SAMN07554409","SRX3126053"
"KTN302","2cell","KTN3022cell65","SRR5968370","SAMN07554407","SRX3126051"
"KTN302","2cell","KTN3022cell74","SRR5968375","SAMN07554416","SRX3126046"
"KTN302","0cell","KTN3020cell299","SRR5968380","SAMN07554235","SRX3126041"
"KTN302","0cell","KTN3020cell115","SRR5968381","SAMN07554051","SRX3126040"
"KTN302","0cell","KTN3020cell292","SRR5968387","SAMN07554228","SRX3126034"
"KTN302","0cell","KTN3020cell291","SRR5968388","SAMN07554227","SRX3126033"
"KTN302","0cell","KTN3020cell206","SRR5968398","SAMN07554142","SRX3126023"
"KTN302","0cell","KTN3020cell207","SRR5968399","SAMN07554143","SRX3126022"
"KTN302","0cell","KTN3020cell190","SRR5968400","SAMN07554126","SRX3126021"
"KTN302","0cell","KTN3020cell204","SRR5968404","SAMN07554140","SRX3126017"
"KTN302","0cell","KTN3020cell189","SRR5968408","SAMN07554125","SRX3126013"
"KTN302","2cell","KTN3022cell36","SRR5968411","SAMN07554378","SRX3126010"
"KTN302","0cell","KTN3020cell92","SRR5968413","SAMN07554028","SRX3126008"
"KTN302","0cell","KTN3020cell100","SRR5968421","SAMN07554036","SRX3126000"
"KTN302","2cell","KTN3022cell29","SRR5968425","SAMN07554371","SRX3125996"
"KTN302","0cell","KTN3020cell398","SRR5968433","SAMN07554334","SRX3125988"
"KTN302","0cell","KTN3020cell391","SRR5968438","SAMN07554327","SRX3125983"
"KTN302","0cell","KTN3020cell392","SRR5968439","SAMN07554328","SRX3125982"
"KTN302","0cell","KTN3020cell22","SRR5968446","SAMN07553958","SRX3125975"
"KTN302","0cell","KTN3020cell21","SRR5968447","SAMN07553957","SRX3125974"
"KTN302","0cell","KTN3020cell321","SRR5968465","SAMN07554257","SRX3125956"
"KTN302","0cell","KTN3020cell325","SRR5968469","SAMN07554261","SRX3125952"
"KTN302","0cell","KTN3020cell329","SRR5968473","SAMN07554265","SRX3125948"
"KTN302","2cell","KTN3022cell82","SRR5968475","SAMN07554424","SRX3125946"
"KTN302","0cell","KTN3020cell149","SRR5968479","SAMN07554085","SRX3125942"
"KTN302","0cell","KTN3020cell141","SRR5968483","SAMN07554077","SRX3125938"
"KTN302","0cell","KTN3020cell146","SRR5968486","SAMN07554082","SRX3125935"
"KTN302","0cell","KTN3020cell69","SRR5968491","SAMN07554005","SRX3125930"
"KTN302","0cell","KTN3020cell64","SRR5968494","SAMN07554000","SRX3125927"
"KTN302","0cell","KTN3020cell66","SRR5968496","SAMN07554002","SRX3125925"
"KTN302","0cell","KTN3020cell65","SRR5968497","SAMN07554001","SRX3125924"
"KTN302","0cell","KTN3020cell364","SRR5968504","SAMN07554300","SRX3125917"
"KTN302","0cell","KTN3020cell362","SRR5968506","SAMN07554298","SRX3125915"
"KTN302","0cell","KTN3020cell361","SRR5968507","SAMN07554297","SRX3125914"
"KTN302","2cell","KTN3022cell42","SRR5968509","SAMN07554384","SRX3125912"
"KTN302","2cell","KTN3022cell37","SRR5968512","SAMN07554379","SRX3125909"
"KTN302","0cell","KTN3020cell200","SRR5968517","SAMN07554136","SRX3125904"
"KTN302","0cell","KTN3020cell192","SRR5968519","SAMN07554128","SRX3125902"
"KTN302","0cell","KTN3020cell194","SRR5968521","SAMN07554130","SRX3125900"
"KTN302","0cell","KTN3020cell213","SRR5968527","SAMN07554149","SRX3125894"
"KTN302","0cell","KTN3020cell216","SRR5968532","SAMN07554152","SRX3125889"
"KTN302","0cell","KTN3020cell109","SRR5968542","SAMN07554045","SRX3125879"
"KTN302","0cell","KTN3020cell403","SRR5968553","SAMN07554339","SRX3125868"
"KTN302","0cell","KTN3020cell405","SRR5968559","SAMN07554341","SRX3125862"
"KTN302","2cell","KTN3022cell4","SRR5968562","SAMN07554346","SRX3125859"
"KTN302","0cell","KTN3020cell385","SRR5968566","SAMN07554321","SRX3125855"
"KTN302","0cell","KTN3020cell384","SRR5968571","SAMN07554320","SRX3125850"
"KTN302","0cell","KTN3020cell36","SRR5968578","SAMN07553972","SRX3125843"
"KTN302","0cell","KTN3020cell33","SRR5968579","SAMN07553969","SRX3125842"
"KTN302","0cell","KTN3020cell258","SRR5968585","SAMN07554194","SRX3125836"
"KTN302","0cell","KTN3020cell317","SRR5968593","SAMN07554253","SRX3125828"
"KTN302","0cell","KTN3020cell316","SRR5968596","SAMN07554252","SRX3125825"
"KTN302","0cell","KTN3020cell314","SRR5968598","SAMN07554250","SRX3125823"
"KTN302","2cell","KTN3022cell85","SRR5968605","SAMN07554427","SRX3125816"
"KTN302","0cell","KTN3020cell120","SRR5968606","SAMN07554056","SRX3125815"
"KTN302","2cell","KTN3022cell87","SRR5968607","SAMN07554429","SRX3125814"
"KTN302","0cell","KTN3020cell174","SRR5968617","SAMN07554110","SRX3125804"
"KTN302","0cell","KTN3020cell171","SRR5968618","SAMN07554107","SRX3125803"
"KTN302","0cell","KTN3020cell172","SRR5968619","SAMN07554108","SRX3125802"
"KTN302","0cell","KTN3020cell76","SRR5968632","SAMN07554012","SRX3125789"
"KTN302","2cell","KTN3022cell45","SRR5968646","SAMN07554387","SRX3125775"
"KTN302","2cell","KTN3022cell47","SRR5968648","SAMN07554389","SRX3125773"
"KTN302","0cell","KTN3020cell186","SRR5968652","SAMN07554122","SRX3125769"
"KTN302","0cell","KTN3020cell181","SRR5968657","SAMN07554117","SRX3125764"
"KTN302","0cell","KTN3020cell228","SRR5968659","SAMN07554164","SRX3125762"
"KTN302","0cell","KTN3020cell4","SRR5968665","SAMN07553940","SRX3125756"
"KTN302","0cell","KTN3020cell136","SRR5968675","SAMN07554072","SRX3125746"
"KTN302","2cell","KTN3022cell11","SRR5968688","SAMN07554353","SRX3125733"
"KTN302","2cell","KTN3022cell14","SRR5968689","SAMN07554356","SRX3125732"
"KTN302","2cell","KTN3022cell84","SRR5968691","SAMN07554426","SRX3125730"
"KTN302","0cell","KTN3020cell42","SRR5968694","SAMN07553978","SRX3125727"
"KTN302","0cell","KTN3020cell50","SRR5968700","SAMN07553986","SRX3125721"
"KTN302","2cell","KTN3022cell54","SRR5968702","SAMN07554396","SRX3125719"
"KTN302","0cell","KTN3020cell262","SRR5968706","SAMN07554198","SRX3125715"
"KTN302","0cell","KTN3020cell306","SRR5968711","SAMN07554242","SRX3125710"
"KTN302","2cell","KTN3022cell61","SRR5968721","SAMN07554403","SRX3125700"
"KTN302","2cell","KTN3022cell63","SRR5968727","SAMN07554405","SRX3125694"
"KTN302","0cell","KTN3020cell288","SRR5968741","SAMN07554224","SRX3126181"
"KTN302","0cell","KTN3020cell283","SRR5968744","SAMN07554219","SRX3126178"
"KTN302","0cell","KTN3020cell169","SRR5968749","SAMN07554105","SRX3126173"
"KTN302","0cell","KTN3020cell82","SRR5968756","SAMN07554018","SRX3126166"
"KTN302","0cell","KTN3020cell341","SRR5968761","SAMN07554277","SRX3126161"
"KTN302","2cell","KTN3022cell18","SRR5968771","SAMN07554360","SRX3126151"
"KTN302","2cell","KTN3022cell22","SRR5968775","SAMN07554364","SRX3126147"
"KTN302","0cell","KTN3020cell20","SRR5968777","SAMN07553956","SRX3126145"
"KTN302","0cell","KTN3020cell14","SRR5968781","SAMN07553950","SRX3126141"
"KTN302","0cell","KTN3020cell16","SRR5968783","SAMN07553952","SRX3126139"
"KTN302","0cell","KTN3020cell337","SRR5968798","SAMN07554273","SRX3126124"
"KTN302","0cell","KTN3020cell331","SRR5968800","SAMN07554267","SRX3126122"
"KTN302","0cell","KTN3020cell334","SRR5968803","SAMN07554270","SRX3126119"
"KTN302","0cell","KTN3020cell157","SRR5968810","SAMN07554093","SRX3126112"
"KTN302","0cell","KTN3020cell128","SRR5968829","SAMN07554064","SRX3126093"
"KTN302","0cell","KTN3020cell127","SRR5968830","SAMN07554063","SRX3126092"
"KTN302","0cell","KTN3020cell8","SRR5968832","SAMN07553944","SRX3126090"
"KTN302","0cell","KTN3020cell1","SRR5968833","SAMN07553937","SRX3126089"
"KTN302","0cell","KTN3020cell2","SRR5968834","SAMN07553938","SRX3126088"
"KTN302","2cell","KTN3022cell53","SRR5968837","SAMN07554395","SRX3126085"
"KTN302","0cell","KTN3020cell319","SRR5968838","SAMN07554255","SRX3126084"
"KTN302","0cell","KTN3020cell59","SRR5968840","SAMN07553995","SRX3126082"
"KTN302","0cell","KTN3020cell56","SRR5968843","SAMN07553992","SRX3126079"
"KTN302","0cell","KTN3020cell273","SRR5968855","SAMN07554209","SRX3126067"
"KTN302","0cell","KTN3020cell376","SRR5968865","SAMN07554312","SRX3126057"
"KTN302","2cell","KTN3022cell66","SRR5968369","SAMN07554408","SRX3126052"
"KTN302","2cell","KTN3022cell72","SRR5968371","SAMN07554414","SRX3126050"
"KTN302","0cell","KTN3020cell297","SRR5968390","SAMN07554233","SRX3126031"
"KTN302","0cell","KTN3020cell296","SRR5968391","SAMN07554232","SRX3126030"
"KTN302","0cell","KTN3020cell295","SRR5968392","SAMN07554231","SRX3126029"
"KTN302","2cell","KTN3022cell28","SRR5968426","SAMN07554370","SRX3125995"
"KTN302","2cell","KTN3022cell27","SRR5968427","SAMN07554369","SRX3125994"
"KTN302","2cell","KTN3022cell25","SRR5968429","SAMN07554367","SRX3125992"
"KTN302","0cell","KTN3020cell26","SRR5968442","SAMN07553962","SRX3125979"
"KTN302","0cell","KTN3020cell25","SRR5968443","SAMN07553961","SRX3125978"
"KTN302","0cell","KTN3020cell24","SRR5968448","SAMN07553960","SRX3125973"
"KTN302","0cell","KTN3020cell250","SRR5968453","SAMN07554186","SRX3125968"
"KTN302","0cell","KTN3020cell244","SRR5968457","SAMN07554180","SRX3125964"
"KTN302","0cell","KTN3020cell245","SRR5968458","SAMN07554181","SRX3125963"
"KTN302","0cell","KTN3020cell247","SRR5968460","SAMN07554183","SRX3125961"
"KTN302","0cell","KTN3020cell324","SRR5968462","SAMN07554260","SRX3125959"
"KTN302","2cell","KTN3022cell80","SRR5968477","SAMN07554422","SRX3125944"
"KTN302","0cell","KTN3020cell142","SRR5968482","SAMN07554078","SRX3125939"
"KTN302","0cell","KTN3020cell147","SRR5968485","SAMN07554083","SRX3125936"
"KTN302","0cell","KTN3020cell114","SRR5968489","SAMN07554050","SRX3125932"
"KTN302","0cell","KTN3020cell62","SRR5968492","SAMN07553998","SRX3125929"
"KTN302","0cell","KTN3020cell67","SRR5968499","SAMN07554003","SRX3125922"
"KTN302","0cell","KTN3020cell368","SRR5968500","SAMN07554304","SRX3125921"
"KTN302","0cell","KTN3020cell367","SRR5968501","SAMN07554303","SRX3125920"
"KTN302","0cell","KTN3020cell365","SRR5968503","SAMN07554301","SRX3125918"
"KTN302","2cell","KTN3022cell41","SRR5968508","SAMN07554383","SRX3125913"
"KTN302","2cell","KTN3022cell38","SRR5968513","SAMN07554380","SRX3125908"
"KTN302","0cell","KTN3020cell193","SRR5968520","SAMN07554129","SRX3125901"
"KTN302","0cell","KTN3020cell195","SRR5968522","SAMN07554131","SRX3125899"
"KTN302","0cell","KTN3020cell211","SRR5968529","SAMN07554147","SRX3125892"
"KTN302","0cell","KTN3020cell272","SRR5968536","SAMN07554208","SRX3125885"
"KTN302","0cell","KTN3020cell106","SRR5968545","SAMN07554042","SRX3125876"
"KTN302","0cell","KTN3020cell104","SRR5968547","SAMN07554040","SRX3125874"
"KTN302","2cell","KTN3022cell23","SRR5968551","SAMN07554365","SRX3125870"
"KTN302","2cell","KTN3022cell24","SRR5968552","SAMN07554366","SRX3125869"
"KTN302","0cell","KTN3020cell402","SRR5968556","SAMN07554338","SRX3125865"
"KTN302","0cell","KTN3020cell386","SRR5968565","SAMN07554322","SRX3125856"
"KTN302","0cell","KTN3020cell387","SRR5968568","SAMN07554323","SRX3125853"
"KTN302","0cell","KTN3020cell32","SRR5968582","SAMN07553968","SRX3125839"
"KTN302","0cell","KTN3020cell256","SRR5968587","SAMN07554192","SRX3125834"
"KTN302","0cell","KTN3020cell320","SRR5968592","SAMN07554256","SRX3125829"
"KTN302","0cell","KTN3020cell259","SRR5968600","SAMN07554195","SRX3125821"
"KTN302","0cell","KTN3020cell279","SRR5968622","SAMN07554215","SRX3125799"
"KTN302","0cell","KTN3020cell80","SRR5968624","SAMN07554016","SRX3125797"
"KTN302","2cell","KTN3022cell50","SRR5968641","SAMN07554392","SRX3125780"
"KTN302","2cell","KTN3022cell46","SRR5968645","SAMN07554388","SRX3125776"
"KTN302","0cell","KTN3020cell185","SRR5968653","SAMN07554121","SRX3125768"
"KTN302","0cell","KTN3020cell183","SRR5968655","SAMN07554119","SRX3125766"
"KTN302","0cell","KTN3020cell225","SRR5968660","SAMN07554161","SRX3125761"
"KTN302","0cell","KTN3020cell224","SRR5968663","SAMN07554160","SRX3125758"
"KTN302","0cell","KTN3020cell133","SRR5968668","SAMN07554069","SRX3125753"
"KTN302","0cell","KTN3020cell137","SRR5968672","SAMN07554073","SRX3125749"
"KTN302","0cell","KTN3020cell308","SRR5968678","SAMN07554244","SRX3125743"
"KTN302","2cell","KTN3022cell6","SRR5968681","SAMN07554348","SRX3125740"
"KTN302","0cell","KTN3020cell44","SRR5968692","SAMN07553980","SRX3125729"
"KTN302","0cell","KTN3020cell41","SRR5968695","SAMN07553977","SRX3125726"
"KTN302","0cell","KTN3020cell47","SRR5968697","SAMN07553983","SRX3125724"
"KTN302","0cell","KTN3020cell263","SRR5968703","SAMN07554199","SRX3125718"
"KTN302","0cell","KTN3020cell261","SRR5968705","SAMN07554197","SRX3125716"
"KTN302","0cell","KTN3020cell267","SRR5968707","SAMN07554203","SRX3125714"
"KTN302","0cell","KTN3020cell265","SRR5968709","SAMN07554201","SRX3125712"
"KTN302","0cell","KTN3020cell270","SRR5968714","SAMN07554206","SRX3125707"
"KTN302","0cell","KTN3020cell304","SRR5968717","SAMN07554240","SRX3125704"
"KTN302","0cell","KTN3020cell303","SRR5968718","SAMN07554239","SRX3125703"
"KTN302","0cell","KTN3020cell165","SRR5968731","SAMN07554101","SRX3126191"
"KTN302","0cell","KTN3020cell167","SRR5968733","SAMN07554103","SRX3126189"
"KTN302","0cell","KTN3020cell163","SRR5968737","SAMN07554099","SRX3126185"
"KTN302","0cell","KTN3020cell84","SRR5968754","SAMN07554020","SRX3126168"
"KTN302","0cell","KTN3020cell81","SRR5968757","SAMN07554017","SRX3126165"
"KTN302","2cell","KTN3022cell21","SRR5968774","SAMN07554363","SRX3126148"
"KTN302","0cell","KTN3020cell15","SRR5968782","SAMN07553951","SRX3126140"
"KTN302","0cell","KTN3020cell18","SRR5968785","SAMN07553954","SRX3126137"
"KTN302","0cell","KTN3020cell235","SRR5968789","SAMN07554171","SRX3126133"
"KTN302","0cell","KTN3020cell234","SRR5968794","SAMN07554170","SRX3126128"
"KTN302","0cell","KTN3020cell335","SRR5968796","SAMN07554271","SRX3126126"
"KTN302","0cell","KTN3020cell338","SRR5968799","SAMN07554274","SRX3126123"
"KTN302","0cell","KTN3020cell339","SRR5968804","SAMN07554275","SRX3126118"
"KTN302","0cell","KTN3020cell158","SRR5968811","SAMN07554094","SRX3126111"
"KTN302","0cell","KTN3020cell130","SRR5968820","SAMN07554066","SRX3126102"
"KTN302","0cell","KTN3020cell125","SRR5968828","SAMN07554061","SRX3126094"
"KTN302","0cell","KTN3020cell7","SRR5968831","SAMN07553943","SRX3126091"
"KTN302","0cell","KTN3020cell51","SRR5968846","SAMN07553987","SRX3126076"
"KTN302","0cell","KTN3020cell53","SRR5968848","SAMN07553989","SRX3126074"
"KTN302","0cell","KTN3020cell54","SRR5968849","SAMN07553990","SRX3126073"
"KTN302","0cell","KTN3020cell380","SRR5968853","SAMN07554316","SRX3126069"
"KTN302","0cell","KTN3020cell275","SRR5968857","SAMN07554211","SRX3126065"
"KTN302","0cell","KTN3020cell372","SRR5968861","SAMN07554308","SRX3126061"
"KTN302","2cell","KTN3022cell453","SRR5958658","SAMN07543825","SRX3117172"
"KTN302","2cell","KTN3022cell277","SRR5958663","SAMN07543649","SRX3117167"
"KTN302","2cell","KTN3022cell281","SRR5958667","SAMN07543653","SRX3117163"
"KTN302","2cell","KTN3022cell279","SRR5958669","SAMN07543651","SRX3117161"
"KTN302","2cell","KTN3022cell111","SRR5958672","SAMN07543483","SRX3117158"
"KTN302","2cell","KTN3022cell421","SRR5958681","SAMN07543793","SRX3117149"
"KTN302","2cell","KTN3022cell423","SRR5958689","SAMN07543795","SRX3117141"
"KTN302","2cell","KTN3022cell250","SRR5958697","SAMN07543622","SRX3117133"
"KTN302","2cell","KTN3022cell347","SRR5958701","SAMN07543719","SRX3117129"
"KTN302","2cell","KTN3022cell352","SRR5958704","SAMN07543724","SRX3117126"
"KTN302","2cell","KTN3022cell350","SRR5958706","SAMN07543722","SRX3117124"
"KTN302","2cell","KTN3022cell354","SRR5958708","SAMN07543726","SRX3117122"
"KTN302","2cell","KTN3022cell160","SRR5958712","SAMN07543532","SRX3117118"
"KTN302","2cell","KTN3022cell162","SRR5958714","SAMN07543534","SRX3117116"
"KTN302","2cell","KTN3022cell447","SRR5958732","SAMN07543819","SRX3117098"
"KTN302","2cell","KTN3022cell195","SRR5958741","SAMN07543567","SRX3117089"
"KTN302","2cell","KTN3022cell255","SRR5958750","SAMN07543627","SRX3117080"
"KTN302","2cell","KTN3022cell257","SRR5958752","SAMN07543629","SRX3117078"
"KTN302","2cell","KTN3022cell115","SRR5958760","SAMN07543487","SRX3117070"
"KTN302","2cell","KTN3022cell118","SRR5958761","SAMN07543490","SRX3117069"
"KTN302","2cell","KTN3022cell410","SRR5958776","SAMN07543782","SRX3117054"
"KTN302","2cell","KTN3022cell127","SRR5958781","SAMN07543499","SRX3117049"
"KTN302","2cell","KTN3022cell242","SRR5958782","SAMN07543614","SRX3117048"
"KTN302","2cell","KTN3022cell241","SRR5958783","SAMN07543613","SRX3117047"
"KTN302","2cell","KTN3022cell361","SRR5958790","SAMN07543733","SRX3117040"
"KTN302","2cell","KTN3022cell359","SRR5958792","SAMN07543731","SRX3117038"
"KTN302","2cell","KTN3022cell358","SRR5958795","SAMN07543730","SRX3117035"
"KTN302","2cell","KTN3022cell356","SRR5958797","SAMN07543728","SRX3117033"
"KTN302","2cell","KTN3022cell172","SRR5958814","SAMN07543544","SRX3117016"
"KTN302","2cell","KTN3022cell168","SRR5958818","SAMN07543540","SRX3117012"
"KTN302","2cell","KTN3022cell443","SRR5958826","SAMN07543815","SRX3117004"
"KTN302","2cell","KTN3022cell323","SRR5958831","SAMN07543695","SRX3116999"
"KTN302","2cell","KTN3022cell324","SRR5958832","SAMN07543696","SRX3116998"
"KTN302","2cell","KTN3022cell435","SRR5958834","SAMN07543807","SRX3116996"
"KTN302","2cell","KTN3022cell227","SRR5958844","SAMN07543599","SRX3116986"
"KTN302","2cell","KTN3022cell226","SRR5958847","SAMN07543598","SRX3116983"
"KTN302","2cell","KTN3022cell180","SRR5958854","SAMN07543552","SRX3116976"
"KTN302","2cell","KTN3022cell194","SRR5958861","SAMN07543566","SRX3116969"
"KTN302","2cell","KTN3022cell192","SRR5958867","SAMN07543564","SRX3116963"
"KTN302","2cell","KTN3022cell185","SRR5958868","SAMN07543557","SRX3116962"
"KTN302","2cell","KTN3022cell128","SRR5958878","SAMN07543500","SRX3116952"
"KTN302","2cell","KTN3022cell125","SRR5958879","SAMN07543497","SRX3116951"
"KTN302","2cell","KTN3022cell270","SRR5958888","SAMN07543642","SRX3116942"
"KTN302","2cell","KTN3022cell372","SRR5958899","SAMN07543744","SRX3116931"
"KTN302","2cell","KTN3022cell368","SRR5958901","SAMN07543740","SRX3116929"
"KTN302","2cell","KTN3022cell141","SRR5958904","SAMN07543513","SRX3116926"
"KTN302","2cell","KTN3022cell140","SRR5958905","SAMN07543512","SRX3116925"
"KTN302","2cell","KTN3022cell139","SRR5958906","SAMN07543511","SRX3116924"
"KTN302","2cell","KTN3022cell136","SRR5958909","SAMN07543508","SRX3116921"
"KTN302","2cell","KTN3022cell470","SRR5958920","SAMN07543842","SRX3116910"
"KTN302","2cell","KTN3022cell322","SRR5958931","SAMN07543694","SRX3116899"
"KTN302","2cell","KTN3022cell442","SRR5958932","SAMN07543814","SRX3116898"
"KTN302","2cell","KTN3022cell285","SRR5958950","SAMN07543657","SRX3116880"
"KTN302","2cell","KTN3022cell286","SRR5958951","SAMN07543658","SRX3116879"
"KTN302","2cell","KTN3022cell325","SRR5958955","SAMN07543697","SRX3116875"
"KTN302","2cell","KTN3022cell332","SRR5958960","SAMN07543704","SRX3116870"
"KTN302","2cell","KTN3022cell428","SRR5958965","SAMN07543800","SRX3116865"
"KTN302","2cell","KTN3022cell431","SRR5958968","SAMN07543803","SRX3116862"
"KTN302","2cell","KTN3022cell224","SRR5958970","SAMN07543596","SRX3116860"
"KTN302","2cell","KTN3022cell218","SRR5958978","SAMN07543590","SRX3116852"
"KTN302","2cell","KTN3022cell217","SRR5958979","SAMN07543589","SRX3116851"
"KTN302","2cell","KTN3022cell238","SRR5958991","SAMN07543610","SRX3117219"
"KTN302","2cell","KTN3022cell235","SRR5958993","SAMN07543607","SRX3117217"
"KTN302","2cell","KTN3022cell303","SRR5958994","SAMN07543675","SRX3117216"
"KTN302","2cell","KTN3022cell302","SRR5959009","SAMN07543674","SRX3117201"
"KTN302","2cell","KTN3022cell394","SRR5959028","SAMN07543766","SRX3117182"
"KTN302","2cell","KTN3022cell68","SRR5968367","SAMN07554410","SRX3126054"
"KTN302","2cell","KTN3022cell71","SRR5968372","SAMN07554413","SRX3126049"
"KTN302","2cell","KTN3022cell69","SRR5968374","SAMN07554411","SRX3126047"
"KTN302","2cell","KTN3022cell73","SRR5968376","SAMN07554415","SRX3126045"
"KTN302","0cell","KTN3020cell111","SRR5968377","SAMN07554047","SRX3126044"
"KTN302","0cell","KTN3020cell112","SRR5968378","SAMN07554048","SRX3126043"
"KTN302","0cell","KTN3020cell293","SRR5968386","SAMN07554229","SRX3126035"
"KTN302","0cell","KTN3020cell6","SRR5968393","SAMN07553942","SRX3126028"
"KTN302","2cell","KTN3022cell43","SRR5968395","SAMN07554385","SRX3126026"
"KTN302","2cell","KTN3022cell44","SRR5968396","SAMN07554386","SRX3126025"
"KTN302","0cell","KTN3020cell205","SRR5968397","SAMN07554141","SRX3126024"
"KTN302","2cell","KTN3022cell52","SRR5968405","SAMN07554394","SRX3126016"
"KTN302","0cell","KTN3020cell209","SRR5968406","SAMN07554145","SRX3126015"
"KTN302","0cell","KTN3020cell210","SRR5968407","SAMN07554146","SRX3126014"
"KTN302","2cell","KTN3022cell51","SRR5968409","SAMN07554393","SRX3126012"
"KTN302","0cell","KTN3020cell96","SRR5968417","SAMN07554032","SRX3126004"
"KTN302","0cell","KTN3020cell97","SRR5968418","SAMN07554033","SRX3126003"
"KTN302","0cell","KTN3020cell98","SRR5968419","SAMN07554034","SRX3126002"
"KTN302","2cell","KTN3022cell32","SRR5968422","SAMN07554374","SRX3125999"
"KTN302","2cell","KTN3022cell26","SRR5968428","SAMN07554368","SRX3125993"
"KTN302","2cell","KTN3022cell34","SRR5968430","SAMN07554376","SRX3125991"
"KTN302","2cell","KTN3022cell33","SRR5968431","SAMN07554375","SRX3125990"
"KTN302","0cell","KTN3020cell400","SRR5968441","SAMN07554336","SRX3125980"
"KTN302","0cell","KTN3020cell23","SRR5968449","SAMN07553959","SRX3125972"
"KTN302","0cell","KTN3020cell30","SRR5968450","SAMN07553966","SRX3125971"
"KTN302","0cell","KTN3020cell241","SRR5968454","SAMN07554177","SRX3125967"
"KTN302","0cell","KTN3020cell243","SRR5968456","SAMN07554179","SRX3125965"
"KTN302","0cell","KTN3020cell323","SRR5968463","SAMN07554259","SRX3125958"
"KTN302","0cell","KTN3020cell322","SRR5968464","SAMN07554258","SRX3125957"
"KTN302","2cell","KTN3022cell78","SRR5968471","SAMN07554420","SRX3125950"
"KTN302","2cell","KTN3022cell81","SRR5968474","SAMN07554423","SRX3125947"
"KTN302","0cell","KTN3020cell150","SRR5968478","SAMN07554086","SRX3125943"
"KTN302","0cell","KTN3020cell144","SRR5968480","SAMN07554080","SRX3125941"
"KTN302","0cell","KTN3020cell68","SRR5968498","SAMN07554004","SRX3125923"
"KTN302","0cell","KTN3020cell363","SRR5968505","SAMN07554299","SRX3125916"
"KTN302","2cell","KTN3022cell39","SRR5968510","SAMN07554381","SRX3125911"
"KTN302","0cell","KTN3020cell370","SRR5968514","SAMN07554306","SRX3125907"
"KTN302","0cell","KTN3020cell191","SRR5968518","SAMN07554127","SRX3125903"
"KTN302","0cell","KTN3020cell196","SRR5968523","SAMN07554132","SRX3125898"
"KTN302","0cell","KTN3020cell212","SRR5968528","SAMN07554148","SRX3125893"
"KTN302","0cell","KTN3020cell271","SRR5968537","SAMN07554207","SRX3125884"
"KTN302","0cell","KTN3020cell280","SRR5968540","SAMN07554216","SRX3125881"
"KTN302","0cell","KTN3020cell105","SRR5968546","SAMN07554041","SRX3125875"
"KTN302","0cell","KTN3020cell102","SRR5968549","SAMN07554038","SRX3125872"
"KTN302","0cell","KTN3020cell101","SRR5968550","SAMN07554037","SRX3125871"
"KTN302","2cell","KTN3022cell1","SRR5968557","SAMN07554343","SRX3125864"
"KTN302","2cell","KTN3022cell15","SRR5968563","SAMN07554357","SRX3125858"
"KTN302","2cell","KTN3022cell16","SRR5968564","SAMN07554358","SRX3125857"
"KTN302","0cell","KTN3020cell388","SRR5968567","SAMN07554324","SRX3125854"
"KTN302","0cell","KTN3020cell381","SRR5968570","SAMN07554317","SRX3125851"
"KTN302","0cell","KTN3020cell389","SRR5968574","SAMN07554325","SRX3125847"
"KTN302","0cell","KTN3020cell38","SRR5968576","SAMN07553974","SRX3125845"
"KTN302","0cell","KTN3020cell31","SRR5968581","SAMN07553967","SRX3125840"
"KTN302","0cell","KTN3020cell40","SRR5968584","SAMN07553976","SRX3125837"
"KTN302","2cell","KTN3022cell94","SRR5968601","SAMN07554436","SRX3125820"
"KTN302","2cell","KTN3022cell86","SRR5968604","SAMN07554428","SRX3125817"
"KTN302","2cell","KTN3022cell92","SRR5968610","SAMN07554434","SRX3125811"
"KTN302","0cell","KTN3020cell177","SRR5968612","SAMN07554113","SRX3125809"
"KTN302","0cell","KTN3020cell173","SRR5968616","SAMN07554109","SRX3125805"
"KTN302","0cell","KTN3020cell79","SRR5968623","SAMN07554015","SRX3125798"
"KTN302","0cell","KTN3020cell74","SRR5968626","SAMN07554010","SRX3125795"
"KTN302","0cell","KTN3020cell72","SRR5968628","SAMN07554008","SRX3125793"
"KTN302","0cell","KTN3020cell78","SRR5968630","SAMN07554014","SRX3125791"
"KTN302","0cell","KTN3020cell75","SRR5968631","SAMN07554011","SRX3125790"
"KTN302","0cell","KTN3020cell352","SRR5968636","SAMN07554288","SRX3125785"
"KTN302","0cell","KTN3020cell358","SRR5968638","SAMN07554294","SRX3125783"
"KTN302","0cell","KTN3020cell355","SRR5968639","SAMN07554291","SRX3125782"
"KTN302","0cell","KTN3020cell356","SRR5968640","SAMN07554292","SRX3125781"
"KTN302","2cell","KTN3022cell49","SRR5968642","SAMN07554391","SRX3125779"
"KTN302","0cell","KTN3020cell360","SRR5968644","SAMN07554296","SRX3125777"
"KTN302","0cell","KTN3020cell188","SRR5968650","SAMN07554124","SRX3125771"
"KTN302","0cell","KTN3020cell187","SRR5968651","SAMN07554123","SRX3125770"
"KTN302","0cell","KTN3020cell184","SRR5968654","SAMN07554120","SRX3125767"
"KTN302","0cell","KTN3020cell229","SRR5968656","SAMN07554165","SRX3125765"
"KTN302","0cell","KTN3020cell140","SRR5968667","SAMN07554076","SRX3125754"
"KTN302","0cell","KTN3020cell132","SRR5968671","SAMN07554068","SRX3125750"
"KTN302","0cell","KTN3020cell309","SRR5968677","SAMN07554245","SRX3125744"
"KTN302","2cell","KTN3022cell83","SRR5968680","SAMN07554425","SRX3125741"
"KTN302","2cell","KTN3022cell9","SRR5968686","SAMN07554351","SRX3125735"
"KTN302","2cell","KTN3022cell12","SRR5968687","SAMN07554354","SRX3125734"
"KTN302","0cell","KTN3020cell46","SRR5968698","SAMN07553982","SRX3125723"
"KTN302","0cell","KTN3020cell264","SRR5968704","SAMN07554200","SRX3125717"
"KTN302","0cell","KTN3020cell302","SRR5968715","SAMN07554238","SRX3125706"
"KTN302","0cell","KTN3020cell301","SRR5968716","SAMN07554237","SRX3125705"
"KTN302","2cell","KTN3022cell59","SRR5968719","SAMN07554401","SRX3125702"
"KTN302","0cell","KTN3020cell168","SRR5968732","SAMN07554104","SRX3126190"
"KTN302","0cell","KTN3020cell289","SRR5968734","SAMN07554225","SRX3126188"
"KTN302","0cell","KTN3020cell285","SRR5968738","SAMN07554221","SRX3126184"
"KTN302","0cell","KTN3020cell287","SRR5968740","SAMN07554223","SRX3126182"
"KTN302","0cell","KTN3020cell281","SRR5968742","SAMN07554217","SRX3126180"
"KTN302","0cell","KTN3020cell284","SRR5968745","SAMN07554220","SRX3126177"
"KTN302","0cell","KTN3020cell162","SRR5968746","SAMN07554098","SRX3126176"
"KTN302","0cell","KTN3020cell83","SRR5968755","SAMN07554019","SRX3126167"
"KTN302","0cell","KTN3020cell345","SRR5968765","SAMN07554281","SRX3126157"
"KTN302","2cell","KTN3022cell20","SRR5968773","SAMN07554362","SRX3126149"
"KTN302","0cell","KTN3020cell11","SRR5968778","SAMN07553947","SRX3126144"
"KTN302","0cell","KTN3020cell13","SRR5968780","SAMN07553949","SRX3126142"
"KTN302","0cell","KTN3020cell239","SRR5968787","SAMN07554175","SRX3126135"
"KTN302","0cell","KTN3020cell232","SRR5968792","SAMN07554168","SRX3126130"
"KTN302","0cell","KTN3020cell332","SRR5968801","SAMN07554268","SRX3126121"
"KTN302","0cell","KTN3020cell333","SRR5968802","SAMN07554269","SRX3126120"
"KTN302","0cell","KTN3020cell159","SRR5968806","SAMN07554095","SRX3126116"
"KTN302","0cell","KTN3020cell155","SRR5968808","SAMN07554091","SRX3126114"
"KTN302","0cell","KTN3020cell151","SRR5968812","SAMN07554087","SRX3126110"
"KTN302","0cell","KTN3020cell153","SRR5968814","SAMN07554089","SRX3126108"
"KTN302","0cell","KTN3020cell9","SRR5968816","SAMN07553945","SRX3126106"
"KTN302","0cell","KTN3020cell122","SRR5968823","SAMN07554058","SRX3126099"
"KTN302","0cell","KTN3020cell121","SRR5968824","SAMN07554057","SRX3126098"
"KTN302","0cell","KTN3020cell123","SRR5968826","SAMN07554059","SRX3126096"
"KTN302","0cell","KTN3020cell126","SRR5968827","SAMN07554062","SRX3126095"
"KTN302","0cell","KTN3020cell58","SRR5968845","SAMN07553994","SRX3126077"
"KTN302","0cell","KTN3020cell311","SRR5968850","SAMN07554247","SRX3126072"
"KTN302","0cell","KTN3020cell274","SRR5968854","SAMN07554210","SRX3126068"
"KTN302","0cell","KTN3020cell276","SRR5968856","SAMN07554212","SRX3126066"
"KTN302","0cell","KTN3020cell373","SRR5968862","SAMN07554309","SRX3126060"
"KTN302","2cell","KTN3022cell283","SRR5958661","SAMN07543655","SRX3117169"
"KTN302","2cell","KTN3022cell278","SRR5958662","SAMN07543650","SRX3117168"
"KTN302","2cell","KTN3022cell419","SRR5958683","SAMN07543791","SRX3117147"
"KTN302","2cell","KTN3022cell249","SRR5958696","SAMN07543621","SRX3117134"
"KTN302","2cell","KTN3022cell251","SRR5958698","SAMN07543623","SRX3117132"
"KTN302","2cell","KTN3022cell164","SRR5958710","SAMN07543536","SRX3117120"
"KTN302","2cell","KTN3022cell161","SRR5958715","SAMN07543533","SRX3117115"
"KTN302","2cell","KTN3022cell313","SRR5958720","SAMN07543685","SRX3117110"
"KTN302","2cell","KTN3022cell310","SRR5958722","SAMN07543682","SRX3117108"
"KTN302","2cell","KTN3022cell307","SRR5958725","SAMN07543679","SRX3117105"
"KTN302","2cell","KTN3022cell314","SRR5958734","SAMN07543686","SRX3117096"
"KTN302","2cell","KTN3022cell200","SRR5958744","SAMN07543572","SRX3117086"
"KTN302","2cell","KTN3022cell199","SRR5958745","SAMN07543571","SRX3117085"
"KTN302","2cell","KTN3022cell264","SRR5958757","SAMN07543636","SRX3117073"
"KTN302","2cell","KTN3022cell121","SRR5958766","SAMN07543493","SRX3117064"
"KTN302","2cell","KTN3022cell405","SRR5958771","SAMN07543777","SRX3117059"
"KTN302","2cell","KTN3022cell413","SRR5958777","SAMN07543785","SRX3117053"
"KTN302","2cell","KTN3022cell237","SRR5958787","SAMN07543609","SRX3117043"
"KTN302","2cell","KTN3022cell363","SRR5958788","SAMN07543735","SRX3117042"
"KTN302","2cell","KTN3022cell362","SRR5958791","SAMN07543734","SRX3117039"
"KTN302","2cell","KTN3022cell360","SRR5958793","SAMN07543732","SRX3117037"
"KTN302","2cell","KTN3022cell357","SRR5958794","SAMN07543729","SRX3117036"
"KTN302","2cell","KTN3022cell312","SRR5958799","SAMN07543684","SRX3117031"
"KTN302","2cell","KTN3022cell97","SRR5958803","SAMN07543469","SRX3117027"
"KTN302","2cell","KTN3022cell101","SRR5958807","SAMN07543473","SRX3117023"
"KTN302","2cell","KTN3022cell102","SRR5958808","SAMN07543474","SRX3117022"
"KTN302","2cell","KTN3022cell170","SRR5958816","SAMN07543542","SRX3117014"
"KTN302","2cell","KTN3022cell167","SRR5958817","SAMN07543539","SRX3117013"
"KTN302","2cell","KTN3022cell317","SRR5958821","SAMN07543689","SRX3117009"
"KTN302","2cell","KTN3022cell315","SRR5958823","SAMN07543687","SRX3117007"
"KTN302","2cell","KTN3022cell319","SRR5958827","SAMN07543691","SRX3117003"
"KTN302","2cell","KTN3022cell440","SRR5958829","SAMN07543812","SRX3117001"
"KTN302","2cell","KTN3022cell438","SRR5958835","SAMN07543810","SRX3116995"
"KTN302","2cell","KTN3022cell333","SRR5958837","SAMN07543705","SRX3116993"
"KTN302","2cell","KTN3022cell233","SRR5958838","SAMN07543605","SRX3116992"
"KTN302","2cell","KTN3022cell234","SRR5958839","SAMN07543606","SRX3116991"
"KTN302","2cell","KTN3022cell177","SRR5958849","SAMN07543549","SRX3116981"
"KTN302","2cell","KTN3022cell181","SRR5958853","SAMN07543553","SRX3116977"
"KTN302","2cell","KTN3022cell183","SRR5958858","SAMN07543555","SRX3116972"
"KTN302","2cell","KTN3022cell190","SRR5958865","SAMN07543562","SRX3116965"
"KTN302","2cell","KTN3022cell266","SRR5958875","SAMN07543638","SRX3116955"
"KTN302","2cell","KTN3022cell131","SRR5958881","SAMN07543503","SRX3116949"
"KTN302","2cell","KTN3022cell129","SRR5958883","SAMN07543501","SRX3116947"
"KTN302","2cell","KTN3022cell134","SRR5958887","SAMN07543506","SRX3116943"
"KTN302","2cell","KTN3022cell398","SRR5958891","SAMN07543770","SRX3116939"
"KTN302","2cell","KTN3022cell402","SRR5958895","SAMN07543774","SRX3116935"
"KTN302","2cell","KTN3022cell371","SRR5958900","SAMN07543743","SRX3116930"
"KTN302","2cell","KTN3022cell267","SRR5958903","SAMN07543639","SRX3116927"
"KTN302","2cell","KTN3022cell137","SRR5958908","SAMN07543509","SRX3116922"
"KTN302","2cell","KTN3022cell369","SRR5958912","SAMN07543741","SRX3116918"
"KTN302","2cell","KTN3022cell144","SRR5958917","SAMN07543516","SRX3116913"
"KTN302","2cell","KTN3022cell473","SRR5958927","SAMN07543845","SRX3116903"
"KTN302","2cell","KTN3022cell377","SRR5958936","SAMN07543749","SRX3116894"
"KTN302","2cell","KTN3022cell378","SRR5958937","SAMN07543750","SRX3116893"
"KTN302","2cell","KTN3022cell293","SRR5958944","SAMN07543665","SRX3116886"
"KTN302","2cell","KTN3022cell292","SRR5958949","SAMN07543664","SRX3116881"
"KTN302","2cell","KTN3022cell287","SRR5958952","SAMN07543659","SRX3116878"
"KTN302","2cell","KTN3022cell329","SRR5958959","SAMN07543701","SRX3116871"
"KTN302","2cell","KTN3022cell334","SRR5958962","SAMN07543706","SRX3116868"
"KTN302","2cell","KTN3022cell426","SRR5958963","SAMN07543798","SRX3116867"
"KTN302","2cell","KTN3022cell430","SRR5958967","SAMN07543802","SRX3116863"
"KTN302","2cell","KTN3022cell223","SRR5958971","SAMN07543595","SRX3116859"
"KTN302","2cell","KTN3022cell342","SRR5958983","SAMN07543714","SRX3116847"
"KTN302","2cell","KTN3022cell335","SRR5958984","SAMN07543707","SRX3116846"
"KTN302","2cell","KTN3022cell343","SRR5958988","SAMN07543715","SRX3116842"
"KTN302","2cell","KTN3022cell304","SRR5958995","SAMN07543676","SRX3117215"
"KTN302","2cell","KTN3022cell260","SRR5958998","SAMN07543632","SRX3117212"
"KTN302","2cell","KTN3022cell150","SRR5958999","SAMN07543522","SRX3117211"
"KTN302","2cell","KTN3022cell457","SRR5959011","SAMN07543829","SRX3117199"
"KTN302","2cell","KTN3022cell211","SRR5959024","SAMN07543583","SRX3117186"
"KTN302","2cell","KTN3022cell393","SRR5959029","SAMN07543765","SRX3117181"
"KTN302","2cell","KTN3022cell389","SRR5959033","SAMN07543761","SRX3117177"
"KTN302","0cell","KTN3020cell300","SRR5968379","SAMN07554236","SRX3126042"
"KTN302","0cell","KTN3020cell117","SRR5968383","SAMN07554053","SRX3126038"
"KTN302","0cell","KTN3020cell202","SRR5968402","SAMN07554138","SRX3126019"
"KTN302","0cell","KTN3020cell203","SRR5968403","SAMN07554139","SRX3126018"
"KTN302","2cell","KTN3022cell35","SRR5968410","SAMN07554377","SRX3126011"
"KTN302","0cell","KTN3020cell91","SRR5968412","SAMN07554027","SRX3126009"
"KTN302","0cell","KTN3020cell93","SRR5968414","SAMN07554029","SRX3126007"
"KTN302","0cell","KTN3020cell94","SRR5968415","SAMN07554030","SRX3126006"
"KTN302","0cell","KTN3020cell99","SRR5968420","SAMN07554035","SRX3126001"
"KTN302","2cell","KTN3022cell31","SRR5968423","SAMN07554373","SRX3125998"
"KTN302","2cell","KTN3022cell30","SRR5968424","SAMN07554372","SRX3125997"
"KTN302","0cell","KTN3020cell393","SRR5968436","SAMN07554329","SRX3125985"
"KTN302","0cell","KTN3020cell399","SRR5968440","SAMN07554335","SRX3125981"
"KTN302","0cell","KTN3020cell28","SRR5968444","SAMN07553964","SRX3125977"
"KTN302","0cell","KTN3020cell27","SRR5968445","SAMN07553963","SRX3125976"
"KTN302","0cell","KTN3020cell242","SRR5968455","SAMN07554178","SRX3125966"
"KTN302","0cell","KTN3020cell246","SRR5968459","SAMN07554182","SRX3125962"
"KTN302","0cell","KTN3020cell327","SRR5968467","SAMN07554263","SRX3125954"
"KTN302","0cell","KTN3020cell326","SRR5968468","SAMN07554262","SRX3125953"
"KTN302","0cell","KTN3020cell330","SRR5968472","SAMN07554266","SRX3125949"
"KTN302","2cell","KTN3022cell79","SRR5968476","SAMN07554421","SRX3125945"
"KTN302","0cell","KTN3020cell148","SRR5968484","SAMN07554084","SRX3125937"
"KTN302","0cell","KTN3020cell145","SRR5968487","SAMN07554081","SRX3125934"
"KTN302","0cell","KTN3020cell70","SRR5968490","SAMN07554006","SRX3125931"
"KTN302","0cell","KTN3020cell61","SRR5968493","SAMN07553997","SRX3125928"
"KTN302","0cell","KTN3020cell63","SRR5968495","SAMN07553999","SRX3125926"
"KTN302","0cell","KTN3020cell366","SRR5968502","SAMN07554302","SRX3125919"
"KTN302","0cell","KTN3020cell369","SRR5968515","SAMN07554305","SRX3125906"
"KTN302","0cell","KTN3020cell198","SRR5968525","SAMN07554134","SRX3125896"
"KTN302","0cell","KTN3020cell217","SRR5968531","SAMN07554153","SRX3125890"
"KTN302","0cell","KTN3020cell110","SRR5968541","SAMN07554046","SRX3125880"
"KTN302","0cell","KTN3020cell103","SRR5968548","SAMN07554039","SRX3125873"
"KTN302","0cell","KTN3020cell404","SRR5968554","SAMN07554340","SRX3125867"
"KTN302","0cell","KTN3020cell401","SRR5968555","SAMN07554337","SRX3125866"
"KTN302","0cell","KTN3020cell406","SRR5968560","SAMN07554342","SRX3125861"
"KTN302","2cell","KTN3022cell3","SRR5968561","SAMN07554345","SRX3125860"
"KTN302","0cell","KTN3020cell382","SRR5968569","SAMN07554318","SRX3125852"
"KTN302","0cell","KTN3020cell390","SRR5968573","SAMN07554326","SRX3125848"
"KTN302","0cell","KTN3020cell35","SRR5968577","SAMN07553971","SRX3125844"
"KTN302","0cell","KTN3020cell257","SRR5968586","SAMN07554193","SRX3125835"
"KTN302","0cell","KTN3020cell254","SRR5968589","SAMN07554190","SRX3125832"
"KTN302","0cell","KTN3020cell253","SRR5968590","SAMN07554189","SRX3125831"
"KTN302","0cell","KTN3020cell318","SRR5968594","SAMN07554254","SRX3125827"
"KTN302","0cell","KTN3020cell315","SRR5968595","SAMN07554251","SRX3125826"
"KTN302","0cell","KTN3020cell260","SRR5968599","SAMN07554196","SRX3125822"
"KTN302","0cell","KTN3020cell119","SRR5968603","SAMN07554055","SRX3125818"
"KTN302","2cell","KTN3022cell89","SRR5968609","SAMN07554431","SRX3125812"
"KTN302","2cell","KTN3022cell91","SRR5968611","SAMN07554433","SRX3125810"
"KTN302","0cell","KTN3020cell178","SRR5968613","SAMN07554114","SRX3125808"
"KTN302","0cell","KTN3020cell179","SRR5968620","SAMN07554115","SRX3125801"
"KTN302","0cell","KTN3020cell71","SRR5968627","SAMN07554007","SRX3125794"
"KTN302","0cell","KTN3020cell77","SRR5968629","SAMN07554013","SRX3125792"
"KTN302","0cell","KTN3020cell353","SRR5968633","SAMN07554289","SRX3125788"
"KTN302","0cell","KTN3020cell357","SRR5968637","SAMN07554293","SRX3125784"
"KTN302","0cell","KTN3020cell208","SRR5968649","SAMN07554144","SRX3125772"
"KTN302","0cell","KTN3020cell223","SRR5968662","SAMN07554159","SRX3125759"
"KTN302","0cell","KTN3020cell134","SRR5968669","SAMN07554070","SRX3125752"
"KTN302","0cell","KTN3020cell307","SRR5968679","SAMN07554243","SRX3125742"
"KTN302","2cell","KTN3022cell5","SRR5968682","SAMN07554347","SRX3125739"
"KTN302","0cell","KTN3020cell43","SRR5968693","SAMN07553979","SRX3125728"
"KTN302","0cell","KTN3020cell45","SRR5968699","SAMN07553981","SRX3125722"
"KTN302","0cell","KTN3020cell305","SRR5968712","SAMN07554241","SRX3125709"
"KTN302","2cell","KTN3022cell62","SRR5968722","SAMN07554404","SRX3125699"
"KTN302","2cell","KTN3022cell56","SRR5968724","SAMN07554398","SRX3125697"
"KTN302","2cell","KTN3022cell57","SRR5968725","SAMN07554399","SRX3125696"
"KTN302","0cell","KTN3020cell286","SRR5968739","SAMN07554222","SRX3126183"
"KTN302","0cell","KTN3020cell161","SRR5968747","SAMN07554097","SRX3126175"
"KTN302","0cell","KTN3020cell86","SRR5968752","SAMN07554022","SRX3126170"
"KTN302","0cell","KTN3020cell90","SRR5968758","SAMN07554026","SRX3126164"
"KTN302","0cell","KTN3020cell89","SRR5968759","SAMN07554025","SRX3126163"
"KTN302","0cell","KTN3020cell342","SRR5968760","SAMN07554278","SRX3126162"
"KTN302","0cell","KTN3020cell344","SRR5968762","SAMN07554280","SRX3126160"
"KTN302","0cell","KTN3020cell343","SRR5968763","SAMN07554279","SRX3126159"
"KTN302","0cell","KTN3020cell346","SRR5968764","SAMN07554282","SRX3126158"
"KTN302","0cell","KTN3020cell347","SRR5968767","SAMN07554283","SRX3126155"
"KTN302","0cell","KTN3020cell350","SRR5968768","SAMN07554286","SRX3126154"
"KTN302","0cell","KTN3020cell349","SRR5968769","SAMN07554285","SRX3126153"
"KTN302","2cell","KTN3022cell17","SRR5968770","SAMN07554359","SRX3126152"
"KTN302","2cell","KTN3022cell19","SRR5968772","SAMN07554361","SRX3126150"
"KTN302","0cell","KTN3020cell19","SRR5968776","SAMN07553955","SRX3126146"
"KTN302","0cell","KTN3020cell17","SRR5968784","SAMN07553953","SRX3126138"
"KTN302","0cell","KTN3020cell236","SRR5968788","SAMN07554172","SRX3126134"
"KTN302","0cell","KTN3020cell238","SRR5968790","SAMN07554174","SRX3126132"
"KTN302","0cell","KTN3020cell233","SRR5968795","SAMN07554169","SRX3126127"
"KTN302","0cell","KTN3020cell336","SRR5968797","SAMN07554272","SRX3126125"
"KTN302","0cell","KTN3020cell340","SRR5968805","SAMN07554276","SRX3126117"
"KTN302","0cell","KTN3020cell152","SRR5968813","SAMN07554088","SRX3126109"
"KTN302","0cell","KTN3020cell182","SRR5968818","SAMN07554118","SRX3126104"
"KTN302","0cell","KTN3020cell129","SRR5968821","SAMN07554065","SRX3126101"
"KTN302","0cell","KTN3020cell221","SRR5968835","SAMN07554157","SRX3126087"
"KTN302","0cell","KTN3020cell222","SRR5968836","SAMN07554158","SRX3126086"
"KTN302","0cell","KTN3020cell251","SRR5968839","SAMN07554187","SRX3126083"
"KTN302","0cell","KTN3020cell55","SRR5968842","SAMN07553991","SRX3126080"
"KTN302","0cell","KTN3020cell57","SRR5968844","SAMN07553993","SRX3126078"
"KTN302","0cell","KTN3020cell52","SRR5968847","SAMN07553988","SRX3126075"
"KTN302","0cell","KTN3020cell312","SRR5968851","SAMN07554248","SRX3126071"
"KTN302","0cell","KTN3020cell278","SRR5968858","SAMN07554214","SRX3126064"
"KTN302","0cell","KTN3020cell277","SRR5968859","SAMN07554213","SRX3126063"
"KTN302","0cell","KTN3020cell371","SRR5968860","SAMN07554307","SRX3126062"
"KTN302","0cell","KTN3020cell374","SRR5968863","SAMN07554310","SRX3126059"
"KTN302","0cell","KTN3020cell377","SRR5968866","SAMN07554313","SRX3126056"
"KTN302","2cell","KTN3022cell388","SRR5958654","SAMN07543760","SRX3117176"
"KTN302","2cell","KTN3022cell282","SRR5958666","SAMN07543654","SRX3117164"
"KTN302","2cell","KTN3022cell109","SRR5958670","SAMN07543481","SRX3117160"
"KTN302","2cell","KTN3022cell114","SRR5958679","SAMN07543486","SRX3117151"
"KTN302","2cell","KTN3022cell418","SRR5958684","SAMN07543790","SRX3117146"
"KTN302","2cell","KTN3022cell417","SRR5958685","SAMN07543789","SRX3117145"
"KTN302","2cell","KTN3022cell424","SRR5958688","SAMN07543796","SRX3117142"
"KTN302","2cell","KTN3022cell254","SRR5958691","SAMN07543626","SRX3117139"
"KTN302","2cell","KTN3022cell252","SRR5958699","SAMN07543624","SRX3117131"
"KTN302","2cell","KTN3022cell348","SRR5958700","SAMN07543720","SRX3117130"
"KTN302","2cell","KTN3022cell346","SRR5958702","SAMN07543718","SRX3117128"
"KTN302","2cell","KTN3022cell351","SRR5958705","SAMN07543723","SRX3117125"
"KTN302","2cell","KTN3022cell353","SRR5958709","SAMN07543725","SRX3117121"
"KTN302","2cell","KTN3022cell311","SRR5958721","SAMN07543683","SRX3117109"
"KTN302","2cell","KTN3022cell309","SRR5958723","SAMN07543681","SRX3117107"
"KTN302","2cell","KTN3022cell306","SRR5958726","SAMN07543678","SRX3117104"
"KTN302","2cell","KTN3022cell451","SRR5958728","SAMN07543823","SRX3117102"
"KTN302","2cell","KTN3022cell449","SRR5958730","SAMN07543821","SRX3117100"
"KTN302","2cell","KTN3022cell448","SRR5958733","SAMN07543820","SRX3117097"
"KTN302","2cell","KTN3022cell256","SRR5958737","SAMN07543628","SRX3117093"
"KTN302","2cell","KTN3022cell198","SRR5958738","SAMN07543570","SRX3117092"
"KTN302","2cell","KTN3022cell197","SRR5958739","SAMN07543569","SRX3117091"
"KTN302","2cell","KTN3022cell202","SRR5958742","SAMN07543574","SRX3117088"
"KTN302","2cell","KTN3022cell201","SRR5958743","SAMN07543573","SRX3117087"
"KTN302","2cell","KTN3022cell445","SRR5958748","SAMN07543817","SRX3117082"
"KTN302","2cell","KTN3022cell145","SRR5958749","SAMN07543517","SRX3117081"
"KTN302","2cell","KTN3022cell259","SRR5958754","SAMN07543631","SRX3117076"
"KTN302","2cell","KTN3022cell262","SRR5958755","SAMN07543634","SRX3117075"
"KTN302","2cell","KTN3022cell261","SRR5958756","SAMN07543633","SRX3117074"
"KTN302","2cell","KTN3022cell120","SRR5958763","SAMN07543492","SRX3117067"
"KTN302","2cell","KTN3022cell119","SRR5958764","SAMN07543491","SRX3117066"
"KTN302","2cell","KTN3022cell407","SRR5958769","SAMN07543779","SRX3117061"
"KTN302","2cell","KTN3022cell406","SRR5958772","SAMN07543778","SRX3117058"
"KTN302","2cell","KTN3022cell412","SRR5958774","SAMN07543784","SRX3117056"
"KTN302","2cell","KTN3022cell326","SRR5958779","SAMN07543698","SRX3117051"
"KTN302","2cell","KTN3022cell240","SRR5958784","SAMN07543612","SRX3117046"
"KTN302","2cell","KTN3022cell239","SRR5958785","SAMN07543611","SRX3117045"
"KTN302","2cell","KTN3022cell425","SRR5958786","SAMN07543797","SRX3117044"
"KTN302","2cell","KTN3022cell364","SRR5958789","SAMN07543736","SRX3117041"
"KTN302","2cell","KTN3022cell99","SRR5958805","SAMN07543471","SRX3117025"
"KTN302","2cell","KTN3022cell103","SRR5958809","SAMN07543475","SRX3117021"
"KTN302","2cell","KTN3022cell173","SRR5958811","SAMN07543545","SRX3117019"
"KTN302","2cell","KTN3022cell174","SRR5958812","SAMN07543546","SRX3117018"
"KTN302","2cell","KTN3022cell165","SRR5958819","SAMN07543537","SRX3117011"
"KTN302","2cell","KTN3022cell320","SRR5958828","SAMN07543692","SRX3117002"
"KTN302","2cell","KTN3022cell439","SRR5958830","SAMN07543811","SRX3117000"
"KTN302","2cell","KTN3022cell175","SRR5958851","SAMN07543547","SRX3116979"
"KTN302","2cell","KTN3022cell184","SRR5958857","SAMN07543556","SRX3116973"
"KTN302","2cell","KTN3022cell208","SRR5958859","SAMN07543580","SRX3116971"
"KTN302","2cell","KTN3022cell189","SRR5958864","SAMN07543561","SRX3116966"
"KTN302","2cell","KTN3022cell188","SRR5958871","SAMN07543560","SRX3116959"
"KTN302","2cell","KTN3022cell268","SRR5958873","SAMN07543640","SRX3116957"
"KTN302","2cell","KTN3022cell265","SRR5958874","SAMN07543637","SRX3116956"
"KTN302","2cell","KTN3022cell126","SRR5958880","SAMN07543498","SRX3116950"
"KTN302","2cell","KTN3022cell399","SRR5958894","SAMN07543771","SRX3116936"
"KTN302","2cell","KTN3022cell135","SRR5958910","SAMN07543507","SRX3116920"
"KTN302","2cell","KTN3022cell465","SRR5958923","SAMN07543837","SRX3116907"
"KTN302","2cell","KTN3022cell466","SRR5958924","SAMN07543838","SRX3116906"
"KTN302","2cell","KTN3022cell468","SRR5958926","SAMN07543840","SRX3116904"
"KTN302","2cell","KTN3022cell375","SRR5958934","SAMN07543747","SRX3116896"
"KTN302","2cell","KTN3022cell380","SRR5958939","SAMN07543752","SRX3116891"
"KTN302","2cell","KTN3022cell382","SRR5958941","SAMN07543754","SRX3116889"
"KTN302","2cell","KTN3022cell290","SRR5958947","SAMN07543662","SRX3116883"
"KTN302","2cell","KTN3022cell433","SRR5958954","SAMN07543805","SRX3116876"
"KTN302","2cell","KTN3022cell330","SRR5958958","SAMN07543702","SRX3116872"
"KTN302","2cell","KTN3022cell219","SRR5958973","SAMN07543591","SRX3116857"
"KTN302","2cell","KTN3022cell216","SRR5958976","SAMN07543588","SRX3116854"
"KTN302","2cell","KTN3022cell341","SRR5958982","SAMN07543713","SRX3116848"
"KTN302","2cell","KTN3022cell337","SRR5958986","SAMN07543709","SRX3116844"
"KTN302","2cell","KTN3022cell344","SRR5958989","SAMN07543716","SRX3116841"
"KTN302","2cell","KTN3022cell146","SRR5958990","SAMN07543518","SRX3117220"
"KTN302","2cell","KTN3022cell147","SRR5958996","SAMN07543519","SRX3117214"
"KTN302","2cell","KTN3022cell148","SRR5958997","SAMN07543520","SRX3117213"
"KTN302","2cell","KTN3022cell153","SRR5959002","SAMN07543525","SRX3117208"
"KTN302","2cell","KTN3022cell154","SRR5959003","SAMN07543526","SRX3117207"
"KTN302","2cell","KTN3022cell456","SRR5959012","SAMN07543828","SRX3117198"
"KTN302","2cell","KTN3022cell464","SRR5959018","SAMN07543836","SRX3117192"
"KTN302","2cell","KTN3022cell244","SRR5959020","SAMN07543616","SRX3117190"
"KTN302","2cell","KTN3022cell210","SRR5959023","SAMN07543582","SRX3117187"
"KTN302","2cell","KTN3022cell390","SRR5959032","SAMN07543762","SRX3117178"
"KTN302","2cell","KTN3022cell70","SRR5968373","SAMN07554412","SRX3126048"
"KTN302","0cell","KTN3020cell116","SRR5968382","SAMN07554052","SRX3126039"
"KTN302","0cell","KTN3020cell118","SRR5968384","SAMN07554054","SRX3126037"
"KTN302","0cell","KTN3020cell294","SRR5968385","SAMN07554230","SRX3126036"
"KTN302","0cell","KTN3020cell298","SRR5968389","SAMN07554234","SRX3126032"
"KTN302","2cell","KTN3022cell88","SRR5968394","SAMN07554430","SRX3126027"
"KTN302","0cell","KTN3020cell201","SRR5968401","SAMN07554137","SRX3126020"
"KTN302","0cell","KTN3020cell95","SRR5968416","SAMN07554031","SRX3126005"
"KTN302","0cell","KTN3020cell397","SRR5968432","SAMN07554333","SRX3125989"
"KTN302","0cell","KTN3020cell395","SRR5968434","SAMN07554331","SRX3125987"
"KTN302","0cell","KTN3020cell396","SRR5968435","SAMN07554332","SRX3125986"
"KTN302","0cell","KTN3020cell394","SRR5968437","SAMN07554330","SRX3125984"
"KTN302","0cell","KTN3020cell29","SRR5968451","SAMN07553965","SRX3125970"
"KTN302","0cell","KTN3020cell249","SRR5968452","SAMN07554185","SRX3125969"
"KTN302","0cell","KTN3020cell248","SRR5968461","SAMN07554184","SRX3125960"
"KTN302","0cell","KTN3020cell328","SRR5968466","SAMN07554264","SRX3125955"
"KTN302","2cell","KTN3022cell77","SRR5968470","SAMN07554419","SRX3125951"
"KTN302","0cell","KTN3020cell143","SRR5968481","SAMN07554079","SRX3125940"
"KTN302","0cell","KTN3020cell113","SRR5968488","SAMN07554049","SRX3125933"
"KTN302","2cell","KTN3022cell40","SRR5968511","SAMN07554382","SRX3125910"
"KTN302","0cell","KTN3020cell199","SRR5968516","SAMN07554135","SRX3125905"
"KTN302","0cell","KTN3020cell197","SRR5968524","SAMN07554133","SRX3125897"
"KTN302","0cell","KTN3020cell214","SRR5968526","SAMN07554150","SRX3125895"
"KTN302","0cell","KTN3020cell218","SRR5968530","SAMN07554154","SRX3125891"
"KTN302","0cell","KTN3020cell215","SRR5968533","SAMN07554151","SRX3125888"
"KTN302","0cell","KTN3020cell220","SRR5968534","SAMN07554156","SRX3125887"
"KTN302","0cell","KTN3020cell219","SRR5968535","SAMN07554155","SRX3125886"
"KTN302","2cell","KTN3022cell75","SRR5968538","SAMN07554417","SRX3125883"
"KTN302","2cell","KTN3022cell76","SRR5968539","SAMN07554418","SRX3125882"
"KTN302","0cell","KTN3020cell108","SRR5968543","SAMN07554044","SRX3125878"
"KTN302","0cell","KTN3020cell107","SRR5968544","SAMN07554043","SRX3125877"
"KTN302","2cell","KTN3022cell2","SRR5968558","SAMN07554344","SRX3125863"
"KTN302","0cell","KTN3020cell383","SRR5968572","SAMN07554319","SRX3125849"
"KTN302","0cell","KTN3020cell37","SRR5968575","SAMN07553973","SRX3125846"
"KTN302","0cell","KTN3020cell34","SRR5968580","SAMN07553970","SRX3125841"
"KTN302","0cell","KTN3020cell39","SRR5968583","SAMN07553975","SRX3125838"
"KTN302","0cell","KTN3020cell255","SRR5968588","SAMN07554191","SRX3125833"
"KTN302","0cell","KTN3020cell252","SRR5968591","SAMN07554188","SRX3125830"
"KTN302","0cell","KTN3020cell313","SRR5968597","SAMN07554249","SRX3125824"
"KTN302","2cell","KTN3022cell93","SRR5968602","SAMN07554435","SRX3125819"
"KTN302","2cell","KTN3022cell90","SRR5968608","SAMN07554432","SRX3125813"
"KTN302","0cell","KTN3020cell175","SRR5968614","SAMN07554111","SRX3125807"
"KTN302","0cell","KTN3020cell176","SRR5968615","SAMN07554112","SRX3125806"
"KTN302","0cell","KTN3020cell180","SRR5968621","SAMN07554116","SRX3125800"
"KTN302","0cell","KTN3020cell73","SRR5968625","SAMN07554009","SRX3125796"
"KTN302","0cell","KTN3020cell354","SRR5968634","SAMN07554290","SRX3125787"
"KTN302","0cell","KTN3020cell351","SRR5968635","SAMN07554287","SRX3125786"
"KTN302","0cell","KTN3020cell359","SRR5968643","SAMN07554295","SRX3125778"
"KTN302","2cell","KTN3022cell48","SRR5968647","SAMN07554390","SRX3125774"
"KTN302","0cell","KTN3020cell227","SRR5968658","SAMN07554163","SRX3125763"
"KTN302","0cell","KTN3020cell226","SRR5968661","SAMN07554162","SRX3125760"
"KTN302","0cell","KTN3020cell3","SRR5968664","SAMN07553939","SRX3125757"
"KTN302","0cell","KTN3020cell139","SRR5968666","SAMN07554075","SRX3125755"
"KTN302","0cell","KTN3020cell131","SRR5968670","SAMN07554067","SRX3125751"
"KTN302","0cell","KTN3020cell138","SRR5968673","SAMN07554074","SRX3125748"
"KTN302","0cell","KTN3020cell135","SRR5968674","SAMN07554071","SRX3125747"
"KTN302","0cell","KTN3020cell310","SRR5968676","SAMN07554246","SRX3125745"
"KTN302","2cell","KTN3022cell8","SRR5968683","SAMN07554350","SRX3125738"
"KTN302","2cell","KTN3022cell7","SRR5968684","SAMN07554349","SRX3125737"
"KTN302","2cell","KTN3022cell10","SRR5968685","SAMN07554352","SRX3125736"
"KTN302","2cell","KTN3022cell13","SRR5968690","SAMN07554355","SRX3125731"
"KTN302","0cell","KTN3020cell48","SRR5968696","SAMN07553984","SRX3125725"
"KTN302","0cell","KTN3020cell49","SRR5968701","SAMN07553985","SRX3125720"
"KTN302","0cell","KTN3020cell268","SRR5968708","SAMN07554204","SRX3125713"
"KTN302","0cell","KTN3020cell266","SRR5968710","SAMN07554202","SRX3125711"
"KTN302","0cell","KTN3020cell269","SRR5968713","SAMN07554205","SRX3125708"
"KTN302","2cell","KTN3022cell60","SRR5968720","SAMN07554402","SRX3125701"
"KTN302","2cell","KTN3022cell55","SRR5968723","SAMN07554397","SRX3125698"
"KTN302","2cell","KTN3022cell58","SRR5968726","SAMN07554400","SRX3125695"
"KTN302","2cell","KTN3022cell64","SRR5968728","SAMN07554406","SRX3125693"
"KTN302","0cell","KTN3020cell166","SRR5968729","SAMN07554102","SRX3126192"
"KTN302","0cell","KTN3020cell378","SRR5968730","SAMN07554314","SRX3126055"
"KTN302","0cell","KTN3020cell290","SRR5968735","SAMN07554226","SRX3126187"
"KTN302","0cell","KTN3020cell164","SRR5968736","SAMN07554100","SRX3126186"
"KTN302","0cell","KTN3020cell282","SRR5968743","SAMN07554218","SRX3126179"
"KTN302","0cell","KTN3020cell170","SRR5968748","SAMN07554106","SRX3126174"
"KTN302","0cell","KTN3020cell88","SRR5968750","SAMN07554024","SRX3126172"
"KTN302","0cell","KTN3020cell87","SRR5968751","SAMN07554023","SRX3126171"
"KTN302","0cell","KTN3020cell85","SRR5968753","SAMN07554021","SRX3126169"
"KTN302","0cell","KTN3020cell348","SRR5968766","SAMN07554284","SRX3126156"
"KTN302","0cell","KTN3020cell12","SRR5968779","SAMN07553948","SRX3126143"
"KTN302","0cell","KTN3020cell240","SRR5968786","SAMN07554176","SRX3126136"
"KTN302","0cell","KTN3020cell237","SRR5968791","SAMN07554173","SRX3126131"
"KTN302","0cell","KTN3020cell231","SRR5968793","SAMN07554167","SRX3126129"
"KTN302","0cell","KTN3020cell160","SRR5968807","SAMN07554096","SRX3126115"
"KTN302","0cell","KTN3020cell156","SRR5968809","SAMN07554092","SRX3126113"
"KTN302","0cell","KTN3020cell154","SRR5968815","SAMN07554090","SRX3126107"
"KTN302","0cell","KTN3020cell10","SRR5968817","SAMN07553946","SRX3126105"
"KTN302","0cell","KTN3020cell230","SRR5968819","SAMN07554166","SRX3126103"
"KTN302","0cell","KTN3020cell5","SRR5968822","SAMN07553941","SRX3126100"
"KTN302","0cell","KTN3020cell124","SRR5968825","SAMN07554060","SRX3126097"
"KTN302","0cell","KTN3020cell60","SRR5968841","SAMN07553996","SRX3126081"
"KTN302","0cell","KTN3020cell379","SRR5968852","SAMN07554315","SRX3126070"
"KTN302","0cell","KTN3020cell375","SRR5968864","SAMN07554311","SRX3126058"
"KTN102","OPcell","KTN102OPcells97","SRR5957332","SAMN07540743","SRX3115788"
"KTN102","0cell","KTN1020cells53","SRR5957336","SAMN07540608","SRX3115784"
"KTN102","OPcell","KTN102OPcells145","SRR5957339","SAMN07540791","SRX3115781"
"KTN102","OPcell","KTN102OPcells144","SRR5957340","SAMN07540790","SRX3115780"
"KTN102","OPcell","KTN102OPcells143","SRR5957341","SAMN07540789","SRX3115779"
"KTN102","OPcell","KTN102OPcells141","SRR5957343","SAMN07540787","SRX3115777"
"KTN102","OPcell","KTN102OPcells16","SRR5957352","SAMN07540662","SRX3115768"
"KTN102","0cell","KTN1020cells31","SRR5957359","SAMN07540586","SRX3115761"
"KTN102","0cell","KTN1020cells82","SRR5957375","SAMN07540637","SRX3115745"
"KTN102","OPcell","KTN102OPcells132","SRR5957377","SAMN07540778","SRX3115743"
"KTN102","OPcell","KTN102OPcells89","SRR5957380","SAMN07540735","SRX3115740"
"KTN102","OPcell","KTN102OPcells87","SRR5957386","SAMN07540733","SRX3115734"
"KTN102","0cell","KTN1020cells90","SRR5957391","SAMN07540645","SRX3115729"
"KTN102","0cell","KTN1020cells89","SRR5957392","SAMN07540644","SRX3115728"
"KTN102","0cell","KTN1020cells62","SRR5957403","SAMN07540617","SRX3115717"
"KTN102","0cell","KTN1020cells61","SRR5957404","SAMN07540616","SRX3115716"
"KTN102","OPcell","KTN102OPcells120","SRR5957406","SAMN07540766","SRX3115714"
"KTN102","OPcell","KTN102OPcells125","SRR5957409","SAMN07540771","SRX3115711"
"KTN102","OPcell","KTN102OPcells127","SRR5957411","SAMN07540773","SRX3115709"
"KTN102","OPcell","KTN102OPcells78","SRR5957420","SAMN07540724","SRX3115700"
"KTN102","OPcell","KTN102OPcells5","SRR5957424","SAMN07540651","SRX3115696"
"KTN102","OPcell","KTN102OPcells71","SRR5957427","SAMN07540717","SRX3115693"
"KTN102","OPcell","KTN102OPcells70","SRR5957428","SAMN07540716","SRX3115692"
"KTN102","0cell","KTN1020cells19","SRR5957433","SAMN07540574","SRX3115687"
"KTN102","0cell","KTN1020cells20","SRR5957434","SAMN07540575","SRX3115686"
"KTN102","0cell","KTN1020cells15","SRR5957442","SAMN07540570","SRX3115678"
"KTN102","0cell","KTN1020cells16","SRR5957443","SAMN07540571","SRX3115677"
"KTN102","OPcell","KTN102OPcells147","SRR5957447","SAMN07540793","SRX3115673"
"KTN102","0cell","KTN1020cells72","SRR5957448","SAMN07540627","SRX3115672"
"KTN102","0cell","KTN1020cells1","SRR5957461","SAMN07540556","SRX3115659"
"KTN102","OPcell","KTN102OPcells64","SRR5957469","SAMN07540710","SRX3115651"
"KTN102","OPcell","KTN102OPcells62","SRR5957471","SAMN07540708","SRX3115649"
"KTN102","0cell","KTN1020cells41","SRR5957485","SAMN07540596","SRX3115635"
"KTN102","0cell","KTN1020cells50","SRR5957488","SAMN07540605","SRX3115632"
"KTN102","OPcell","KTN102OPcells131","SRR5957491","SAMN07540777","SRX3115629"
"KTN102","OPcell","KTN102OPcells53","SRR5957498","SAMN07540699","SRX3115622"
"KTN102","OPcell","KTN102OPcells164","SRR5957504","SAMN07540810","SRX3115616"
"KTN102","OPcell","KTN102OPcells171","SRR5957507","SAMN07540817","SRX3115613"
"KTN102","OPcell","KTN102OPcells170","SRR5957514","SAMN07540816","SRX3115606"
"KTN102","OPcell","KTN102OPcells40","SRR5957529","SAMN07540686","SRX3115591"
"KTN102","OPcell","KTN102OPcells46","SRR5957535","SAMN07540692","SRX3115585"
"KTN102","OPcell","KTN102OPcells49","SRR5957538","SAMN07540695","SRX3115582"
"KTN102","0cell","KTN1020cells91","SRR5957542","SAMN07540646","SRX3115578"
"KTN102","0cell","KTN1020cells28","SRR5957548","SAMN07540583","SRX3115572"
"KTN102","OPcell","KTN102OPcells165","SRR5957554","SAMN07540811","SRX3115566"
"KTN102","OPcell","KTN102OPcells36","SRR5957559","SAMN07540682","SRX3115561"
"KTN102","OPcell","KTN102OPcells35","SRR5957560","SAMN07540681","SRX3115560"
"KTN102","OPcell","KTN102OPcells166","SRR5957567","SAMN07540812","SRX3115553"
"KTN102","OPcell","KTN102OPcells8","SRR5957571","SAMN07540654","SRX3115549"
"KTN102","OPcell","KTN102OPcells160","SRR5957572","SAMN07540806","SRX3115548"
"KTN102","OPcell","KTN102OPcells21","SRR5957594","SAMN07540667","SRX3115526"
"KTN102","OPcell","KTN102OPcells27","SRR5957596","SAMN07540673","SRX3115524"
"KTN102","OPcell","KTN102OPcells93","SRR5957328","SAMN07540739","SRX3115792"
"KTN102","OPcell","KTN102OPcells92","SRR5957329","SAMN07540738","SRX3115791"
"KTN102","OPcell","KTN102OPcells96","SRR5957333","SAMN07540742","SRX3115787"
"KTN102","OPcell","KTN102OPcells19","SRR5957337","SAMN07540665","SRX3115783"
"KTN102","OPcell","KTN102OPcells10","SRR5957346","SAMN07540656","SRX3115774"
"KTN102","OPcell","KTN102OPcells17","SRR5957351","SAMN07540663","SRX3115769"
"KTN102","0cell","KTN1020cells35","SRR5957355","SAMN07540590","SRX3115765"
"KTN102","0cell","KTN1020cells36","SRR5957356","SAMN07540591","SRX3115764"
"KTN102","0cell","KTN1020cells37","SRR5957357","SAMN07540592","SRX3115763"
"KTN102","OPcell","KTN102OPcells110","SRR5957366","SAMN07540756","SRX3115754"
"KTN102","OPcell","KTN102OPcells116","SRR5957368","SAMN07540762","SRX3115752"
"KTN102","OPcell","KTN102OPcells114","SRR5957370","SAMN07540760","SRX3115750"
"KTN102","0cell","KTN1020cells86","SRR5957374","SAMN07540641","SRX3115746"
"KTN102","OPcell","KTN102OPcells85","SRR5957384","SAMN07540731","SRX3115736"
"KTN102","OPcell","KTN102OPcells80","SRR5957387","SAMN07540726","SRX3115733"
"KTN102","OPcell","KTN102OPcells133","SRR5957393","SAMN07540779","SRX3115727"
"KTN102","0cell","KTN1020cells63","SRR5957402","SAMN07540618","SRX3115718"
"KTN102","OPcell","KTN102OPcells123","SRR5957407","SAMN07540769","SRX3115713"
"KTN102","OPcell","KTN102OPcells129","SRR5957413","SAMN07540775","SRX3115707"
"KTN102","OPcell","KTN102OPcells79","SRR5957419","SAMN07540725","SRX3115701"
"KTN102","OPcell","KTN102OPcells6","SRR5957421","SAMN07540652","SRX3115699"
"KTN102","OPcell","KTN102OPcells4","SRR5957423","SAMN07540650","SRX3115697"
"KTN102","0cell","KTN1020cells13","SRR5957436","SAMN07540568","SRX3115684"
"KTN102","0cell","KTN1020cells76","SRR5957452","SAMN07540631","SRX3115668"
"KTN102","OPcell","KTN102OPcells180","SRR5957458","SAMN07540826","SRX3115662"
"KTN102","0cell","KTN1020cells7","SRR5957463","SAMN07540562","SRX3115657"
"KTN102","0cell","KTN1020cells49","SRR5957489","SAMN07540604","SRX3115631"
"KTN102","OPcell","KTN102OPcells55","SRR5957492","SAMN07540701","SRX3115628"
"KTN102","OPcell","KTN102OPcells54","SRR5957493","SAMN07540700","SRX3115627"
"KTN102","OPcell","KTN102OPcells57","SRR5957494","SAMN07540703","SRX3115626"
"KTN102","OPcell","KTN102OPcells56","SRR5957495","SAMN07540702","SRX3115625"
"KTN102","OPcell","KTN102OPcells50","SRR5957497","SAMN07540696","SRX3115623"
"KTN102","0cell","KTN1020cells56","SRR5957510","SAMN07540611","SRX3115610"
"KTN102","0cell","KTN1020cells54","SRR5957512","SAMN07540609","SRX3115608"
"KTN102","0cell","KTN1020cells59","SRR5957516","SAMN07540614","SRX3115604"
"KTN102","OPcell","KTN102OPcells176","SRR5957518","SAMN07540822","SRX3115602"
"KTN102","OPcell","KTN102OPcells156","SRR5957521","SAMN07540802","SRX3115599"
"KTN102","OPcell","KTN102OPcells154","SRR5957523","SAMN07540800","SRX3115597"
"KTN102","OPcell","KTN102OPcells153","SRR5957526","SAMN07540799","SRX3115594"
"KTN102","OPcell","KTN102OPcells150","SRR5957527","SAMN07540796","SRX3115593"
"KTN102","OPcell","KTN102OPcells151","SRR5957528","SAMN07540797","SRX3115592"
"KTN102","OPcell","KTN102OPcells44","SRR5957533","SAMN07540690","SRX3115587"
"KTN102","OPcell","KTN102OPcells173","SRR5957539","SAMN07540819","SRX3115581"
"KTN102","OPcell","KTN102OPcells149","SRR5957541","SAMN07540795","SRX3115579"
"KTN102","OPcell","KTN102OPcells169","SRR5957543","SAMN07540815","SRX3115577"
"KTN102","OPcell","KTN102OPcells38","SRR5957557","SAMN07540684","SRX3115563"
"KTN102","OPcell","KTN102OPcells33","SRR5957562","SAMN07540679","SRX3115558"
"KTN102","0cell","KTN1020cells66","SRR5957573","SAMN07540621","SRX3115547"
"KTN102","OPcell","KTN102OPcells101","SRR5957579","SAMN07540747","SRX3115541"
"KTN102","OPcell","KTN102OPcells105","SRR5957583","SAMN07540751","SRX3115537"
"KTN102","OPcell","KTN102OPcells109","SRR5957585","SAMN07540755","SRX3115535"
"KTN102","OPcell","KTN102OPcells20","SRR5957593","SAMN07540666","SRX3115527"
"KTN102","OPcell","KTN102OPcells24","SRR5957597","SAMN07540670","SRX3115523"
"KTN102","OPcell","KTN102OPcells91","SRR5957326","SAMN07540737","SRX3115794"
"KTN102","OPcell","KTN102OPcells99","SRR5957334","SAMN07540745","SRX3115786"
"KTN102","OPcell","KTN102OPcells140","SRR5957344","SAMN07540786","SRX3115776"
"KTN102","0cell","KTN1020cells40","SRR5957354","SAMN07540595","SRX3115766"
"KTN102","0cell","KTN1020cells38","SRR5957358","SAMN07540593","SRX3115762"
"KTN102","0cell","KTN1020cells33","SRR5957361","SAMN07540588","SRX3115759"
"KTN102","0cell","KTN1020cells34","SRR5957362","SAMN07540589","SRX3115758"
"KTN102","0cell","KTN1020cells85","SRR5957363","SAMN07540640","SRX3115757"
"KTN102","OPcell","KTN102OPcells111","SRR5957367","SAMN07540757","SRX3115753"
"KTN102","OPcell","KTN102OPcells118","SRR5957372","SAMN07540764","SRX3115748"
"KTN102","OPcell","KTN102OPcells119","SRR5957373","SAMN07540765","SRX3115747"
"KTN102","OPcell","KTN102OPcells88","SRR5957379","SAMN07540734","SRX3115741"
"KTN102","0cell","KTN1020cells88","SRR5957381","SAMN07540643","SRX3115739"
"KTN102","0cell","KTN1020cells87","SRR5957382","SAMN07540642","SRX3115738"
"KTN102","OPcell","KTN102OPcells84","SRR5957383","SAMN07540730","SRX3115737"
"KTN102","OPcell","KTN102OPcells86","SRR5957385","SAMN07540732","SRX3115735"
"KTN102","0cell","KTN1020cells79","SRR5957394","SAMN07540634","SRX3115726"
"KTN102","0cell","KTN1020cells69","SRR5957396","SAMN07540624","SRX3115724"
"KTN102","0cell","KTN1020cells68","SRR5957397","SAMN07540623","SRX3115723"
"KTN102","0cell","KTN1020cells67","SRR5957398","SAMN07540622","SRX3115722"
"KTN102","OPcell","KTN102OPcells148","SRR5957399","SAMN07540794","SRX3115721"
"KTN102","OPcell","KTN102OPcells126","SRR5957412","SAMN07540772","SRX3115708"
"KTN102","OPcell","KTN102OPcells73","SRR5957425","SAMN07540719","SRX3115695"
"KTN102","OPcell","KTN102OPcells76","SRR5957430","SAMN07540722","SRX3115690"
"KTN102","OPcell","KTN102OPcells74","SRR5957432","SAMN07540720","SRX3115688"
"KTN102","0cell","KTN1020cells74","SRR5957450","SAMN07540629","SRX3115670"
"KTN102","0cell","KTN1020cells4","SRR5957460","SAMN07540559","SRX3115660"
"KTN102","0cell","KTN1020cells8","SRR5957464","SAMN07540563","SRX3115656"
"KTN102","0cell","KTN1020cells6","SRR5957466","SAMN07540561","SRX3115654"
"KTN102","OPcell","KTN102OPcells178","SRR5957476","SAMN07540824","SRX3115644"
"KTN102","0cell","KTN1020cells46","SRR5957480","SAMN07540601","SRX3115640"
"KTN102","0cell","KTN1020cells42","SRR5957484","SAMN07540597","SRX3115636"
"KTN102","0cell","KTN1020cells44","SRR5957486","SAMN07540599","SRX3115634"
"KTN102","OPcell","KTN102OPcells58","SRR5957502","SAMN07540704","SRX3115618"
"KTN102","OPcell","KTN102OPcells158","SRR5957519","SAMN07540804","SRX3115601"
"KTN102","OPcell","KTN102OPcells155","SRR5957524","SAMN07540801","SRX3115596"
"KTN102","OPcell","KTN102OPcells42","SRR5957531","SAMN07540688","SRX3115589"
"KTN102","OPcell","KTN102OPcells48","SRR5957537","SAMN07540694","SRX3115583"
"KTN102","0cell","KTN1020cells22","SRR5957546","SAMN07540577","SRX3115574"
"KTN102","0cell","KTN1020cells30","SRR5957552","SAMN07540585","SRX3115568"
"KTN102","0cell","KTN1020cells29","SRR5957553","SAMN07540584","SRX3115567"
"KTN102","OPcell","KTN102OPcells31","SRR5957564","SAMN07540677","SRX3115556"
"KTN102","OPcell","KTN102OPcells30","SRR5957565","SAMN07540676","SRX3115555"
"KTN102","OPcell","KTN102OPcells167","SRR5957566","SAMN07540813","SRX3115554"
"KTN102","0cell","KTN1020cells51","SRR5957568","SAMN07540606","SRX3115552"
"KTN102","OPcell","KTN102OPcells161","SRR5957569","SAMN07540807","SRX3115551"
"KTN102","OPcell","KTN102OPcells163","SRR5957574","SAMN07540809","SRX3115546"
"KTN102","OPcell","KTN102OPcells100","SRR5957578","SAMN07540746","SRX3115542"
"KTN102","OPcell","KTN102OPcells107","SRR5957581","SAMN07540753","SRX3115539"
"KTN102","OPcell","KTN102OPcells138","SRR5957586","SAMN07540784","SRX3115534"
"KTN102","OPcell","KTN102OPcells139","SRR5957587","SAMN07540785","SRX3115533"
"KTN102","OPcell","KTN102OPcells22","SRR5957591","SAMN07540668","SRX3115529"
"KTN102","OPcell","KTN102OPcells26","SRR5957595","SAMN07540672","SRX3115525"
"KTN102","0cell","KTN1020cells84","SRR5957599","SAMN07540639","SRX3115521"
"KTN102","OPcell","KTN102OPcells90","SRR5957327","SAMN07540736","SRX3115793"
"KTN102","OPcell","KTN102OPcells94","SRR5957331","SAMN07540740","SRX3115789"
"KTN102","OPcell","KTN102OPcells98","SRR5957335","SAMN07540744","SRX3115785"
"KTN102","OPcell","KTN102OPcells13","SRR5957347","SAMN07540659","SRX3115773"
"KTN102","OPcell","KTN102OPcells12","SRR5957348","SAMN07540658","SRX3115772"
"KTN102","OPcell","KTN102OPcells15","SRR5957349","SAMN07540661","SRX3115771"
"KTN102","OPcell","KTN102OPcells112","SRR5957364","SAMN07540758","SRX3115756"
"KTN102","0cell","KTN1020cells81","SRR5957376","SAMN07540636","SRX3115744"
"KTN102","0cell","KTN1020cells83","SRR5957378","SAMN07540638","SRX3115742"
"KTN102","OPcell","KTN102OPcells81","SRR5957388","SAMN07540727","SRX3115732"
"KTN102","0cell","KTN1020cells70","SRR5957395","SAMN07540625","SRX3115725"
"KTN102","OPcell","KTN102OPcells128","SRR5957414","SAMN07540774","SRX3115706"
"KTN102","OPcell","KTN102OPcells9","SRR5957415","SAMN07540655","SRX3115705"
"KTN102","OPcell","KTN102OPcells134","SRR5957416","SAMN07540780","SRX3115704"
"KTN102","OPcell","KTN102OPcells3","SRR5957418","SAMN07540649","SRX3115702"
"KTN102","0cell","KTN1020cells71","SRR5957435","SAMN07540626","SRX3115685"
"KTN102","0cell","KTN1020cells18","SRR5957441","SAMN07540573","SRX3115679"
"KTN102","0cell","KTN1020cells73","SRR5957444","SAMN07540628","SRX3115676"
"KTN102","OPcell","KTN102OPcells181","SRR5957455","SAMN07540827","SRX3115665"
"KTN102","0cell","KTN1020cells9","SRR5957456","SAMN07540564","SRX3115664"
"KTN102","0cell","KTN1020cells3","SRR5957459","SAMN07540558","SRX3115661"
"KTN102","OPcell","KTN102OPcells67","SRR5957468","SAMN07540713","SRX3115652"
"KTN102","OPcell","KTN102OPcells65","SRR5957470","SAMN07540711","SRX3115650"
"KTN102","OPcell","KTN102OPcells63","SRR5957472","SAMN07540709","SRX3115648"
"KTN102","OPcell","KTN102OPcells68","SRR5957478","SAMN07540714","SRX3115642"
"KTN102","OPcell","KTN102OPcells69","SRR5957479","SAMN07540715","SRX3115641"
"KTN102","0cell","KTN1020cells48","SRR5957482","SAMN07540603","SRX3115638"
"KTN102","OPcell","KTN102OPcells184","SRR5957483","SAMN07540830","SRX3115637"
"KTN102","OPcell","KTN102OPcells51","SRR5957496","SAMN07540697","SRX3115624"
"KTN102","OPcell","KTN102OPcells52","SRR5957499","SAMN07540698","SRX3115621"
"KTN102","OPcell","KTN102OPcells135","SRR5957503","SAMN07540781","SRX3115617"
"KTN102","OPcell","KTN102OPcells136","SRR5957505","SAMN07540782","SRX3115615"
"KTN102","OPcell","KTN102OPcells137","SRR5957506","SAMN07540783","SRX3115614"
"KTN102","0cell","KTN1020cells58","SRR5957508","SAMN07540613","SRX3115612"
"KTN102","0cell","KTN1020cells55","SRR5957509","SAMN07540610","SRX3115611"
"KTN102","OPcell","KTN102OPcells174","SRR5957511","SAMN07540820","SRX3115609"
"KTN102","OPcell","KTN102OPcells175","SRR5957515","SAMN07540821","SRX3115605"
"KTN102","0cell","KTN1020cells60","SRR5957517","SAMN07540615","SRX3115603"
"KTN102","OPcell","KTN102OPcells157","SRR5957522","SAMN07540803","SRX3115598"
"KTN102","OPcell","KTN102OPcells152","SRR5957525","SAMN07540798","SRX3115595"
"KTN102","OPcell","KTN102OPcells43","SRR5957532","SAMN07540689","SRX3115588"
"KTN102","OPcell","KTN102OPcells45","SRR5957534","SAMN07540691","SRX3115586"
"KTN102","OPcell","KTN102OPcells47","SRR5957536","SAMN07540693","SRX3115584"
"KTN102","0cell","KTN1020cells23","SRR5957545","SAMN07540578","SRX3115575"
"KTN102","0cell","KTN1020cells21","SRR5957547","SAMN07540576","SRX3115573"
"KTN102","0cell","KTN1020cells27","SRR5957549","SAMN07540582","SRX3115571"
"KTN102","0cell","KTN1020cells25","SRR5957551","SAMN07540580","SRX3115569"
"KTN102","OPcell","KTN102OPcells34","SRR5957561","SAMN07540680","SRX3115559"
"KTN102","0cell","KTN1020cells52","SRR5957570","SAMN07540607","SRX3115550"
"KTN102","OPcell","KTN102OPcells106","SRR5957580","SAMN07540752","SRX3115540"
"KTN102","OPcell","KTN102OPcells108","SRR5957584","SAMN07540754","SRX3115536"
"KTN102","OPcell","KTN102OPcells28","SRR5957588","SAMN07540674","SRX3115532"
"KTN102","OPcell","KTN102OPcells172","SRR5957590","SAMN07540818","SRX3115530"
"KTN102","OPcell","KTN102OPcells25","SRR5957598","SAMN07540671","SRX3115522"
"KTN102","0cell","KTN1020cells47","SRR5957600","SAMN07540602","SRX3115520"
"KTN102","OPcell","KTN102OPcells95","SRR5957330","SAMN07540741","SRX3115790"
"KTN102","OPcell","KTN102OPcells18","SRR5957338","SAMN07540664","SRX3115782"
"KTN102","OPcell","KTN102OPcells142","SRR5957342","SAMN07540788","SRX3115778"
"KTN102","OPcell","KTN102OPcells11","SRR5957345","SAMN07540657","SRX3115775"
"KTN102","OPcell","KTN102OPcells14","SRR5957350","SAMN07540660","SRX3115770"
"KTN102","0cell","KTN1020cells39","SRR5957353","SAMN07540594","SRX3115767"
"KTN102","0cell","KTN1020cells32","SRR5957360","SAMN07540587","SRX3115760"
"KTN102","OPcell","KTN102OPcells113","SRR5957365","SAMN07540759","SRX3115755"
"KTN102","OPcell","KTN102OPcells117","SRR5957369","SAMN07540763","SRX3115751"
"KTN102","OPcell","KTN102OPcells115","SRR5957371","SAMN07540761","SRX3115749"
"KTN102","OPcell","KTN102OPcells82","SRR5957389","SAMN07540728","SRX3115731"
"KTN102","OPcell","KTN102OPcells83","SRR5957390","SAMN07540729","SRX3115730"
"KTN102","0cell","KTN1020cells65","SRR5957400","SAMN07540620","SRX3115720"
"KTN102","0cell","KTN1020cells64","SRR5957401","SAMN07540619","SRX3115719"
"KTN102","OPcell","KTN102OPcells121","SRR5957405","SAMN07540767","SRX3115715"
"KTN102","OPcell","KTN102OPcells122","SRR5957408","SAMN07540768","SRX3115712"
"KTN102","OPcell","KTN102OPcells124","SRR5957410","SAMN07540770","SRX3115710"
"KTN102","OPcell","KTN102OPcells2","SRR5957417","SAMN07540648","SRX3115703"
"KTN102","OPcell","KTN102OPcells7","SRR5957422","SAMN07540653","SRX3115698"
"KTN102","OPcell","KTN102OPcells72","SRR5957426","SAMN07540718","SRX3115694"
"KTN102","OPcell","KTN102OPcells77","SRR5957429","SAMN07540723","SRX3115691"
"KTN102","OPcell","KTN102OPcells75","SRR5957431","SAMN07540721","SRX3115689"
"KTN102","0cell","KTN1020cells14","SRR5957437","SAMN07540569","SRX3115683"
"KTN102","0cell","KTN1020cells11","SRR5957438","SAMN07540566","SRX3115682"
"KTN102","0cell","KTN1020cells12","SRR5957439","SAMN07540567","SRX3115681"
"KTN102","0cell","KTN1020cells17","SRR5957440","SAMN07540572","SRX3115680"
"KTN102","0cell","KTN1020cells80","SRR5957445","SAMN07540635","SRX3115675"
"KTN102","OPcell","KTN102OPcells183","SRR5957446","SAMN07540829","SRX3115674"
"KTN102","OPcell","KTN102OPcells182","SRR5957449","SAMN07540828","SRX3115671"
"KTN102","0cell","KTN1020cells75","SRR5957451","SAMN07540630","SRX3115669"
"KTN102","0cell","KTN1020cells77","SRR5957453","SAMN07540632","SRX3115667"
"KTN102","0cell","KTN1020cells78","SRR5957454","SAMN07540633","SRX3115666"
"KTN102","0cell","KTN1020cells10","SRR5957457","SAMN07540565","SRX3115663"
"KTN102","0cell","KTN1020cells2","SRR5957462","SAMN07540557","SRX3115658"
"KTN102","0cell","KTN1020cells5","SRR5957465","SAMN07540560","SRX3115655"
"KTN102","OPcell","KTN102OPcells66","SRR5957467","SAMN07540712","SRX3115653"
"KTN102","OPcell","KTN102OPcells60","SRR5957473","SAMN07540706","SRX3115647"
"KTN102","OPcell","KTN102OPcells61","SRR5957474","SAMN07540707","SRX3115646"
"KTN102","OPcell","KTN102OPcells1","SRR5957475","SAMN07540647","SRX3115645"
"KTN102","OPcell","KTN102OPcells179","SRR5957477","SAMN07540825","SRX3115643"
"KTN102","0cell","KTN1020cells45","SRR5957481","SAMN07540600","SRX3115639"
"KTN102","0cell","KTN1020cells43","SRR5957487","SAMN07540598","SRX3115633"
"KTN102","OPcell","KTN102OPcells130","SRR5957490","SAMN07540776","SRX3115630"
"KTN102","OPcell","KTN102OPcells177","SRR5957500","SAMN07540823","SRX3115620"
"KTN102","OPcell","KTN102OPcells59","SRR5957501","SAMN07540705","SRX3115619"
"KTN102","OPcell","KTN102OPcells146","SRR5957513","SAMN07540792","SRX3115607"
"KTN102","OPcell","KTN102OPcells159","SRR5957520","SAMN07540805","SRX3115600"
"KTN102","OPcell","KTN102OPcells41","SRR5957530","SAMN07540687","SRX3115590"
"KTN102","0cell","KTN1020cells57","SRR5957540","SAMN07540612","SRX3115580"
"KTN102","0cell","KTN1020cells24","SRR5957544","SAMN07540579","SRX3115576"
"KTN102","0cell","KTN1020cells26","SRR5957550","SAMN07540581","SRX3115570"
"KTN102","OPcell","KTN102OPcells168","SRR5957555","SAMN07540814","SRX3115565"
"KTN102","OPcell","KTN102OPcells39","SRR5957556","SAMN07540685","SRX3115564"
"KTN102","OPcell","KTN102OPcells37","SRR5957558","SAMN07540683","SRX3115562"
"KTN102","OPcell","KTN102OPcells32","SRR5957563","SAMN07540678","SRX3115557"
"KTN102","OPcell","KTN102OPcells162","SRR5957575","SAMN07540808","SRX3115545"
"KTN102","OPcell","KTN102OPcells102","SRR5957576","SAMN07540748","SRX3115544"
"KTN102","OPcell","KTN102OPcells103","SRR5957577","SAMN07540749","SRX3115543"
"KTN102","OPcell","KTN102OPcells104","SRR5957582","SAMN07540750","SRX3115538"
"KTN102","OPcell","KTN102OPcells29","SRR5957589","SAMN07540675","SRX3115531"
"KTN102","OPcell","KTN102OPcells23","SRR5957592","SAMN07540669","SRX3115528"
"KTN132","2cell","KTN1322cell438","SRR5961317","SAMN07544406","SRX3119642"
"KTN132","2cell","KTN1322cell435","SRR5961320","SAMN07544403","SRX3119639"
"KTN132","2cell","KTN1322cell437","SRR5961322","SAMN07544405","SRX3119637"
"KTN132","2cell","KTN1322cell317","SRR5961328","SAMN07544285","SRX3119631"
"KTN132","2cell","KTN1322cell321","SRR5961332","SAMN07544289","SRX3119627"
"KTN132","2cell","KTN1322cell413","SRR5961335","SAMN07544381","SRX3119624"
"KTN132","2cell","KTN1322cell312","SRR5961344","SAMN07544280","SRX3119615"
"KTN132","2cell","KTN1322cell313","SRR5961345","SAMN07544281","SRX3119614"
"KTN132","2cell","KTN1322cell308","SRR5961352","SAMN07544276","SRX3119607"
"KTN132","2cell","KTN1322cell419","SRR5961356","SAMN07544387","SRX3119603"
"KTN132","2cell","KTN1322cell418","SRR5961357","SAMN07544386","SRX3119602"
"KTN132","2cell","KTN1322cell285","SRR5961384","SAMN07544253","SRX3119575"
"KTN132","2cell","KTN1322cell392","SRR5961386","SAMN07544360","SRX3119573"
"KTN132","2cell","KTN1322cell288","SRR5961389","SAMN07544256","SRX3119570"
"KTN132","2cell","KTN1322cell291","SRR5961390","SAMN07544259","SRX3119569"
"KTN132","2cell","KTN1322cell328","SRR5961398","SAMN07544296","SRX3119561"
"KTN132","2cell","KTN1322cell329","SRR5961399","SAMN07544297","SRX3119560"
"KTN132","2cell","KTN1322cell394","SRR5961403","SAMN07544362","SRX3119556"
"KTN132","2cell","KTN1322cell355","SRR5961416","SAMN07544323","SRX3119543"
"KTN132","2cell","KTN1322cell356","SRR5961419","SAMN07544324","SRX3119540"
"KTN132","2cell","KTN1322cell363","SRR5961421","SAMN07544331","SRX3119538"
"KTN132","2cell","KTN1322cell351","SRR5961431","SAMN07544319","SRX3119528"
"KTN132","2cell","KTN1322cell297","SRR5961450","SAMN07544265","SRX3119509"
"KTN132","2cell","KTN1322cell295","SRR5961452","SAMN07544263","SRX3119507"
"KTN132","2cell","KTN1322cell294","SRR5961453","SAMN07544262","SRX3119506"
"KTN132","2cell","KTN1322cell300","SRR5961455","SAMN07544268","SRX3119504"
"KTN132","2cell","KTN1322cell432","SRR5961460","SAMN07544400","SRX3119499"
"KTN132","2cell","KTN1322cell371","SRR5961473","SAMN07544339","SRX3119486"
"KTN132","2cell","KTN1322cell367","SRR5961477","SAMN07544335","SRX3119482"
"KTN132","2cell","KTN1322cell107","SRR5967466","SAMN07552583","SRX3125123"
"KTN132","2cell","KTN1322cell44","SRR5967474","SAMN07552520","SRX3125115"
"KTN132","0cell","KTN1320cell74","SRR5967481","SAMN07552333","SRX3125108"
"KTN132","0cell","KTN1320cell76","SRR5967483","SAMN07552335","SRX3125106"
"KTN132","0cell","KTN1320cell77","SRR5967484","SAMN07552336","SRX3125105"
"KTN132","0cell","KTN1320cell211","SRR5967491","SAMN07552470","SRX3125098"
"KTN132","2cell","KTN1322cell144","SRR5967509","SAMN07552620","SRX3125080"
"KTN132","0cell","KTN1320cell167","SRR5967523","SAMN07552426","SRX3125066"
"KTN132","2cell","KTN1322cell7","SRR5967531","SAMN07552483","SRX3125058"
"KTN132","2cell","KTN1322cell13","SRR5967537","SAMN07552489","SRX3125052"
"KTN132","2cell","KTN1322cell165","SRR5967538","SAMN07552641","SRX3125051"
"KTN132","2cell","KTN1322cell164","SRR5967539","SAMN07552640","SRX3125050"
"KTN132","2cell","KTN1322cell171","SRR5967540","SAMN07552647","SRX3125049"
"KTN132","2cell","KTN1322cell170","SRR5967541","SAMN07552646","SRX3125048"
"KTN132","0cell","KTN1320cell35","SRR5967544","SAMN07552294","SRX3125045"
"KTN132","0cell","KTN1320cell31","SRR5967548","SAMN07552290","SRX3125041"
"KTN132","0cell","KTN1320cell40","SRR5967553","SAMN07552299","SRX3125036"
"KTN132","2cell","KTN1322cell94","SRR5967558","SAMN07552570","SRX3125031"
"KTN132","2cell","KTN1322cell220","SRR5967567","SAMN07552696","SRX3125022"
"KTN132","2cell","KTN1322cell215","SRR5967568","SAMN07552691","SRX3125021"
"KTN132","2cell","KTN1322cell214","SRR5967569","SAMN07552690","SRX3125020"
"KTN132","2cell","KTN1322cell222","SRR5967573","SAMN07552698","SRX3125016"
"KTN132","0cell","KTN1320cell82","SRR5967576","SAMN07552341","SRX3125013"
"KTN132","0cell","KTN1320cell86","SRR5967580","SAMN07552345","SRX3125009"
"KTN132","0cell","KTN1320cell125","SRR5967587","SAMN07552384","SRX3125002"
"KTN132","0cell","KTN1320cell123","SRR5967589","SAMN07552382","SRX3125000"
"KTN132","2cell","KTN1322cell77","SRR5967596","SAMN07552553","SRX3124993"
"KTN132","2cell","KTN1322cell76","SRR5967597","SAMN07552552","SRX3124992"
"KTN132","2cell","KTN1322cell81","SRR5967600","SAMN07552557","SRX3124989"
"KTN132","2cell","KTN1322cell80","SRR5967601","SAMN07552556","SRX3124988"
"KTN132","2cell","KTN1322cell136","SRR5967604","SAMN07552612","SRX3124985"
"KTN132","2cell","KTN1322cell137","SRR5967605","SAMN07552613","SRX3124984"
"KTN132","0cell","KTN1320cell199","SRR5967610","SAMN07552458","SRX3124979"
"KTN132","0cell","KTN1320cell191","SRR5967614","SAMN07552450","SRX3124975"
"KTN132","0cell","KTN1320cell192","SRR5967615","SAMN07552451","SRX3124974"
"KTN132","2cell","KTN1322cell58","SRR5967629","SAMN07552534","SRX3124960"
"KTN132","0cell","KTN1320cell49","SRR5967631","SAMN07552308","SRX3124958"
"KTN132","0cell","KTN1320cell47","SRR5967635","SAMN07552306","SRX3124954"
"KTN132","2cell","KTN1322cell75","SRR5967640","SAMN07552551","SRX3124949"
"KTN132","2cell","KTN1322cell185","SRR5967647","SAMN07552661","SRX3124942"
"KTN132","2cell","KTN1322cell260","SRR5967660","SAMN07552736","SRX3124929"
"KTN132","0cell","KTN1320cell155","SRR5967665","SAMN07552414","SRX3124924"
"KTN132","0cell","KTN1320cell153","SRR5967667","SAMN07552412","SRX3124922"
"KTN132","2cell","KTN1322cell91","SRR5967675","SAMN07552567","SRX3124914"
"KTN132","2cell","KTN1322cell89","SRR5967677","SAMN07552565","SRX3124912"
"KTN132","2cell","KTN1322cell225","SRR5967682","SAMN07552701","SRX3124907"
"KTN132","0cell","KTN1320cell95","SRR5967699","SAMN07552354","SRX3124890"
"KTN132","2cell","KTN1322cell23","SRR5967701","SAMN07552499","SRX3124888"
"KTN132","2cell","KTN1322cell18","SRR5967706","SAMN07552494","SRX3124883"
"KTN132","2cell","KTN1322cell16","SRR5967708","SAMN07552492","SRX3124881"
"KTN132","0cell","KTN1320cell104","SRR5967725","SAMN07552363","SRX3124864"
"KTN132","0cell","KTN1320cell117","SRR5967730","SAMN07552376","SRX3124859"
"KTN132","2cell","KTN1322cell130","SRR5967737","SAMN07552606","SRX3124852"
"KTN132","2cell","KTN1322cell128","SRR5967739","SAMN07552604","SRX3124850"
"KTN132","2cell","KTN1322cell126","SRR5967741","SAMN07552602","SRX3124848"
"KTN132","0cell","KTN1320cell189","SRR5967747","SAMN07552448","SRX3124842"
"KTN132","0cell","KTN1320cell182","SRR5967748","SAMN07552441","SRX3124841"
"KTN132","0cell","KTN1320cell181","SRR5967749","SAMN07552440","SRX3124840"
"KTN132","0cell","KTN1320cell188","SRR5967754","SAMN07552447","SRX3124835"
"KTN132","2cell","KTN1322cell24","SRR5967762","SAMN07552500","SRX3124827"
"KTN132","0cell","KTN1320cell58","SRR5967769","SAMN07552317","SRX3124820"
"KTN132","0cell","KTN1320cell52","SRR5967775","SAMN07552311","SRX3124814"
"KTN132","2cell","KTN1322cell196","SRR5967779","SAMN07552672","SRX3124810"
"KTN132","2cell","KTN1322cell113","SRR5967798","SAMN07552589","SRX3124791"
"KTN132","2cell","KTN1322cell112","SRR5967799","SAMN07552588","SRX3124790"
"KTN132","0cell","KTN1320cell150","SRR5967802","SAMN07552409","SRX3125287"
"KTN132","0cell","KTN1320cell148","SRR5967806","SAMN07552407","SRX3125283"
"KTN132","0cell","KTN1320cell144","SRR5967810","SAMN07552403","SRX3125279"
"KTN132","0cell","KTN1320cell12","SRR5967815","SAMN07552271","SRX3125274"
"KTN132","0cell","KTN1320cell20","SRR5967821","SAMN07552279","SRX3125268"
"KTN132","2cell","KTN1322cell123","SRR5967823","SAMN07552599","SRX3125266"
"KTN132","2cell","KTN1322cell117","SRR5967829","SAMN07552593","SRX3125260"
"KTN132","0cell","KTN1320cell68","SRR5967832","SAMN07552327","SRX3125257"
"KTN132","0cell","KTN1320cell66","SRR5967834","SAMN07552325","SRX3125255"
"KTN132","0cell","KTN1320cell62","SRR5967838","SAMN07552321","SRX3125251"
"KTN132","0cell","KTN1320cell209","SRR5967842","SAMN07552468","SRX3125247"
"KTN132","0cell","KTN1320cell207","SRR5967848","SAMN07552466","SRX3125241"
"KTN132","2cell","KTN1322cell237","SRR5967859","SAMN07552713","SRX3125230"
"KTN132","2cell","KTN1322cell182","SRR5967863","SAMN07552658","SRX3125226"
"KTN132","0cell","KTN1320cell103","SRR5967867","SAMN07552362","SRX3125222"
"KTN132","0cell","KTN1320cell108","SRR5967870","SAMN07552367","SRX3125219"
"KTN132","0cell","KTN1320cell110","SRR5967872","SAMN07552369","SRX3125217"
"KTN132","2cell","KTN1322cell174","SRR5967874","SAMN07552650","SRX3125215"
"KTN132","2cell","KTN1322cell175","SRR5967875","SAMN07552651","SRX3125214"
"KTN132","2cell","KTN1322cell161","SRR5967881","SAMN07552637","SRX3125208"
"KTN132","2cell","KTN1322cell162","SRR5967884","SAMN07552638","SRX3125205"
"KTN132","2cell","KTN1322cell163","SRR5967885","SAMN07552639","SRX3125204"
"KTN132","0cell","KTN1320cell175","SRR5967886","SAMN07552434","SRX3125203"
"KTN132","0cell","KTN1320cell176","SRR5967887","SAMN07552435","SRX3125202"
"KTN132","0cell","KTN1320cell177","SRR5967888","SAMN07552436","SRX3125201"
"KTN132","2cell","KTN1322cell183","SRR5967901","SAMN07552659","SRX3125188"
"KTN132","2cell","KTN1322cell176","SRR5967910","SAMN07552652","SRX3125179"
"KTN132","0cell","KTN1320cell29","SRR5967913","SAMN07552288","SRX3125176"
"KTN132","0cell","KTN1320cell24","SRR5967914","SAMN07552283","SRX3125175"
"KTN132","0cell","KTN1320cell28","SRR5967918","SAMN07552287","SRX3125171"
"KTN132","2cell","KTN1322cell206","SRR5967926","SAMN07552682","SRX3125163"
"KTN132","2cell","KTN1322cell212","SRR5967930","SAMN07552688","SRX3125159"
"KTN132","2cell","KTN1322cell274","SRR5967935","SAMN07552750","SRX3125154"
"KTN132","0cell","KTN1320cell132","SRR5967945","SAMN07552391","SRX3125144"
"KTN132","2cell","KTN1322cell67","SRR5967953","SAMN07552543","SRX3125136"
"KTN132","2cell","KTN1322cell70","SRR5967956","SAMN07552546","SRX3125133"
"KTN132","2cell","KTN1322cell443","SRR5961314","SAMN07544411","SRX3119645"
"KTN132","2cell","KTN1322cell440","SRR5961319","SAMN07544408","SRX3119640"
"KTN132","2cell","KTN1322cell434","SRR5961321","SAMN07544402","SRX3119638"
"KTN132","2cell","KTN1322cell315","SRR5961326","SAMN07544283","SRX3119633"
"KTN132","2cell","KTN1322cell314","SRR5961327","SAMN07544282","SRX3119632"
"KTN132","2cell","KTN1322cell404","SRR5961336","SAMN07544372","SRX3119623"
"KTN132","2cell","KTN1322cell405","SRR5961337","SAMN07544373","SRX3119622"
"KTN132","2cell","KTN1322cell408","SRR5961340","SAMN07544376","SRX3119619"
"KTN132","2cell","KTN1322cell306","SRR5961346","SAMN07544274","SRX3119613"
"KTN132","2cell","KTN1322cell304","SRR5961348","SAMN07544272","SRX3119611"
"KTN132","2cell","KTN1322cell415","SRR5961360","SAMN07544383","SRX3119599"
"KTN132","2cell","KTN1322cell388","SRR5961365","SAMN07544356","SRX3119594"
"KTN132","2cell","KTN1322cell340","SRR5961369","SAMN07544308","SRX3119590"
"KTN132","2cell","KTN1322cell338","SRR5961371","SAMN07544306","SRX3119588"
"KTN132","2cell","KTN1322cell385","SRR5961379","SAMN07544353","SRX3119580"
"KTN132","2cell","KTN1322cell290","SRR5961391","SAMN07544258","SRX3119568"
"KTN132","2cell","KTN1322cell332","SRR5961392","SAMN07544300","SRX3119567"
"KTN132","2cell","KTN1322cell400","SRR5961409","SAMN07544368","SRX3119550"
"KTN132","2cell","KTN1322cell357","SRR5961418","SAMN07544325","SRX3119541"
"KTN132","2cell","KTN1322cell383","SRR5961440","SAMN07544351","SRX3119519"
"KTN132","2cell","KTN1322cell377","SRR5961442","SAMN07544345","SRX3119517"
"KTN132","2cell","KTN1322cell374","SRR5961445","SAMN07544342","SRX3119514"
"KTN132","2cell","KTN1322cell380","SRR5961447","SAMN07544348","SRX3119512"
"KTN132","2cell","KTN1322cell379","SRR5961448","SAMN07544347","SRX3119511"
"KTN132","2cell","KTN1322cell428","SRR5961464","SAMN07544396","SRX3119495"
"KTN132","2cell","KTN1322cell429","SRR5961465","SAMN07544397","SRX3119494"
"KTN132","2cell","KTN1322cell426","SRR5961466","SAMN07544394","SRX3119493"
"KTN132","2cell","KTN1322cell364","SRR5961474","SAMN07544332","SRX3119485"
"KTN132","2cell","KTN1322cell366","SRR5961476","SAMN07544334","SRX3119483"
"KTN132","2cell","KTN1322cell372","SRR5961478","SAMN07544340","SRX3119481"
"KTN132","2cell","KTN1322cell53","SRR5967469","SAMN07552529","SRX3125120"
"KTN132","0cell","KTN1320cell75","SRR5967482","SAMN07552334","SRX3125107"
"KTN132","0cell","KTN1320cell215","SRR5967495","SAMN07552474","SRX3125094"
"KTN132","2cell","KTN1322cell246","SRR5967500","SAMN07552722","SRX3125089"
"KTN132","2cell","KTN1322cell147","SRR5967510","SAMN07552623","SRX3125079"
"KTN132","0cell","KTN1320cell169","SRR5967527","SAMN07552428","SRX3125062"
"KTN132","2cell","KTN1322cell6","SRR5967530","SAMN07552482","SRX3125059"
"KTN132","0cell","KTN1320cell36","SRR5967545","SAMN07552295","SRX3125044"
"KTN132","2cell","KTN1322cell101","SRR5967557","SAMN07552577","SRX3125032"
"KTN132","2cell","KTN1322cell218","SRR5967565","SAMN07552694","SRX3125024"
"KTN132","2cell","KTN1322cell217","SRR5967570","SAMN07552693","SRX3125019"
"KTN132","2cell","KTN1322cell216","SRR5967571","SAMN07552692","SRX3125018"
"KTN132","0cell","KTN1320cell200","SRR5967611","SAMN07552459","SRX3124978"
"KTN132","0cell","KTN1320cell50","SRR5967630","SAMN07552309","SRX3124959"
"KTN132","0cell","KTN1320cell48","SRR5967634","SAMN07552307","SRX3124955"
"KTN132","2cell","KTN1322cell143","SRR5967644","SAMN07552619","SRX3124945"
"KTN132","2cell","KTN1322cell261","SRR5967659","SAMN07552737","SRX3124930"
"KTN132","0cell","KTN1320cell154","SRR5967668","SAMN07552413","SRX3124921"
"KTN132","2cell","KTN1322cell85","SRR5967673","SAMN07552561","SRX3124916"
"KTN132","2cell","KTN1322cell227","SRR5967684","SAMN07552703","SRX3124905"
"KTN132","2cell","KTN1322cell229","SRR5967686","SAMN07552705","SRX3124903"
"KTN132","2cell","KTN1322cell231","SRR5967688","SAMN07552707","SRX3124901"
"KTN132","0cell","KTN1320cell99","SRR5967691","SAMN07552358","SRX3124898"
"KTN132","0cell","KTN1320cell91","SRR5967695","SAMN07552350","SRX3124894"
"KTN132","2cell","KTN1322cell166","SRR5967714","SAMN07552642","SRX3124875"
"KTN132","0cell","KTN1320cell3","SRR5967715","SAMN07552262","SRX3124874"
"KTN132","0cell","KTN1320cell9","SRR5967723","SAMN07552268","SRX3124866"
"KTN132","0cell","KTN1320cell118","SRR5967731","SAMN07552377","SRX3124858"
"KTN132","0cell","KTN1320cell119","SRR5967734","SAMN07552378","SRX3124855"
"KTN132","0cell","KTN1320cell120","SRR5967735","SAMN07552379","SRX3124854"
"KTN132","2cell","KTN1322cell125","SRR5967742","SAMN07552601","SRX3124847"
"KTN132","0cell","KTN1320cell190","SRR5967746","SAMN07552449","SRX3124843"
"KTN132","0cell","KTN1320cell186","SRR5967752","SAMN07552445","SRX3124837"
"KTN132","0cell","KTN1320cell60","SRR5967767","SAMN07552319","SRX3124822"
"KTN132","0cell","KTN1320cell57","SRR5967768","SAMN07552316","SRX3124821"
"KTN132","0cell","KTN1320cell53","SRR5967772","SAMN07552312","SRX3124817"
"KTN132","0cell","KTN1320cell51","SRR5967774","SAMN07552310","SRX3124815"
"KTN132","2cell","KTN1322cell195","SRR5967780","SAMN07552671","SRX3124809"
"KTN132","2cell","KTN1322cell200","SRR5967783","SAMN07552676","SRX3124806"
"KTN132","2cell","KTN1322cell264","SRR5967791","SAMN07552740","SRX3124798"
"KTN132","2cell","KTN1322cell267","SRR5967794","SAMN07552743","SRX3124795"
"KTN132","2cell","KTN1322cell272","SRR5967795","SAMN07552748","SRX3124794"
"KTN132","0cell","KTN1320cell141","SRR5967809","SAMN07552400","SRX3125280"
"KTN132","0cell","KTN1320cell13","SRR5967812","SAMN07552272","SRX3125277"
"KTN132","0cell","KTN1320cell16","SRR5967819","SAMN07552275","SRX3125270"
"KTN132","2cell","KTN1322cell122","SRR5967822","SAMN07552598","SRX3125267"
"KTN132","2cell","KTN1322cell121","SRR5967825","SAMN07552597","SRX3125264"
"KTN132","2cell","KTN1322cell118","SRR5967826","SAMN07552594","SRX3125263"
"KTN132","0cell","KTN1320cell70","SRR5967840","SAMN07552329","SRX3125249"
"KTN132","0cell","KTN1320cell69","SRR5967841","SAMN07552328","SRX3125248"
"KTN132","0cell","KTN1320cell210","SRR5967843","SAMN07552469","SRX3125246"
"KTN132","0cell","KTN1320cell204","SRR5967845","SAMN07552463","SRX3125244"
"KTN132","0cell","KTN1320cell201","SRR5967846","SAMN07552460","SRX3125243"
"KTN132","2cell","KTN1322cell242","SRR5967854","SAMN07552718","SRX3125235"
"KTN132","2cell","KTN1322cell240","SRR5967856","SAMN07552716","SRX3125233"
"KTN132","2cell","KTN1322cell236","SRR5967860","SAMN07552712","SRX3125229"
"KTN132","2cell","KTN1322cell235","SRR5967861","SAMN07552711","SRX3125228"
"KTN132","0cell","KTN1320cell107","SRR5967871","SAMN07552366","SRX3125218"
"KTN132","2cell","KTN1322cell157","SRR5967877","SAMN07552633","SRX3125212"
"KTN132","2cell","KTN1322cell158","SRR5967882","SAMN07552634","SRX3125207"
"KTN132","0cell","KTN1320cell173","SRR5967892","SAMN07552432","SRX3125197"
"KTN132","2cell","KTN1322cell38","SRR5967897","SAMN07552514","SRX3125192"
"KTN132","2cell","KTN1322cell36","SRR5967903","SAMN07552512","SRX3125186"
"KTN132","2cell","KTN1322cell178","SRR5967904","SAMN07552654","SRX3125185"
"KTN132","2cell","KTN1322cell181","SRR5967907","SAMN07552657","SRX3125182"
"KTN132","0cell","KTN1320cell30","SRR5967912","SAMN07552289","SRX3125177"
"KTN132","0cell","KTN1320cell21","SRR5967917","SAMN07552280","SRX3125172"
"KTN132","0cell","KTN1320cell27","SRR5967919","SAMN07552286","SRX3125170"
"KTN132","2cell","KTN1322cell213","SRR5967931","SAMN07552689","SRX3125158"
"KTN132","2cell","KTN1322cell280","SRR5967937","SAMN07552756","SRX3125152"
"KTN132","2cell","KTN1322cell278","SRR5967939","SAMN07552754","SRX3125150"
"KTN132","2cell","KTN1322cell283","SRR5967940","SAMN07552759","SRX3125149"
"KTN132","0cell","KTN1320cell139","SRR5967942","SAMN07552398","SRX3125147"
"KTN132","0cell","KTN1320cell140","SRR5967943","SAMN07552399","SRX3125146"
"KTN132","0cell","KTN1320cell137","SRR5967950","SAMN07552396","SRX3125139"
"KTN132","2cell","KTN1322cell66","SRR5967952","SAMN07552542","SRX3125137"
"KTN132","2cell","KTN1322cell64","SRR5967954","SAMN07552540","SRX3125135"
"KTN132","2cell","KTN1322cell69","SRR5967959","SAMN07552545","SRX3125130"
"KTN132","2cell","KTN1322cell109","SRR5967960","SAMN07552585","SRX3125129"
"KTN132","2cell","KTN1322cell108","SRR5967961","SAMN07552584","SRX3125128"
"KTN132","2cell","KTN1322cell72","SRR5967962","SAMN07552548","SRX3125127"
"KTN132","2cell","KTN1322cell442","SRR5961315","SAMN07544410","SRX3119644"
"KTN132","2cell","KTN1322cell441","SRR5961318","SAMN07544409","SRX3119641"
"KTN132","2cell","KTN1322cell323","SRR5961324","SAMN07544291","SRX3119635"
"KTN132","2cell","KTN1322cell322","SRR5961325","SAMN07544290","SRX3119634"
"KTN132","2cell","KTN1322cell316","SRR5961329","SAMN07544284","SRX3119630"
"KTN132","2cell","KTN1322cell319","SRR5961330","SAMN07544287","SRX3119629"
"KTN132","2cell","KTN1322cell320","SRR5961333","SAMN07544288","SRX3119626"
"KTN132","2cell","KTN1322cell420","SRR5961355","SAMN07544388","SRX3119604"
"KTN132","2cell","KTN1322cell417","SRR5961358","SAMN07544385","SRX3119601"
"KTN132","2cell","KTN1322cell342","SRR5961367","SAMN07544310","SRX3119592"
"KTN132","2cell","KTN1322cell341","SRR5961368","SAMN07544309","SRX3119591"
"KTN132","2cell","KTN1322cell339","SRR5961370","SAMN07544307","SRX3119589"
"KTN132","2cell","KTN1322cell336","SRR5961373","SAMN07544304","SRX3119586"
"KTN132","2cell","KTN1322cell387","SRR5961377","SAMN07544355","SRX3119582"
"KTN132","2cell","KTN1322cell384","SRR5961378","SAMN07544352","SRX3119581"
"KTN132","2cell","KTN1322cell324","SRR5961394","SAMN07544292","SRX3119565"
"KTN132","2cell","KTN1322cell327","SRR5961397","SAMN07544295","SRX3119562"
"KTN132","2cell","KTN1322cell395","SRR5961402","SAMN07544363","SRX3119557"
"KTN132","2cell","KTN1322cell397","SRR5961404","SAMN07544365","SRX3119555"
"KTN132","2cell","KTN1322cell396","SRR5961405","SAMN07544364","SRX3119554"
"KTN132","2cell","KTN1322cell398","SRR5961407","SAMN07544366","SRX3119552"
"KTN132","2cell","KTN1322cell358","SRR5961413","SAMN07544326","SRX3119546"
"KTN132","2cell","KTN1322cell354","SRR5961417","SAMN07544322","SRX3119542"
"KTN132","2cell","KTN1322cell450","SRR5961425","SAMN07544418","SRX3119534"
"KTN132","2cell","KTN1322cell444","SRR5961426","SAMN07544412","SRX3119533"
"KTN132","2cell","KTN1322cell445","SRR5961427","SAMN07544413","SRX3119532"
"KTN132","2cell","KTN1322cell447","SRR5961429","SAMN07544415","SRX3119530"
"KTN132","2cell","KTN1322cell350","SRR5961430","SAMN07544318","SRX3119529"
"KTN132","2cell","KTN1322cell348","SRR5961432","SAMN07544316","SRX3119527"
"KTN132","2cell","KTN1322cell347","SRR5961435","SAMN07544315","SRX3119524"
"KTN132","2cell","KTN1322cell344","SRR5961436","SAMN07544312","SRX3119523"
"KTN132","2cell","KTN1322cell378","SRR5961449","SAMN07544346","SRX3119510"
"KTN132","2cell","KTN1322cell301","SRR5961454","SAMN07544269","SRX3119505"
"KTN132","2cell","KTN1322cell299","SRR5961456","SAMN07544267","SRX3119503"
"KTN132","2cell","KTN1322cell302","SRR5961459","SAMN07544270","SRX3119500"
"KTN132","2cell","KTN1322cell424","SRR5961468","SAMN07544392","SRX3119491"
"KTN132","2cell","KTN1322cell370","SRR5961472","SAMN07544338","SRX3119487"
"KTN132","2cell","KTN1322cell373","SRR5961479","SAMN07544341","SRX3119480"
"KTN132","2cell","KTN1322cell293","SRR5961480","SAMN07544261","SRX3119479"
"KTN132","2cell","KTN1322cell105","SRR5967464","SAMN07552581","SRX3125125"
"KTN132","2cell","KTN1322cell104","SRR5967465","SAMN07552580","SRX3125124"
"KTN132","2cell","KTN1322cell106","SRR5967467","SAMN07552582","SRX3125122"
"KTN132","2cell","KTN1322cell48","SRR5967470","SAMN07552524","SRX3125119"
"KTN132","2cell","KTN1322cell46","SRR5967476","SAMN07552522","SRX3125113"
"KTN132","2cell","KTN1322cell47","SRR5967477","SAMN07552523","SRX3125112"
"KTN132","0cell","KTN1320cell72","SRR5967479","SAMN07552331","SRX3125110"
"KTN132","2cell","KTN1322cell3","SRR5967488","SAMN07552479","SRX3125101"
"KTN132","0cell","KTN1320cell216","SRR5967494","SAMN07552475","SRX3125095"
"KTN132","2cell","KTN1322cell1","SRR5967496","SAMN07552477","SRX3125093"
"KTN132","2cell","KTN1322cell252","SRR5967498","SAMN07552728","SRX3125091"
"KTN132","2cell","KTN1322cell247","SRR5967501","SAMN07552723","SRX3125088"
"KTN132","2cell","KTN1322cell251","SRR5967505","SAMN07552727","SRX3125084"
"KTN132","2cell","KTN1322cell248","SRR5967506","SAMN07552724","SRX3125083"
"KTN132","2cell","KTN1322cell249","SRR5967507","SAMN07552725","SRX3125082"
"KTN132","2cell","KTN1322cell146","SRR5967511","SAMN07552622","SRX3125078"
"KTN132","0cell","KTN1320cell163","SRR5967519","SAMN07552422","SRX3125070"
"KTN132","0cell","KTN1320cell161","SRR5967521","SAMN07552420","SRX3125068"
"KTN132","0cell","KTN1320cell170","SRR5967526","SAMN07552429","SRX3125063"
"KTN132","2cell","KTN1322cell5","SRR5967529","SAMN07552481","SRX3125060"
"KTN132","2cell","KTN1322cell8","SRR5967532","SAMN07552484","SRX3125057"
"KTN132","2cell","KTN1322cell12","SRR5967536","SAMN07552488","SRX3125053"
"KTN132","0cell","KTN1320cell32","SRR5967549","SAMN07552291","SRX3125040"
"KTN132","0cell","KTN1320cell33","SRR5967550","SAMN07552292","SRX3125039"
"KTN132","0cell","KTN1320cell34","SRR5967551","SAMN07552293","SRX3125038"
"KTN132","2cell","KTN1322cell97","SRR5967561","SAMN07552573","SRX3125028"
"KTN132","2cell","KTN1322cell219","SRR5967564","SAMN07552695","SRX3125025"
"KTN132","2cell","KTN1322cell223","SRR5967572","SAMN07552699","SRX3125017"
"KTN132","0cell","KTN1320cell89","SRR5967575","SAMN07552348","SRX3125014"
"KTN132","0cell","KTN1320cell122","SRR5967590","SAMN07552381","SRX3124999"
"KTN132","0cell","KTN1320cell129","SRR5967593","SAMN07552388","SRX3124996"
"KTN132","2cell","KTN1322cell74","SRR5967595","SAMN07552550","SRX3124994"
"KTN132","2cell","KTN1322cell78","SRR5967599","SAMN07552554","SRX3124990"
"KTN132","2cell","KTN1322cell139","SRR5967607","SAMN07552615","SRX3124982"
"KTN132","0cell","KTN1320cell197","SRR5967616","SAMN07552456","SRX3124973"
"KTN132","0cell","KTN1320cell195","SRR5967618","SAMN07552454","SRX3124971"
"KTN132","2cell","KTN1322cell63","SRR5967620","SAMN07552539","SRX3124969"
"KTN132","2cell","KTN1322cell62","SRR5967621","SAMN07552538","SRX3124968"
"KTN132","2cell","KTN1322cell56","SRR5967623","SAMN07552532","SRX3124966"
"KTN132","2cell","KTN1322cell55","SRR5967624","SAMN07552531","SRX3124965"
"KTN132","0cell","KTN1320cell46","SRR5967632","SAMN07552305","SRX3124957"
"KTN132","0cell","KTN1320cell43","SRR5967639","SAMN07552302","SRX3124950"
"KTN132","2cell","KTN1322cell193","SRR5967641","SAMN07552669","SRX3124948"
"KTN132","2cell","KTN1322cell188","SRR5967642","SAMN07552664","SRX3124947"
"KTN132","2cell","KTN1322cell187","SRR5967649","SAMN07552663","SRX3124940"
"KTN132","2cell","KTN1322cell254","SRR5967654","SAMN07552730","SRX3124935"
"KTN132","0cell","KTN1320cell152","SRR5967670","SAMN07552411","SRX3124919"
"KTN132","2cell","KTN1322cell86","SRR5967672","SAMN07552562","SRX3124917"
"KTN132","2cell","KTN1322cell88","SRR5967678","SAMN07552564","SRX3124911"
"KTN132","2cell","KTN1322cell92","SRR5967680","SAMN07552568","SRX3124909"
"KTN132","2cell","KTN1322cell230","SRR5967687","SAMN07552706","SRX3124902"
"KTN132","2cell","KTN1322cell233","SRR5967690","SAMN07552709","SRX3124899"
"KTN132","0cell","KTN1320cell98","SRR5967698","SAMN07552357","SRX3124891"
"KTN132","0cell","KTN1320cell96","SRR5967700","SAMN07552355","SRX3124889"
"KTN132","2cell","KTN1322cell22","SRR5967702","SAMN07552498","SRX3124887"
"KTN132","0cell","KTN1320cell1","SRR5967717","SAMN07552260","SRX3124872"
"KTN132","0cell","KTN1320cell8","SRR5967720","SAMN07552267","SRX3124869"
"KTN132","0cell","KTN1320cell113","SRR5967726","SAMN07552372","SRX3124863"
"KTN132","0cell","KTN1320cell111","SRR5967728","SAMN07552370","SRX3124861"
"KTN132","2cell","KTN1322cell131","SRR5967736","SAMN07552607","SRX3124853"
"KTN132","2cell","KTN1322cell127","SRR5967740","SAMN07552603","SRX3124849"
"KTN132","2cell","KTN1322cell133","SRR5967744","SAMN07552609","SRX3124845"
"KTN132","0cell","KTN1320cell185","SRR5967753","SAMN07552444","SRX3124836"
"KTN132","0cell","KTN1320cell187","SRR5967755","SAMN07552446","SRX3124834"
"KTN132","2cell","KTN1322cell28","SRR5967758","SAMN07552504","SRX3124831"
"KTN132","2cell","KTN1322cell26","SRR5967760","SAMN07552502","SRX3124829"
"KTN132","2cell","KTN1322cell25","SRR5967763","SAMN07552501","SRX3124826"
"KTN132","2cell","KTN1322cell32","SRR5967764","SAMN07552508","SRX3124825"
"KTN132","2cell","KTN1322cell194","SRR5967781","SAMN07552670","SRX3124808"
"KTN132","2cell","KTN1322cell199","SRR5967784","SAMN07552675","SRX3124805"
"KTN132","2cell","KTN1322cell270","SRR5967789","SAMN07552746","SRX3124800"
"KTN132","2cell","KTN1322cell266","SRR5967793","SAMN07552742","SRX3124796"
"KTN132","2cell","KTN1322cell190","SRR5967797","SAMN07552666","SRX3124792"
"KTN132","2cell","KTN1322cell111","SRR5967800","SAMN07552587","SRX3125289"
"KTN132","0cell","KTN1320cell146","SRR5967804","SAMN07552405","SRX3125285"
"KTN132","0cell","KTN1320cell147","SRR5967807","SAMN07552406","SRX3125282"
"KTN132","0cell","KTN1320cell143","SRR5967811","SAMN07552402","SRX3125278"
"KTN132","0cell","KTN1320cell11","SRR5967814","SAMN07552270","SRX3125275"
"KTN132","0cell","KTN1320cell17","SRR5967816","SAMN07552276","SRX3125273"
"KTN132","2cell","KTN1322cell119","SRR5967827","SAMN07552595","SRX3125262"
"KTN132","2cell","KTN1322cell114","SRR5967830","SAMN07552590","SRX3125259"
"KTN132","0cell","KTN1320cell65","SRR5967835","SAMN07552324","SRX3125254"
"KTN132","0cell","KTN1320cell63","SRR5967837","SAMN07552322","SRX3125252"
"KTN132","0cell","KTN1320cell61","SRR5967839","SAMN07552320","SRX3125250"
"KTN132","0cell","KTN1320cell202","SRR5967847","SAMN07552461","SRX3125242"
"KTN132","0cell","KTN1320cell208","SRR5967849","SAMN07552467","SRX3125240"
"KTN132","0cell","KTN1320cell206","SRR5967851","SAMN07552465","SRX3125238"
"KTN132","2cell","KTN1322cell243","SRR5967853","SAMN07552719","SRX3125236"
"KTN132","2cell","KTN1322cell239","SRR5967857","SAMN07552715","SRX3125232"
"KTN132","0cell","KTN1320cell109","SRR5967873","SAMN07552368","SRX3125216"
"KTN132","2cell","KTN1322cell156","SRR5967876","SAMN07552632","SRX3125213"
"KTN132","2cell","KTN1322cell154","SRR5967878","SAMN07552630","SRX3125211"
"KTN132","0cell","KTN1320cell172","SRR5967891","SAMN07552431","SRX3125198"
"KTN132","2cell","KTN1322cell179","SRR5967905","SAMN07552655","SRX3125184"
"KTN132","2cell","KTN1322cell177","SRR5967911","SAMN07552653","SRX3125178"
"KTN132","0cell","KTN1320cell22","SRR5967916","SAMN07552281","SRX3125173"
"KTN132","0cell","KTN1320cell26","SRR5967920","SAMN07552285","SRX3125169"
"KTN132","2cell","KTN1322cell210","SRR5967922","SAMN07552686","SRX3125167"
"KTN132","2cell","KTN1322cell208","SRR5967924","SAMN07552684","SRX3125165"
"KTN132","2cell","KTN1322cell204","SRR5967928","SAMN07552680","SRX3125161"
"KTN132","2cell","KTN1322cell277","SRR5967932","SAMN07552753","SRX3125157"
"KTN132","2cell","KTN1322cell279","SRR5967938","SAMN07552755","SRX3125151"
"KTN132","0cell","KTN1320cell131","SRR5967944","SAMN07552390","SRX3125145"
"KTN132","0cell","KTN1320cell136","SRR5967949","SAMN07552395","SRX3125140"
"KTN132","0cell","KTN1320cell138","SRR5967951","SAMN07552397","SRX3125138"
"KTN132","2cell","KTN1322cell65","SRR5967955","SAMN07552541","SRX3125134"
"KTN132","2cell","KTN1322cell73","SRR5967963","SAMN07552549","SRX3125126"
"KTN132","2cell","KTN1322cell439","SRR5961316","SAMN07544407","SRX3119643"
"KTN132","2cell","KTN1322cell436","SRR5961323","SAMN07544404","SRX3119636"
"KTN132","2cell","KTN1322cell318","SRR5961331","SAMN07544286","SRX3119628"
"KTN132","2cell","KTN1322cell412","SRR5961334","SAMN07544380","SRX3119625"
"KTN132","2cell","KTN1322cell406","SRR5961338","SAMN07544374","SRX3119621"
"KTN132","2cell","KTN1322cell407","SRR5961339","SAMN07544375","SRX3119620"
"KTN132","2cell","KTN1322cell409","SRR5961341","SAMN07544377","SRX3119618"
"KTN132","2cell","KTN1322cell410","SRR5961342","SAMN07544378","SRX3119617"
"KTN132","2cell","KTN1322cell307","SRR5961347","SAMN07544275","SRX3119612"
"KTN132","2cell","KTN1322cell311","SRR5961351","SAMN07544279","SRX3119608"
"KTN132","2cell","KTN1322cell309","SRR5961353","SAMN07544277","SRX3119606"
"KTN132","2cell","KTN1322cell421","SRR5961354","SAMN07544389","SRX3119605"
"KTN132","2cell","KTN1322cell422","SRR5961364","SAMN07544390","SRX3119595"
"KTN132","2cell","KTN1322cell343","SRR5961366","SAMN07544311","SRX3119593"
"KTN132","2cell","KTN1322cell337","SRR5961372","SAMN07544305","SRX3119587"
"KTN132","2cell","KTN1322cell386","SRR5961376","SAMN07544354","SRX3119583"
"KTN132","2cell","KTN1322cell391","SRR5961381","SAMN07544359","SRX3119578"
"KTN132","2cell","KTN1322cell284","SRR5961385","SAMN07544252","SRX3119574"
"KTN132","2cell","KTN1322cell286","SRR5961387","SAMN07544254","SRX3119572"
"KTN132","2cell","KTN1322cell289","SRR5961388","SAMN07544257","SRX3119571"
"KTN132","2cell","KTN1322cell333","SRR5961393","SAMN07544301","SRX3119566"
"KTN132","2cell","KTN1322cell325","SRR5961395","SAMN07544293","SRX3119564"
"KTN132","2cell","KTN1322cell331","SRR5961401","SAMN07544299","SRX3119558"
"KTN132","2cell","KTN1322cell401","SRR5961408","SAMN07544369","SRX3119551"
"KTN132","2cell","KTN1322cell402","SRR5961411","SAMN07544370","SRX3119548"
"KTN132","2cell","KTN1322cell361","SRR5961414","SAMN07544329","SRX3119545"
"KTN132","2cell","KTN1322cell362","SRR5961422","SAMN07544330","SRX3119537"
"KTN132","2cell","KTN1322cell446","SRR5961428","SAMN07544414","SRX3119531"
"KTN132","2cell","KTN1322cell346","SRR5961434","SAMN07544314","SRX3119525"
"KTN132","2cell","KTN1322cell345","SRR5961437","SAMN07544313","SRX3119522"
"KTN132","2cell","KTN1322cell382","SRR5961441","SAMN07544350","SRX3119518"
"KTN132","2cell","KTN1322cell376","SRR5961443","SAMN07544344","SRX3119516"
"KTN132","2cell","KTN1322cell298","SRR5961457","SAMN07544266","SRX3119502"
"KTN132","2cell","KTN1322cell425","SRR5961469","SAMN07544393","SRX3119490"
"KTN132","2cell","KTN1322cell52","SRR5967468","SAMN07552528","SRX3125121"
"KTN132","2cell","KTN1322cell51","SRR5967473","SAMN07552527","SRX3125116"
"KTN132","0cell","KTN1320cell73","SRR5967480","SAMN07552332","SRX3125109"
"KTN132","0cell","KTN1320cell78","SRR5967485","SAMN07552337","SRX3125104"
"KTN132","0cell","KTN1320cell79","SRR5967486","SAMN07552338","SRX3125103"
"KTN132","2cell","KTN1322cell2","SRR5967489","SAMN07552478","SRX3125100"
"KTN132","0cell","KTN1320cell213","SRR5967493","SAMN07552472","SRX3125096"
"KTN132","2cell","KTN1322cell250","SRR5967504","SAMN07552726","SRX3125085"
"KTN132","2cell","KTN1322cell149","SRR5967512","SAMN07552625","SRX3125077"
"KTN132","2cell","KTN1322cell148","SRR5967513","SAMN07552624","SRX3125076"
"KTN132","2cell","KTN1322cell151","SRR5967514","SAMN07552627","SRX3125075"
"KTN132","2cell","KTN1322cell150","SRR5967515","SAMN07552626","SRX3125074"
"KTN132","2cell","KTN1322cell153","SRR5967516","SAMN07552629","SRX3125073"
"KTN132","2cell","KTN1322cell152","SRR5967517","SAMN07552628","SRX3125072"
"KTN132","0cell","KTN1320cell162","SRR5967520","SAMN07552421","SRX3125069"
"KTN132","0cell","KTN1320cell168","SRR5967522","SAMN07552427","SRX3125067"
"KTN132","2cell","KTN1322cell10","SRR5967534","SAMN07552486","SRX3125055"
"KTN132","0cell","KTN1320cell37","SRR5967546","SAMN07552296","SRX3125043"
"KTN132","0cell","KTN1320cell38","SRR5967547","SAMN07552297","SRX3125042"
"KTN132","2cell","KTN1322cell98","SRR5967554","SAMN07552574","SRX3125035"
"KTN132","2cell","KTN1322cell99","SRR5967555","SAMN07552575","SRX3125034"
"KTN132","2cell","KTN1322cell100","SRR5967556","SAMN07552576","SRX3125033"
"KTN132","2cell","KTN1322cell96","SRR5967560","SAMN07552572","SRX3125029"
"KTN132","0cell","KTN1320cell84","SRR5967578","SAMN07552343","SRX3125011"
"KTN132","0cell","KTN1320cell87","SRR5967583","SAMN07552346","SRX3125006"
"KTN132","0cell","KTN1320cell127","SRR5967585","SAMN07552386","SRX3125004"
"KTN132","0cell","KTN1320cell126","SRR5967586","SAMN07552385","SRX3125003"
"KTN132","2cell","KTN1322cell142","SRR5967594","SAMN07552618","SRX3124995"
"KTN132","2cell","KTN1322cell79","SRR5967598","SAMN07552555","SRX3124991"
"KTN132","2cell","KTN1322cell134","SRR5967602","SAMN07552610","SRX3124987"
"KTN132","2cell","KTN1322cell141","SRR5967609","SAMN07552617","SRX3124980"
"KTN132","0cell","KTN1320cell193","SRR5967612","SAMN07552452","SRX3124977"
"KTN132","2cell","KTN1322cell57","SRR5967622","SAMN07552533","SRX3124967"
"KTN132","2cell","KTN1322cell61","SRR5967626","SAMN07552537","SRX3124963"
"KTN132","0cell","KTN1320cell44","SRR5967638","SAMN07552303","SRX3124951"
"KTN132","2cell","KTN1322cell189","SRR5967643","SAMN07552665","SRX3124946"
"KTN132","2cell","KTN1322cell191","SRR5967645","SAMN07552667","SRX3124944"
"KTN132","2cell","KTN1322cell184","SRR5967646","SAMN07552660","SRX3124943"
"KTN132","2cell","KTN1322cell186","SRR5967648","SAMN07552662","SRX3124941"
"KTN132","2cell","KTN1322cell83","SRR5967652","SAMN07552559","SRX3124937"
"KTN132","2cell","KTN1322cell82","SRR5967655","SAMN07552558","SRX3124934"
"KTN132","0cell","KTN1320cell159","SRR5967661","SAMN07552418","SRX3124928"
"KTN132","0cell","KTN1320cell160","SRR5967662","SAMN07552419","SRX3124927"
"KTN132","0cell","KTN1320cell158","SRR5967664","SAMN07552417","SRX3124925"
"KTN132","0cell","KTN1320cell151","SRR5967669","SAMN07552410","SRX3124920"
"KTN132","2cell","KTN1322cell232","SRR5967689","SAMN07552708","SRX3124900"
"KTN132","0cell","KTN1320cell100","SRR5967692","SAMN07552359","SRX3124897"
"KTN132","0cell","KTN1320cell97","SRR5967697","SAMN07552356","SRX3124892"
"KTN132","2cell","KTN1322cell21","SRR5967703","SAMN07552497","SRX3124886"
"KTN132","2cell","KTN1322cell20","SRR5967704","SAMN07552496","SRX3124885"
"KTN132","2cell","KTN1322cell19","SRR5967705","SAMN07552495","SRX3124884"
"KTN132","2cell","KTN1322cell173","SRR5967711","SAMN07552649","SRX3124878"
"KTN132","2cell","KTN1322cell172","SRR5967712","SAMN07552648","SRX3124877"
"KTN132","2cell","KTN1322cell167","SRR5967713","SAMN07552643","SRX3124876"
"KTN132","0cell","KTN1320cell2","SRR5967718","SAMN07552261","SRX3124871"
"KTN132","0cell","KTN1320cell7","SRR5967719","SAMN07552266","SRX3124870"
"KTN132","0cell","KTN1320cell5","SRR5967721","SAMN07552264","SRX3124868"
"KTN132","0cell","KTN1320cell6","SRR5967722","SAMN07552265","SRX3124867"
"KTN132","0cell","KTN1320cell10","SRR5967724","SAMN07552269","SRX3124865"
"KTN132","0cell","KTN1320cell114","SRR5967727","SAMN07552373","SRX3124862"
"KTN132","0cell","KTN1320cell115","SRR5967732","SAMN07552374","SRX3124857"
"KTN132","2cell","KTN1322cell124","SRR5967743","SAMN07552600","SRX3124846"
"KTN132","0cell","KTN1320cell184","SRR5967750","SAMN07552443","SRX3124839"
"KTN132","2cell","KTN1322cell31","SRR5967757","SAMN07552507","SRX3124832"
"KTN132","2cell","KTN1322cell29","SRR5967759","SAMN07552505","SRX3124830"
"KTN132","2cell","KTN1322cell27","SRR5967761","SAMN07552503","SRX3124828"
"KTN132","0cell","KTN1320cell59","SRR5967766","SAMN07552318","SRX3124823"
"KTN132","0cell","KTN1320cell56","SRR5967771","SAMN07552315","SRX3124818"
"KTN132","2cell","KTN1322cell202","SRR5967777","SAMN07552678","SRX3124812"
"KTN132","2cell","KTN1322cell197","SRR5967778","SAMN07552673","SRX3124811"
"KTN132","2cell","KTN1322cell192","SRR5967786","SAMN07552668","SRX3124803"
"KTN132","2cell","KTN1322cell273","SRR5967796","SAMN07552749","SRX3124793"
"KTN132","2cell","KTN1322cell110","SRR5967801","SAMN07552586","SRX3125288"
"KTN132","0cell","KTN1320cell149","SRR5967803","SAMN07552408","SRX3125286"
"KTN132","0cell","KTN1320cell145","SRR5967805","SAMN07552404","SRX3125284"
"KTN132","0cell","KTN1320cell142","SRR5967808","SAMN07552401","SRX3125281"
"KTN132","0cell","KTN1320cell15","SRR5967818","SAMN07552274","SRX3125271"
"KTN132","2cell","KTN1322cell120","SRR5967824","SAMN07552596","SRX3125265"
"KTN132","0cell","KTN1320cell203","SRR5967844","SAMN07552462","SRX3125245"
"KTN132","0cell","KTN1320cell205","SRR5967850","SAMN07552464","SRX3125239"
"KTN132","2cell","KTN1322cell241","SRR5967855","SAMN07552717","SRX3125234"
"KTN132","2cell","KTN1322cell238","SRR5967858","SAMN07552714","SRX3125231"
"KTN132","2cell","KTN1322cell234","SRR5967862","SAMN07552710","SRX3125227"
"KTN132","0cell","KTN1320cell102","SRR5967864","SAMN07552361","SRX3125225"
"KTN132","2cell","KTN1322cell34","SRR5967866","SAMN07552510","SRX3125223"
"KTN132","2cell","KTN1322cell160","SRR5967880","SAMN07552636","SRX3125209"
"KTN132","2cell","KTN1322cell159","SRR5967883","SAMN07552635","SRX3125206"
"KTN132","0cell","KTN1320cell178","SRR5967889","SAMN07552437","SRX3125200"
"KTN132","0cell","KTN1320cell180","SRR5967895","SAMN07552439","SRX3125194"
"KTN132","2cell","KTN1322cell39","SRR5967896","SAMN07552515","SRX3125193"
"KTN132","2cell","KTN1322cell40","SRR5967899","SAMN07552516","SRX3125190"
"KTN132","2cell","KTN1322cell42","SRR5967909","SAMN07552518","SRX3125180"
"KTN132","0cell","KTN1320cell23","SRR5967915","SAMN07552282","SRX3125174"
"KTN132","2cell","KTN1322cell211","SRR5967923","SAMN07552687","SRX3125166"
"KTN132","2cell","KTN1322cell209","SRR5967925","SAMN07552685","SRX3125164"
"KTN132","2cell","KTN1322cell276","SRR5967933","SAMN07552752","SRX3125156"
"KTN132","2cell","KTN1322cell275","SRR5967934","SAMN07552751","SRX3125155"
"KTN132","2cell","KTN1322cell281","SRR5967936","SAMN07552757","SRX3125153"
"KTN132","0cell","KTN1320cell133","SRR5967946","SAMN07552392","SRX3125143"
"KTN132","0cell","KTN1320cell135","SRR5967948","SAMN07552394","SRX3125141"
"KTN132","2cell","KTN1322cell71","SRR5967957","SAMN07552547","SRX3125132"
"KTN132","2cell","KTN1322cell411","SRR5961343","SAMN07544379","SRX3119616"
"KTN132","2cell","KTN1322cell305","SRR5961349","SAMN07544273","SRX3119610"
"KTN132","2cell","KTN1322cell310","SRR5961350","SAMN07544278","SRX3119609"
"KTN132","2cell","KTN1322cell416","SRR5961359","SAMN07544384","SRX3119600"
"KTN132","2cell","KTN1322cell414","SRR5961361","SAMN07544382","SRX3119598"
"KTN132","2cell","KTN1322cell292","SRR5961362","SAMN07544260","SRX3119597"
"KTN132","2cell","KTN1322cell423","SRR5961363","SAMN07544391","SRX3119596"
"KTN132","2cell","KTN1322cell335","SRR5961374","SAMN07544303","SRX3119585"
"KTN132","2cell","KTN1322cell334","SRR5961375","SAMN07544302","SRX3119584"
"KTN132","2cell","KTN1322cell390","SRR5961380","SAMN07544358","SRX3119579"
"KTN132","2cell","KTN1322cell393","SRR5961382","SAMN07544361","SRX3119577"
"KTN132","2cell","KTN1322cell389","SRR5961383","SAMN07544357","SRX3119576"
"KTN132","2cell","KTN1322cell326","SRR5961396","SAMN07544294","SRX3119563"
"KTN132","2cell","KTN1322cell330","SRR5961400","SAMN07544298","SRX3119559"
"KTN132","2cell","KTN1322cell399","SRR5961406","SAMN07544367","SRX3119553"
"KTN132","2cell","KTN1322cell403","SRR5961410","SAMN07544371","SRX3119549"
"KTN132","2cell","KTN1322cell359","SRR5961412","SAMN07544327","SRX3119547"
"KTN132","2cell","KTN1322cell360","SRR5961415","SAMN07544328","SRX3119544"
"KTN132","2cell","KTN1322cell287","SRR5961420","SAMN07544255","SRX3119539"
"KTN132","2cell","KTN1322cell448","SRR5961423","SAMN07544416","SRX3119536"
"KTN132","2cell","KTN1322cell449","SRR5961424","SAMN07544417","SRX3119535"
"KTN132","2cell","KTN1322cell349","SRR5961433","SAMN07544317","SRX3119526"
"KTN132","2cell","KTN1322cell352","SRR5961438","SAMN07544320","SRX3119521"
"KTN132","2cell","KTN1322cell353","SRR5961439","SAMN07544321","SRX3119520"
"KTN132","2cell","KTN1322cell375","SRR5961444","SAMN07544343","SRX3119515"
"KTN132","2cell","KTN1322cell381","SRR5961446","SAMN07544349","SRX3119513"
"KTN132","2cell","KTN1322cell296","SRR5961451","SAMN07544264","SRX3119508"
"KTN132","2cell","KTN1322cell303","SRR5961458","SAMN07544271","SRX3119501"
"KTN132","2cell","KTN1322cell433","SRR5961461","SAMN07544401","SRX3119498"
"KTN132","2cell","KTN1322cell430","SRR5961462","SAMN07544398","SRX3119497"
"KTN132","2cell","KTN1322cell431","SRR5961463","SAMN07544399","SRX3119496"
"KTN132","2cell","KTN1322cell427","SRR5961467","SAMN07544395","SRX3119492"
"KTN132","2cell","KTN1322cell368","SRR5961470","SAMN07544336","SRX3119489"
"KTN132","2cell","KTN1322cell369","SRR5961471","SAMN07544337","SRX3119488"
"KTN132","2cell","KTN1322cell365","SRR5961475","SAMN07544333","SRX3119484"
"KTN132","2cell","KTN1322cell49","SRR5967471","SAMN07552525","SRX3125118"
"KTN132","2cell","KTN1322cell50","SRR5967472","SAMN07552526","SRX3125117"
"KTN132","2cell","KTN1322cell45","SRR5967475","SAMN07552521","SRX3125114"
"KTN132","0cell","KTN1320cell71","SRR5967478","SAMN07552330","SRX3125111"
"KTN132","0cell","KTN1320cell80","SRR5967487","SAMN07552339","SRX3125102"
"KTN132","0cell","KTN1320cell212","SRR5967490","SAMN07552471","SRX3125099"
"KTN132","0cell","KTN1320cell214","SRR5967492","SAMN07552473","SRX3125097"
"KTN132","0cell","KTN1320cell217","SRR5967497","SAMN07552476","SRX3125092"
"KTN132","2cell","KTN1322cell253","SRR5967499","SAMN07552729","SRX3125090"
"KTN132","2cell","KTN1322cell244","SRR5967502","SAMN07552720","SRX3125087"
"KTN132","2cell","KTN1322cell245","SRR5967503","SAMN07552721","SRX3125086"
"KTN132","2cell","KTN1322cell145","SRR5967508","SAMN07552621","SRX3125081"
"KTN132","0cell","KTN1320cell164","SRR5967518","SAMN07552423","SRX3125071"
"KTN132","0cell","KTN1320cell166","SRR5967524","SAMN07552425","SRX3125065"
"KTN132","0cell","KTN1320cell165","SRR5967525","SAMN07552424","SRX3125064"
"KTN132","2cell","KTN1322cell4","SRR5967528","SAMN07552480","SRX3125061"
"KTN132","2cell","KTN1322cell9","SRR5967533","SAMN07552485","SRX3125056"
"KTN132","2cell","KTN1322cell11","SRR5967535","SAMN07552487","SRX3125054"
"KTN132","2cell","KTN1322cell169","SRR5967542","SAMN07552645","SRX3125047"
"KTN132","2cell","KTN1322cell168","SRR5967543","SAMN07552644","SRX3125046"
"KTN132","0cell","KTN1320cell39","SRR5967552","SAMN07552298","SRX3125037"
"KTN132","2cell","KTN1322cell95","SRR5967559","SAMN07552571","SRX3125030"
"KTN132","2cell","KTN1322cell102","SRR5967562","SAMN07552578","SRX3125027"
"KTN132","2cell","KTN1322cell103","SRR5967563","SAMN07552579","SRX3125026"
"KTN132","2cell","KTN1322cell221","SRR5967566","SAMN07552697","SRX3125023"
"KTN132","0cell","KTN1320cell90","SRR5967574","SAMN07552349","SRX3125015"
"KTN132","0cell","KTN1320cell81","SRR5967577","SAMN07552340","SRX3125012"
"KTN132","0cell","KTN1320cell83","SRR5967579","SAMN07552342","SRX3125010"
"KTN132","0cell","KTN1320cell85","SRR5967581","SAMN07552344","SRX3125008"
"KTN132","0cell","KTN1320cell88","SRR5967582","SAMN07552347","SRX3125007"
"KTN132","0cell","KTN1320cell128","SRR5967584","SAMN07552387","SRX3125005"
"KTN132","0cell","KTN1320cell124","SRR5967588","SAMN07552383","SRX3125001"
"KTN132","0cell","KTN1320cell121","SRR5967591","SAMN07552380","SRX3124998"
"KTN132","0cell","KTN1320cell130","SRR5967592","SAMN07552389","SRX3124997"
"KTN132","2cell","KTN1322cell135","SRR5967603","SAMN07552611","SRX3124986"
"KTN132","2cell","KTN1322cell138","SRR5967606","SAMN07552614","SRX3124983"
"KTN132","2cell","KTN1322cell140","SRR5967608","SAMN07552616","SRX3124981"
"KTN132","0cell","KTN1320cell194","SRR5967613","SAMN07552453","SRX3124976"
"KTN132","0cell","KTN1320cell198","SRR5967617","SAMN07552457","SRX3124972"
"KTN132","0cell","KTN1320cell196","SRR5967619","SAMN07552455","SRX3124970"
"KTN132","2cell","KTN1322cell54","SRR5967625","SAMN07552530","SRX3124964"
"KTN132","2cell","KTN1322cell60","SRR5967627","SAMN07552536","SRX3124962"
"KTN132","2cell","KTN1322cell59","SRR5967628","SAMN07552535","SRX3124961"
"KTN132","0cell","KTN1320cell45","SRR5967633","SAMN07552304","SRX3124956"
"KTN132","0cell","KTN1320cell42","SRR5967636","SAMN07552301","SRX3124953"
"KTN132","0cell","KTN1320cell41","SRR5967637","SAMN07552300","SRX3124952"
"KTN132","2cell","KTN1322cell263","SRR5967650","SAMN07552739","SRX3124939"
"KTN132","2cell","KTN1322cell262","SRR5967651","SAMN07552738","SRX3124938"
"KTN132","2cell","KTN1322cell255","SRR5967653","SAMN07552731","SRX3124936"
"KTN132","2cell","KTN1322cell256","SRR5967656","SAMN07552732","SRX3124933"
"KTN132","2cell","KTN1322cell259","SRR5967657","SAMN07552735","SRX3124932"
"KTN132","2cell","KTN1322cell258","SRR5967658","SAMN07552734","SRX3124931"
"KTN132","0cell","KTN1320cell157","SRR5967663","SAMN07552416","SRX3124926"
"KTN132","0cell","KTN1320cell156","SRR5967666","SAMN07552415","SRX3124923"
"KTN132","2cell","KTN1322cell87","SRR5967671","SAMN07552563","SRX3124918"
"KTN132","2cell","KTN1322cell84","SRR5967674","SAMN07552560","SRX3124915"
"KTN132","2cell","KTN1322cell90","SRR5967676","SAMN07552566","SRX3124913"
"KTN132","2cell","KTN1322cell93","SRR5967679","SAMN07552569","SRX3124910"
"KTN132","2cell","KTN1322cell224","SRR5967681","SAMN07552700","SRX3124908"
"KTN132","2cell","KTN1322cell226","SRR5967683","SAMN07552702","SRX3124906"
"KTN132","2cell","KTN1322cell228","SRR5967685","SAMN07552704","SRX3124904"
"KTN132","0cell","KTN1320cell93","SRR5967693","SAMN07552352","SRX3124896"
"KTN132","0cell","KTN1320cell94","SRR5967694","SAMN07552353","SRX3124895"
"KTN132","0cell","KTN1320cell92","SRR5967696","SAMN07552351","SRX3124893"
"KTN132","2cell","KTN1322cell17","SRR5967707","SAMN07552493","SRX3124882"
"KTN132","2cell","KTN1322cell15","SRR5967709","SAMN07552491","SRX3124880"
"KTN132","2cell","KTN1322cell14","SRR5967710","SAMN07552490","SRX3124879"
"KTN132","0cell","KTN1320cell4","SRR5967716","SAMN07552263","SRX3124873"
"KTN132","0cell","KTN1320cell112","SRR5967729","SAMN07552371","SRX3124860"
"KTN132","0cell","KTN1320cell116","SRR5967733","SAMN07552375","SRX3124856"
"KTN132","2cell","KTN1322cell129","SRR5967738","SAMN07552605","SRX3124851"
"KTN132","2cell","KTN1322cell132","SRR5967745","SAMN07552608","SRX3124844"
"KTN132","0cell","KTN1320cell183","SRR5967751","SAMN07552442","SRX3124838"
"KTN132","2cell","KTN1322cell30","SRR5967756","SAMN07552506","SRX3124833"
"KTN132","2cell","KTN1322cell33","SRR5967765","SAMN07552509","SRX3124824"
"KTN132","0cell","KTN1320cell55","SRR5967770","SAMN07552314","SRX3124819"
"KTN132","0cell","KTN1320cell54","SRR5967773","SAMN07552313","SRX3124816"
"KTN132","2cell","KTN1322cell203","SRR5967776","SAMN07552679","SRX3124813"
"KTN132","2cell","KTN1322cell201","SRR5967782","SAMN07552677","SRX3124807"
"KTN132","2cell","KTN1322cell198","SRR5967785","SAMN07552674","SRX3124804"
"KTN132","2cell","KTN1322cell268","SRR5967787","SAMN07552744","SRX3124802"
"KTN132","2cell","KTN1322cell269","SRR5967788","SAMN07552745","SRX3124801"
"KTN132","2cell","KTN1322cell271","SRR5967790","SAMN07552747","SRX3124799"
"KTN132","2cell","KTN1322cell265","SRR5967792","SAMN07552741","SRX3124797"
"KTN132","0cell","KTN1320cell14","SRR5967813","SAMN07552273","SRX3125276"
"KTN132","0cell","KTN1320cell18","SRR5967817","SAMN07552277","SRX3125272"
"KTN132","0cell","KTN1320cell19","SRR5967820","SAMN07552278","SRX3125269"
"KTN132","2cell","KTN1322cell116","SRR5967828","SAMN07552592","SRX3125261"
"KTN132","2cell","KTN1322cell115","SRR5967831","SAMN07552591","SRX3125258"
"KTN132","0cell","KTN1320cell67","SRR5967833","SAMN07552326","SRX3125256"
"KTN132","0cell","KTN1320cell64","SRR5967836","SAMN07552323","SRX3125253"
"KTN132","2cell","KTN1322cell257","SRR5967852","SAMN07552733","SRX3125237"
"KTN132","0cell","KTN1320cell101","SRR5967865","SAMN07552360","SRX3125224"
"KTN132","0cell","KTN1320cell106","SRR5967868","SAMN07552365","SRX3125221"
"KTN132","0cell","KTN1320cell105","SRR5967869","SAMN07552364","SRX3125220"
"KTN132","2cell","KTN1322cell155","SRR5967879","SAMN07552631","SRX3125210"
"KTN132","0cell","KTN1320cell171","SRR5967890","SAMN07552430","SRX3125199"
"KTN132","0cell","KTN1320cell174","SRR5967893","SAMN07552433","SRX3125196"
"KTN132","0cell","KTN1320cell179","SRR5967894","SAMN07552438","SRX3125195"
"KTN132","2cell","KTN1322cell41","SRR5967898","SAMN07552517","SRX3125191"
"KTN132","2cell","KTN1322cell35","SRR5967900","SAMN07552511","SRX3125189"
"KTN132","2cell","KTN1322cell37","SRR5967902","SAMN07552513","SRX3125187"
"KTN132","2cell","KTN1322cell180","SRR5967906","SAMN07552656","SRX3125183"
"KTN132","2cell","KTN1322cell43","SRR5967908","SAMN07552519","SRX3125181"
"KTN132","0cell","KTN1320cell25","SRR5967921","SAMN07552284","SRX3125168"
"KTN132","2cell","KTN1322cell207","SRR5967927","SAMN07552683","SRX3125162"
"KTN132","2cell","KTN1322cell205","SRR5967929","SAMN07552681","SRX3125160"
"KTN132","2cell","KTN1322cell282","SRR5967941","SAMN07552758","SRX3125148"
"KTN132","0cell","KTN1320cell134","SRR5967947","SAMN07552393","SRX3125142"
"KTN132","2cell","KTN1322cell68","SRR5967958","SAMN07552544","SRX3125131"
"KTN152","OPcell","KTN152OPcell56","SRR5959036","SAMN07543892","SRX3117596"
"KTN152","OPcell","KTN152OPcell144","SRR5959039","SAMN07543980","SRX3117593"
"KTN152","OPcell","KTN152OPcell150","SRR5959045","SAMN07543986","SRX3117587"
"KTN152","OPcell","KTN152OPcell393","SRR5959049","SAMN07544229","SRX3117583"
"KTN152","OPcell","KTN152OPcell394","SRR5959050","SAMN07544230","SRX3117582"
"KTN152","OPcell","KTN152OPcell396","SRR5959052","SAMN07544232","SRX3117580"
"KTN152","OPcell","KTN152OPcell411","SRR5959060","SAMN07544247","SRX3117572"
"KTN152","OPcell","KTN152OPcell404","SRR5959065","SAMN07544240","SRX3117567"
"KTN152","OPcell","KTN152OPcell403","SRR5959066","SAMN07544239","SRX3117566"
"KTN152","OPcell","KTN152OPcell228","SRR5959072","SAMN07544064","SRX3117560"
"KTN152","OPcell","KTN152OPcell297","SRR5959086","SAMN07544133","SRX3117546"
"KTN152","OPcell","KTN152OPcell299","SRR5959088","SAMN07544135","SRX3117544"
"KTN152","OPcell","KTN152OPcell96","SRR5959090","SAMN07543932","SRX3117542"
"KTN152","OPcell","KTN152OPcell98","SRR5959096","SAMN07543934","SRX3117536"
"KTN152","OPcell","KTN152OPcell203","SRR5959108","SAMN07544039","SRX3117524"
"KTN152","OPcell","KTN152OPcell137","SRR5959115","SAMN07543973","SRX3117517"
"KTN152","OPcell","KTN152OPcell344","SRR5959129","SAMN07544180","SRX3117503"
"KTN152","OPcell","KTN152OPcell349","SRR5959132","SAMN07544185","SRX3117500"
"KTN152","OPcell","KTN152OPcell118","SRR5959143","SAMN07543954","SRX3117489"
"KTN152","OPcell","KTN152OPcell170","SRR5959154","SAMN07544006","SRX3117478"
"KTN152","OPcell","KTN152OPcell68","SRR5959168","SAMN07543904","SRX3117464"
"KTN152","OPcell","KTN152OPcell235","SRR5959173","SAMN07544071","SRX3117459"
"KTN152","OPcell","KTN152OPcell385","SRR5959193","SAMN07544221","SRX3117439"
"KTN152","OPcell","KTN152OPcell384","SRR5959194","SAMN07544220","SRX3117438"
"KTN152","OPcell","KTN152OPcell383","SRR5959195","SAMN07544219","SRX3117437"
"KTN152","OPcell","KTN152OPcell34","SRR5959199","SAMN07543870","SRX3117433"
"KTN152","OPcell","KTN152OPcell35","SRR5959200","SAMN07543871","SRX3117432"
"KTN152","OPcell","KTN152OPcell42","SRR5959207","SAMN07543878","SRX3117425"
"KTN152","OPcell","KTN152OPcell132","SRR5959217","SAMN07543968","SRX3117415"
"KTN152","OPcell","KTN152OPcell131","SRR5959218","SAMN07543967","SRX3117414"
"KTN152","OPcell","KTN152OPcell339","SRR5959219","SAMN07544175","SRX3117413"
"KTN152","OPcell","KTN152OPcell32","SRR5959238","SAMN07543868","SRX3117394"
"KTN152","OPcell","KTN152OPcell280","SRR5959241","SAMN07544116","SRX3117391"
"KTN152","OPcell","KTN152OPcell278","SRR5959243","SAMN07544114","SRX3117389"
"KTN152","OPcell","KTN152OPcell312","SRR5959252","SAMN07544148","SRX3117380"
"KTN152","OPcell","KTN152OPcell77","SRR5959253","SAMN07543913","SRX3117379"
"KTN152","OPcell","KTN152OPcell78","SRR5959254","SAMN07543914","SRX3117378"
"KTN152","OPcell","KTN152OPcell80","SRR5959256","SAMN07543916","SRX3117376"
"KTN152","OPcell","KTN152OPcell73","SRR5959257","SAMN07543909","SRX3117375"
"KTN152","OPcell","KTN152OPcell196","SRR5959271","SAMN07544032","SRX3117361"
"KTN152","OPcell","KTN152OPcell247","SRR5959276","SAMN07544083","SRX3117356"
"KTN152","OPcell","KTN152OPcell248","SRR5959277","SAMN07544084","SRX3117355"
"KTN152","OPcell","KTN152OPcell244","SRR5959281","SAMN07544080","SRX3117351"
"KTN152","OPcell","KTN152OPcell315","SRR5959285","SAMN07544151","SRX3117347"
"KTN152","OPcell","KTN152OPcell50","SRR5959304","SAMN07543886","SRX3117328"
"KTN152","OPcell","KTN152OPcell156","SRR5959311","SAMN07543992","SRX3117321"
"KTN152","OPcell","KTN152OPcell153","SRR5959312","SAMN07543989","SRX3117320"
"KTN152","OPcell","KTN152OPcell160","SRR5959315","SAMN07543996","SRX3117317"
"KTN152","OPcell","KTN152OPcell329","SRR5959323","SAMN07544165","SRX3117309"
"KTN152","OPcell","KTN152OPcell332","SRR5959328","SAMN07544168","SRX3117304"
"KTN152","OPcell","KTN152OPcell361","SRR5959331","SAMN07544197","SRX3117301"
"KTN152","OPcell","KTN152OPcell415","SRR5959333","SAMN07544251","SRX3117299"
"KTN152","OPcell","KTN152OPcell353","SRR5959336","SAMN07544189","SRX3117296"
"KTN152","OPcell","KTN152OPcell289","SRR5959344","SAMN07544125","SRX3117288"
"KTN152","OPcell","KTN152OPcell86","SRR5959350","SAMN07543922","SRX3117282"
"KTN152","OPcell","KTN152OPcell215","SRR5959360","SAMN07544051","SRX3117272"
"KTN152","OPcell","KTN152OPcell216","SRR5959361","SAMN07544052","SRX3117271"
"KTN152","OPcell","KTN152OPcell217","SRR5959362","SAMN07544053","SRX3117270"
"KTN152","OPcell","KTN152OPcell218","SRR5959363","SAMN07544054","SRX3117269"
"KTN152","OPcell","KTN152OPcell219","SRR5959364","SAMN07544055","SRX3117268"
"KTN152","OPcell","KTN152OPcell187","SRR5959371","SAMN07544023","SRX3117261"
"KTN152","OPcell","KTN152OPcell190","SRR5959372","SAMN07544026","SRX3117260"
"KTN152","OPcell","KTN152OPcell189","SRR5959373","SAMN07544025","SRX3117259"
"KTN152","OPcell","KTN152OPcell184","SRR5959374","SAMN07544020","SRX3117258"
"KTN152","OPcell","KTN152OPcell256","SRR5959384","SAMN07544092","SRX3117248"
"KTN152","OPcell","KTN152OPcell359","SRR5959388","SAMN07544195","SRX3117244"
"KTN152","OPcell","KTN152OPcell109","SRR5959395","SAMN07543945","SRX3117237"
"KTN152","OPcell","KTN152OPcell106","SRR5959398","SAMN07543942","SRX3117234"
"KTN152","OPcell","KTN152OPcell372","SRR5959399","SAMN07544208","SRX3117233"
"KTN152","OPcell","KTN152OPcell105","SRR5959401","SAMN07543941","SRX3117231"
"KTN152","OPcell","KTN152OPcell112","SRR5959402","SAMN07543948","SRX3117230"
"KTN152","OPcell","KTN152OPcell364","SRR5959404","SAMN07544200","SRX3117228"
"KTN152","OPcell","KTN152OPcell365","SRR5959407","SAMN07544201","SRX3117225"
"KTN152","OPcell","KTN152OPcell368","SRR5959408","SAMN07544204","SRX3117224"
"KTN152","OPcell","KTN152OPcell367","SRR5959409","SAMN07544203","SRX3117223"
"KTN152","OPcell","KTN152OPcell57","SRR5959426","SAMN07543893","SRX3117599"
"KTN152","0cell","KTN1520cell398","SRR5964641","SAMN07550761","SRX3122747"
"KTN152","0cell","KTN1520cell392","SRR5964643","SAMN07550755","SRX3122745"
"KTN152","0cell","KTN1520cell394","SRR5964645","SAMN07550757","SRX3122743"
"KTN152","0cell","KTN1520cell72","SRR5964651","SAMN07550435","SRX3122737"
"KTN152","0cell","KTN1520cell78","SRR5964653","SAMN07550441","SRX3122735"
"KTN152","0cell","KTN1520cell77","SRR5964654","SAMN07550440","SRX3122734"
"KTN152","0cell","KTN1520cell85","SRR5964663","SAMN07550448","SRX3122725"
"KTN152","0cell","KTN1520cell81","SRR5964667","SAMN07550444","SRX3122721"
"KTN152","0cell","KTN1520cell297","SRR5964678","SAMN07550660","SRX3122710"
"KTN152","0cell","KTN1520cell298","SRR5964679","SAMN07550661","SRX3122709"
"KTN152","0cell","KTN1520cell114","SRR5964680","SAMN07550477","SRX3122708"
"KTN152","0cell","KTN1520cell115","SRR5964687","SAMN07550478","SRX3122701"
"KTN152","0cell","KTN1520cell340","SRR5964692","SAMN07550703","SRX3122696"
"KTN152","0cell","KTN1520cell331","SRR5964697","SAMN07550694","SRX3122691"
"KTN152","0cell","KTN1520cell210","SRR5964703","SAMN07550573","SRX3122685"
"KTN152","0cell","KTN1520cell203","SRR5964710","SAMN07550566","SRX3122678"
"KTN152","0cell","KTN1520cell29","SRR5964716","SAMN07550392","SRX3122672"
"KTN152","0cell","KTN1520cell30","SRR5964717","SAMN07550393","SRX3122671"
"KTN152","0cell","KTN1520cell24","SRR5964722","SAMN07550387","SRX3122666"
"KTN152","0cell","KTN1520cell25","SRR5964723","SAMN07550388","SRX3122665"
"KTN152","0cell","KTN1520cell26","SRR5964724","SAMN07550389","SRX3122664"
"KTN152","0cell","KTN1520cell27","SRR5964725","SAMN07550390","SRX3122663"
"KTN152","OPcell","KTN152OPcell20","SRR5964737","SAMN07550861","SRX3122651"
"KTN152","OPcell","KTN152OPcell22","SRR5964742","SAMN07550863","SRX3122646"
"KTN152","0cell","KTN1520cell158","SRR5964746","SAMN07550521","SRX3122642"
"KTN152","0cell","KTN1520cell152","SRR5964752","SAMN07550515","SRX3122636"
"KTN152","0cell","KTN1520cell402","SRR5964754","SAMN07550765","SRX3122634"
"KTN152","0cell","KTN1520cell271","SRR5964768","SAMN07550634","SRX3122620"
"KTN152","0cell","KTN1520cell279","SRR5964772","SAMN07550642","SRX3122616"
"KTN152","0cell","KTN1520cell66","SRR5964789","SAMN07550429","SRX3122599"
"KTN152","0cell","KTN1520cell379","SRR5964799","SAMN07550742","SRX3122589"
"KTN152","0cell","KTN1520cell375","SRR5964803","SAMN07550738","SRX3122585"
"KTN152","0cell","KTN1520cell374","SRR5964804","SAMN07550737","SRX3122584"
"KTN152","0cell","KTN1520cell443","SRR5964812","SAMN07550806","SRX3122576"
"KTN152","0cell","KTN1520cell287","SRR5964816","SAMN07550650","SRX3122572"
"KTN152","0cell","KTN1520cell284","SRR5964819","SAMN07550647","SRX3122569"
"KTN152","0cell","KTN1520cell128","SRR5964824","SAMN07550491","SRX3122564"
"KTN152","0cell","KTN1520cell3","SRR5964828","SAMN07550366","SRX3122560"
"KTN152","0cell","KTN1520cell310","SRR5964850","SAMN07550673","SRX3122538"
"KTN152","0cell","KTN1520cell231","SRR5964855","SAMN07550594","SRX3122533"
"KTN152","0cell","KTN1520cell17","SRR5964864","SAMN07550380","SRX3122524"
"KTN152","0cell","KTN1520cell12","SRR5964865","SAMN07550375","SRX3122523"
"KTN152","0cell","KTN1520cell11","SRR5964866","SAMN07550374","SRX3122522"
"KTN152","0cell","KTN1520cell7","SRR5964874","SAMN07550370","SRX3122514"
"KTN152","0cell","KTN1520cell6","SRR5964875","SAMN07550369","SRX3122513"
"KTN152","OPcell","KTN152OPcell3","SRR5964879","SAMN07550844","SRX3122509"
"KTN152","OPcell","KTN152OPcell5","SRR5964881","SAMN07550846","SRX3122507"
"KTN152","OPcell","KTN152OPcell8","SRR5964882","SAMN07550849","SRX3122506"
"KTN152","0cell","KTN1520cell168","SRR5964896","SAMN07550531","SRX3122492"
"KTN152","0cell","KTN1520cell165","SRR5964897","SAMN07550528","SRX3122491"
"KTN152","0cell","KTN1520cell169","SRR5964899","SAMN07550532","SRX3122489"
"KTN152","0cell","KTN1520cell266","SRR5964901","SAMN07550629","SRX3122487"
"KTN152","OPcell","KTN152OPcell152","SRR5959047","SAMN07543988","SRX3117585"
"KTN152","OPcell","KTN152OPcell395","SRR5959051","SAMN07544231","SRX3117581"
"KTN152","OPcell","KTN152OPcell397","SRR5959053","SAMN07544233","SRX3117579"
"KTN152","OPcell","KTN152OPcell400","SRR5959056","SAMN07544236","SRX3117576"
"KTN152","OPcell","KTN152OPcell408","SRR5959061","SAMN07544244","SRX3117571"
"KTN152","OPcell","KTN152OPcell410","SRR5959063","SAMN07544246","SRX3117569"
"KTN152","OPcell","KTN152OPcell406","SRR5959067","SAMN07544242","SRX3117565"
"KTN152","OPcell","KTN152OPcell405","SRR5959068","SAMN07544241","SRX3117564"
"KTN152","OPcell","KTN152OPcell227","SRR5959071","SAMN07544063","SRX3117561"
"KTN152","OPcell","KTN152OPcell226","SRR5959078","SAMN07544062","SRX3117554"
"KTN152","OPcell","KTN152OPcell100","SRR5959094","SAMN07543936","SRX3117538"
"KTN152","OPcell","KTN152OPcell101","SRR5959097","SAMN07543937","SRX3117535"
"KTN152","OPcell","KTN152OPcell209","SRR5959102","SAMN07544045","SRX3117530"
"KTN152","OPcell","KTN152OPcell204","SRR5959107","SAMN07544040","SRX3117525"
"KTN152","OPcell","KTN152OPcell136","SRR5959114","SAMN07543972","SRX3117518"
"KTN152","OPcell","KTN152OPcell139","SRR5959117","SAMN07543975","SRX3117515"
"KTN152","OPcell","KTN152OPcell264","SRR5959120","SAMN07544100","SRX3117512"
"KTN152","OPcell","KTN152OPcell351","SRR5959122","SAMN07544187","SRX3117510"
"KTN152","OPcell","KTN152OPcell270","SRR5959126","SAMN07544106","SRX3117506"
"KTN152","OPcell","KTN152OPcell122","SRR5959136","SAMN07543958","SRX3117496"
"KTN152","OPcell","KTN152OPcell115","SRR5959140","SAMN07543951","SRX3117492"
"KTN152","OPcell","KTN152OPcell104","SRR5959146","SAMN07543940","SRX3117486"
"KTN152","OPcell","KTN152OPcell321","SRR5959148","SAMN07544157","SRX3117484"
"KTN152","OPcell","KTN152OPcell164","SRR5959152","SAMN07544000","SRX3117480"
"KTN152","OPcell","KTN152OPcell163","SRR5959153","SAMN07543999","SRX3117479"
"KTN152","OPcell","KTN152OPcell167","SRR5959157","SAMN07544003","SRX3117475"
"KTN152","OPcell","KTN152OPcell66","SRR5959162","SAMN07543902","SRX3117470"
"KTN152","OPcell","KTN152OPcell64","SRR5959164","SAMN07543900","SRX3117468"
"KTN152","OPcell","KTN152OPcell70","SRR5959166","SAMN07543906","SRX3117466"
"KTN152","OPcell","KTN152OPcell241","SRR5959171","SAMN07544077","SRX3117461"
"KTN152","OPcell","KTN152OPcell234","SRR5959174","SAMN07544070","SRX3117458"
"KTN152","OPcell","KTN152OPcell233","SRR5959175","SAMN07544069","SRX3117457"
"KTN152","OPcell","KTN152OPcell310","SRR5959183","SAMN07544146","SRX3117449"
"KTN152","OPcell","KTN152OPcell303","SRR5959184","SAMN07544139","SRX3117448"
"KTN152","OPcell","KTN152OPcell304","SRR5959185","SAMN07544140","SRX3117447"
"KTN152","OPcell","KTN152OPcell306","SRR5959187","SAMN07544142","SRX3117445"
"KTN152","OPcell","KTN152OPcell390","SRR5959188","SAMN07544226","SRX3117444"
"KTN152","OPcell","KTN152OPcell36","SRR5959201","SAMN07543872","SRX3117431"
"KTN152","OPcell","KTN152OPcell38","SRR5959203","SAMN07543874","SRX3117429"
"KTN152","OPcell","KTN152OPcell127","SRR5959211","SAMN07543963","SRX3117421"
"KTN152","OPcell","KTN152OPcell126","SRR5959212","SAMN07543962","SRX3117420"
"KTN152","OPcell","KTN152OPcell333","SRR5959225","SAMN07544169","SRX3117407"
"KTN152","OPcell","KTN152OPcell334","SRR5959226","SAMN07544170","SRX3117406"
"KTN152","OPcell","KTN152OPcell342","SRR5959228","SAMN07544178","SRX3117404"
"KTN152","OPcell","KTN152OPcell26","SRR5959236","SAMN07543862","SRX3117396"
"KTN152","OPcell","KTN152OPcell279","SRR5959242","SAMN07544115","SRX3117390"
"KTN152","OPcell","KTN152OPcell275","SRR5959246","SAMN07544111","SRX3117386"
"KTN152","OPcell","KTN152OPcell74","SRR5959258","SAMN07543910","SRX3117374"
"KTN152","OPcell","KTN152OPcell76","SRR5959260","SAMN07543912","SRX3117372"
"KTN152","OPcell","KTN152OPcell201","SRR5959264","SAMN07544037","SRX3117368"
"KTN152","OPcell","KTN152OPcell197","SRR5959268","SAMN07544033","SRX3117364"
"KTN152","OPcell","KTN152OPcell243","SRR5959280","SAMN07544079","SRX3117352"
"KTN152","OPcell","KTN152OPcell251","SRR5959282","SAMN07544087","SRX3117350"
"KTN152","OPcell","KTN152OPcell314","SRR5959286","SAMN07544150","SRX3117346"
"KTN152","OPcell","KTN152OPcell377","SRR5959298","SAMN07544213","SRX3117334"
"KTN152","OPcell","KTN152OPcell52","SRR5959300","SAMN07543888","SRX3117332"
"KTN152","OPcell","KTN152OPcell51","SRR5959301","SAMN07543887","SRX3117331"
"KTN152","OPcell","KTN152OPcell48","SRR5959302","SAMN07543884","SRX3117330"
"KTN152","OPcell","KTN152OPcell47","SRR5959303","SAMN07543883","SRX3117329"
"KTN152","OPcell","KTN152OPcell43","SRR5959307","SAMN07543879","SRX3117325"
"KTN152","OPcell","KTN152OPcell154","SRR5959313","SAMN07543990","SRX3117319"
"KTN152","OPcell","KTN152OPcell159","SRR5959314","SAMN07543995","SRX3117318"
"KTN152","OPcell","KTN152OPcell161","SRR5959318","SAMN07543997","SRX3117314"
"KTN152","OPcell","KTN152OPcell162","SRR5959319","SAMN07543998","SRX3117313"
"KTN152","OPcell","KTN152OPcell323","SRR5959325","SAMN07544159","SRX3117307"
"KTN152","OPcell","KTN152OPcell326","SRR5959326","SAMN07544162","SRX3117306"
"KTN152","OPcell","KTN152OPcell331","SRR5959329","SAMN07544167","SRX3117303"
"KTN152","OPcell","KTN152OPcell413","SRR5959334","SAMN07544249","SRX3117298"
"KTN152","OPcell","KTN152OPcell285","SRR5959340","SAMN07544121","SRX3117292"
"KTN152","OPcell","KTN152OPcell283","SRR5959342","SAMN07544119","SRX3117290"
"KTN152","OPcell","KTN152OPcell288","SRR5959347","SAMN07544124","SRX3117285"
"KTN152","OPcell","KTN152OPcell85","SRR5959351","SAMN07543921","SRX3117281"
"KTN152","OPcell","KTN152OPcell88","SRR5959352","SAMN07543924","SRX3117280"
"KTN152","OPcell","KTN152OPcell213","SRR5959358","SAMN07544049","SRX3117274"
"KTN152","OPcell","KTN152OPcell191","SRR5959369","SAMN07544027","SRX3117263"
"KTN152","OPcell","KTN152OPcell188","SRR5959370","SAMN07544024","SRX3117262"
"KTN152","OPcell","KTN152OPcell186","SRR5959376","SAMN07544022","SRX3117256"
"KTN152","OPcell","KTN152OPcell262","SRR5959390","SAMN07544098","SRX3117242"
"KTN152","OPcell","KTN152OPcell110","SRR5959394","SAMN07543946","SRX3117238"
"KTN152","OPcell","KTN152OPcell370","SRR5959410","SAMN07544206","SRX3117222"
"KTN152","OPcell","KTN152OPcell178","SRR5959413","SAMN07544014","SRX3117612"
"KTN152","OPcell","KTN152OPcell174","SRR5959417","SAMN07544010","SRX3117608"
"KTN152","0cell","KTN1520cell265","SRR5964902","SAMN07550628","SRX3122486"
"KTN152","0cell","KTN1520cell268","SRR5964903","SAMN07550631","SRX3122485"
"KTN152","0cell","KTN1520cell264","SRR5964907","SAMN07550627","SRX3122481"
"KTN152","0cell","KTN1520cell185","SRR5964909","SAMN07550548","SRX3122479"
"KTN152","0cell","KTN1520cell187","SRR5964911","SAMN07550550","SRX3122477"
"KTN152","0cell","KTN1520cell407","SRR5964918","SAMN07550770","SRX3122470"
"KTN152","0cell","KTN1520cell464","SRR5964922","SAMN07550827","SRX3122466"
"KTN152","0cell","KTN1520cell60","SRR5964930","SAMN07550423","SRX3122458"
"KTN152","0cell","KTN1520cell458","SRR5964940","SAMN07550821","SRX3122448"
"KTN152","0cell","KTN1520cell343","SRR5964944","SAMN07550706","SRX3122444"
"KTN152","0cell","KTN1520cell344","SRR5964945","SAMN07550707","SRX3122443"
"KTN152","0cell","KTN1520cell347","SRR5964948","SAMN07550710","SRX3122440"
"KTN152","0cell","KTN1520cell348","SRR5964949","SAMN07550711","SRX3122439"
"KTN152","0cell","KTN1520cell422","SRR5964954","SAMN07550785","SRX3122434"
"KTN152","0cell","KTN1520cell134","SRR5964970","SAMN07550497","SRX3122418"
"KTN152","0cell","KTN1520cell318","SRR5964974","SAMN07550681","SRX3122414"
"KTN152","0cell","KTN1520cell311","SRR5964977","SAMN07550674","SRX3122411"
"KTN152","0cell","KTN1520cell314","SRR5964978","SAMN07550677","SRX3122410"
"KTN152","0cell","KTN1520cell258","SRR5964983","SAMN07550621","SRX3122405"
"KTN152","0cell","KTN1520cell320","SRR5964984","SAMN07550683","SRX3122404"
"KTN152","0cell","KTN1520cell319","SRR5964985","SAMN07550682","SRX3122403"
"KTN152","0cell","KTN1520cell389","SRR5964988","SAMN07550752","SRX3122400"
"KTN152","0cell","KTN1520cell390","SRR5964989","SAMN07550753","SRX3122399"
"KTN152","0cell","KTN1520cell388","SRR5964991","SAMN07550751","SRX3122397"
"KTN152","0cell","KTN1520cell221","SRR5965001","SAMN07550584","SRX3122387"
"KTN152","0cell","KTN1520cell223","SRR5965003","SAMN07550586","SRX3122385"
"KTN152","0cell","KTN1520cell227","SRR5965007","SAMN07550590","SRX3122381"
"KTN152","0cell","KTN1520cell92","SRR5965014","SAMN07550455","SRX3122374"
"KTN152","0cell","KTN1520cell171","SRR5965020","SAMN07550534","SRX3122868"
"KTN152","0cell","KTN1520cell178","SRR5965025","SAMN07550541","SRX3122863"
"KTN152","0cell","KTN1520cell448","SRR5965030","SAMN07550811","SRX3122858"
"KTN152","0cell","KTN1520cell447","SRR5965031","SAMN07550810","SRX3122857"
"KTN152","0cell","KTN1520cell68","SRR5965032","SAMN07550431","SRX3122856"
"KTN152","0cell","KTN1520cell211","SRR5965034","SAMN07550574","SRX3122854"
"KTN152","0cell","KTN1520cell217","SRR5965040","SAMN07550580","SRX3122848"
"KTN152","0cell","KTN1520cell192","SRR5965044","SAMN07550555","SRX3122844"
"KTN152","0cell","KTN1520cell198","SRR5965046","SAMN07550561","SRX3122842"
"KTN152","0cell","KTN1520cell107","SRR5965052","SAMN07550470","SRX3122836"
"KTN152","0cell","KTN1520cell108","SRR5965053","SAMN07550471","SRX3122835"
"KTN152","0cell","KTN1520cell102","SRR5965055","SAMN07550465","SRX3122833"
"KTN152","0cell","KTN1520cell411","SRR5965063","SAMN07550774","SRX3122825"
"KTN152","0cell","KTN1520cell49","SRR5965064","SAMN07550412","SRX3122824"
"KTN152","0cell","KTN1520cell50","SRR5965065","SAMN07550413","SRX3122823"
"KTN152","0cell","KTN1520cell412","SRR5965068","SAMN07550775","SRX3122820"
"KTN152","0cell","KTN1520cell418","SRR5965077","SAMN07550781","SRX3122811"
"KTN152","0cell","KTN1520cell354","SRR5965085","SAMN07550717","SRX3122803"
"KTN152","0cell","KTN1520cell40","SRR5965091","SAMN07550403","SRX3122797"
"KTN152","0cell","KTN1520cell150","SRR5965106","SAMN07550513","SRX3122782"
"KTN152","0cell","KTN1520cell141","SRR5965109","SAMN07550504","SRX3122779"
"KTN152","0cell","KTN1520cell143","SRR5965111","SAMN07550506","SRX3122777"
"KTN152","OPcell","KTN152OPcell6","SRR5965117","SAMN07550847","SRX3122771"
"KTN152","0cell","KTN1520cell368","SRR5965125","SAMN07550731","SRX3122763"
"KTN152","0cell","KTN1520cell243","SRR5965127","SAMN07550606","SRX3122761"
"KTN152","0cell","KTN1520cell248","SRR5965130","SAMN07550611","SRX3122758"
"KTN152","0cell","KTN1520cell247","SRR5965131","SAMN07550610","SRX3122757"
"KTN152","OPcell","KTN152OPcell12","SRR5965135","SAMN07550853","SRX3122753"
"KTN152","0cell","KTN1520cell199","SRR5965136","SAMN07550562","SRX3122752"
"KTN152","0cell","KTN1520cell395","SRR5965140","SAMN07550758","SRX3122748"
"KTN152","0cell","KTN1520cell391","SRR5964644","SAMN07550754","SRX3122744"
"KTN152","0cell","KTN1520cell71","SRR5964652","SAMN07550434","SRX3122736"
"KTN152","0cell","KTN1520cell79","SRR5964658","SAMN07550442","SRX3122730"
"KTN152","0cell","KTN1520cell90","SRR5964660","SAMN07550453","SRX3122728"
"KTN152","0cell","KTN1520cell88","SRR5964662","SAMN07550451","SRX3122726"
"KTN152","0cell","KTN1520cell293","SRR5964674","SAMN07550656","SRX3122714"
"KTN152","0cell","KTN1520cell449","SRR5964691","SAMN07550812","SRX3122697"
"KTN152","0cell","KTN1520cell205","SRR5964708","SAMN07550568","SRX3122680"
"KTN152","0cell","KTN1520cell424","SRR5964715","SAMN07550787","SRX3122673"
"KTN152","0cell","KTN1520cell21","SRR5964719","SAMN07550384","SRX3122669"
"KTN152","OPcell","KTN152OPcell15","SRR5964732","SAMN07550856","SRX3122656"
"KTN152","OPcell","KTN152OPcell14","SRR5964735","SAMN07550855","SRX3122653"
"KTN152","0cell","KTN1520cell45","SRR5964740","SAMN07550408","SRX3122648"
"KTN152","0cell","KTN1520cell156","SRR5964748","SAMN07550519","SRX3122640"
"KTN152","0cell","KTN1520cell154","SRR5964750","SAMN07550517","SRX3122638"
"KTN152","0cell","KTN1520cell153","SRR5964751","SAMN07550516","SRX3122637"
"KTN152","0cell","KTN1520cell404","SRR5964756","SAMN07550767","SRX3122632"
"KTN152","0cell","KTN1520cell159","SRR5964761","SAMN07550522","SRX3122627"
"KTN152","0cell","KTN1520cell275","SRR5964764","SAMN07550638","SRX3122624"
"KTN152","0cell","KTN1520cell276","SRR5964765","SAMN07550639","SRX3122623"
"KTN152","0cell","KTN1520cell272","SRR5964769","SAMN07550635","SRX3122619"
"KTN152","0cell","KTN1520cell280","SRR5964773","SAMN07550643","SRX3122615"
"KTN152","OPcell","KTN152OPcell1","SRR5964776","SAMN07550842","SRX3122612"
"KTN152","0cell","KTN1520cell475","SRR5964778","SAMN07550838","SRX3122610"
"KTN152","0cell","KTN1520cell478","SRR5964781","SAMN07550841","SRX3122607"
"KTN152","0cell","KTN1520cell63","SRR5964794","SAMN07550426","SRX3122594"
"KTN152","0cell","KTN1520cell377","SRR5964801","SAMN07550740","SRX3122587"
"KTN152","0cell","KTN1520cell441","SRR5964810","SAMN07550804","SRX3122578"
"KTN152","0cell","KTN1520cell444","SRR5964811","SAMN07550807","SRX3122577"
"KTN152","0cell","KTN1520cell289","SRR5964814","SAMN07550652","SRX3122574"
"KTN152","0cell","KTN1520cell288","SRR5964815","SAMN07550651","SRX3122573"
"KTN152","0cell","KTN1520cell282","SRR5964821","SAMN07550645","SRX3122567"
"KTN152","0cell","KTN1520cell125","SRR5964825","SAMN07550488","SRX3122563"
"KTN152","0cell","KTN1520cell121","SRR5964829","SAMN07550484","SRX3122559"
"KTN152","0cell","KTN1520cell432","SRR5964832","SAMN07550795","SRX3122556"
"KTN152","0cell","KTN1520cell433","SRR5964833","SAMN07550796","SRX3122555"
"KTN152","0cell","KTN1520cell436","SRR5964836","SAMN07550799","SRX3122552"
"KTN152","0cell","KTN1520cell440","SRR5964840","SAMN07550803","SRX3122548"
"KTN152","0cell","KTN1520cell305","SRR5964843","SAMN07550668","SRX3122545"
"KTN152","0cell","KTN1520cell306","SRR5964844","SAMN07550669","SRX3122544"
"KTN152","0cell","KTN1520cell301","SRR5964847","SAMN07550664","SRX3122541"
"KTN152","0cell","KTN1520cell302","SRR5964848","SAMN07550665","SRX3122540"
"KTN152","0cell","KTN1520cell240","SRR5964852","SAMN07550603","SRX3122536"
"KTN152","0cell","KTN1520cell236","SRR5964860","SAMN07550599","SRX3122528"
"KTN152","0cell","KTN1520cell18","SRR5964863","SAMN07550381","SRX3122525"
"KTN152","0cell","KTN1520cell14","SRR5964867","SAMN07550377","SRX3122521"
"KTN152","0cell","KTN1520cell129","SRR5964871","SAMN07550492","SRX3122517"
"KTN152","0cell","KTN1520cell124","SRR5964880","SAMN07550487","SRX3122508"
"KTN152","OPcell","KTN152OPcell10","SRR5964884","SAMN07550851","SRX3122504"
"KTN152","OPcell","KTN152OPcell9","SRR5964885","SAMN07550850","SRX3122503"
"KTN152","0cell","KTN1520cell2","SRR5964886","SAMN07550365","SRX3122502"
"KTN152","0cell","KTN1520cell161","SRR5964893","SAMN07550524","SRX3122495"
"KTN152","0cell","KTN1520cell263","SRR5964908","SAMN07550626","SRX3122480"
"KTN152","0cell","KTN1520cell183","SRR5964915","SAMN07550546","SRX3122473"
"KTN152","0cell","KTN1520cell184","SRR5964916","SAMN07550547","SRX3122472"
"KTN152","0cell","KTN1520cell469","SRR5964921","SAMN07550832","SRX3122467"
"KTN152","0cell","KTN1520cell461","SRR5964925","SAMN07550824","SRX3122463"
"KTN152","0cell","KTN1520cell468","SRR5964926","SAMN07550831","SRX3122462"
"KTN152","0cell","KTN1520cell467","SRR5964927","SAMN07550830","SRX3122461"
"KTN152","0cell","KTN1520cell465","SRR5964929","SAMN07550828","SRX3122459"
"KTN152","0cell","KTN1520cell52","SRR5964932","SAMN07550415","SRX3122456"
"KTN152","0cell","KTN1520cell55","SRR5964937","SAMN07550418","SRX3122451"
"KTN152","0cell","KTN1520cell58","SRR5964938","SAMN07550421","SRX3122450"
"KTN152","0cell","KTN1520cell341","SRR5964946","SAMN07550704","SRX3122442"
"KTN152","0cell","KTN1520cell456","SRR5964952","SAMN07550819","SRX3122436"
"KTN152","0cell","KTN1520cell140","SRR5964960","SAMN07550503","SRX3122428"
"KTN152","0cell","KTN1520cell136","SRR5964964","SAMN07550499","SRX3122424"
"KTN152","0cell","KTN1520cell135","SRR5964965","SAMN07550498","SRX3122423"
"KTN152","0cell","KTN1520cell131","SRR5964969","SAMN07550494","SRX3122419"
"KTN152","0cell","KTN1520cell316","SRR5964972","SAMN07550679","SRX3122416"
"KTN152","0cell","KTN1520cell257","SRR5964982","SAMN07550620","SRX3122406"
"KTN152","0cell","KTN1520cell385","SRR5964992","SAMN07550748","SRX3122396"
"KTN152","0cell","KTN1520cell386","SRR5964993","SAMN07550749","SRX3122395"
"KTN152","0cell","KTN1520cell383","SRR5964994","SAMN07550746","SRX3122394"
"KTN152","0cell","KTN1520cell222","SRR5965000","SAMN07550585","SRX3122388"
"KTN152","0cell","KTN1520cell224","SRR5965002","SAMN07550587","SRX3122386"
"KTN152","0cell","KTN1520cell228","SRR5965006","SAMN07550591","SRX3122382"
"KTN152","0cell","KTN1520cell96","SRR5965010","SAMN07550459","SRX3122378"
"KTN152","0cell","KTN1520cell98","SRR5965012","SAMN07550461","SRX3122376"
"KTN152","0cell","KTN1520cell260","SRR5965018","SAMN07550623","SRX3122370"
"KTN152","0cell","KTN1520cell177","SRR5965026","SAMN07550540","SRX3122862"
"KTN152","0cell","KTN1520cell213","SRR5965036","SAMN07550576","SRX3122852"
"KTN152","0cell","KTN1520cell106","SRR5965051","SAMN07550469","SRX3122837"
"KTN152","0cell","KTN1520cell101","SRR5965054","SAMN07550464","SRX3122834"
"KTN152","0cell","KTN1520cell104","SRR5965057","SAMN07550467","SRX3122831"
"KTN152","0cell","KTN1520cell109","SRR5965059","SAMN07550472","SRX3122829"
"KTN152","0cell","KTN1520cell329","SRR5965066","SAMN07550692","SRX3122822"
"KTN152","0cell","KTN1520cell330","SRR5965067","SAMN07550693","SRX3122821"
"KTN152","0cell","KTN1520cell327","SRR5965071","SAMN07550690","SRX3122817"
"KTN152","0cell","KTN1520cell321","SRR5965073","SAMN07550684","SRX3122815"
"KTN152","0cell","KTN1520cell322","SRR5965074","SAMN07550685","SRX3122814"
"KTN152","0cell","KTN1520cell324","SRR5965076","SAMN07550687","SRX3122812"
"KTN152","0cell","KTN1520cell415","SRR5965078","SAMN07550778","SRX3122810"
"KTN152","0cell","KTN1520cell9","SRR5965082","SAMN07550372","SRX3122806"
"KTN152","0cell","KTN1520cell353","SRR5965086","SAMN07550716","SRX3122802"
"KTN152","0cell","KTN1520cell356","SRR5965087","SAMN07550719","SRX3122801"
"KTN152","0cell","KTN1520cell357","SRR5965090","SAMN07550720","SRX3122798"
"KTN152","0cell","KTN1520cell35","SRR5965096","SAMN07550398","SRX3122792"
"KTN152","0cell","KTN1520cell32","SRR5965099","SAMN07550395","SRX3122789"
"KTN152","0cell","KTN1520cell419","SRR5965107","SAMN07550782","SRX3122781"
"KTN152","0cell","KTN1520cell142","SRR5965110","SAMN07550505","SRX3122778"
"KTN152","0cell","KTN1520cell361","SRR5965118","SAMN07550724","SRX3122770"
"KTN152","0cell","KTN1520cell362","SRR5965119","SAMN07550725","SRX3122769"
"KTN152","0cell","KTN1520cell250","SRR5965120","SAMN07550613","SRX3122768"
"KTN152","0cell","KTN1520cell366","SRR5965123","SAMN07550729","SRX3122765"
"KTN152","0cell","KTN1520cell399","SRR5965138","SAMN07550762","SRX3122750"
"KTN152","OPcell","KTN152OPcell53","SRR5959037","SAMN07543889","SRX3117595"
"KTN152","OPcell","KTN152OPcell145","SRR5959042","SAMN07543981","SRX3117590"
"KTN152","OPcell","KTN152OPcell148","SRR5959043","SAMN07543984","SRX3117589"
"KTN152","OPcell","KTN152OPcell147","SRR5959044","SAMN07543983","SRX3117588"
"KTN152","OPcell","KTN152OPcell151","SRR5959048","SAMN07543987","SRX3117584"
"KTN152","OPcell","KTN152OPcell398","SRR5959054","SAMN07544234","SRX3117578"
"KTN152","OPcell","KTN152OPcell407","SRR5959062","SAMN07544243","SRX3117570"
"KTN152","OPcell","KTN152OPcell409","SRR5959064","SAMN07544245","SRX3117568"
"KTN152","OPcell","KTN152OPcell225","SRR5959077","SAMN07544061","SRX3117555"
"KTN152","OPcell","KTN152OPcell301","SRR5959080","SAMN07544137","SRX3117552"
"KTN152","OPcell","KTN152OPcell294","SRR5959081","SAMN07544130","SRX3117551"
"KTN152","OPcell","KTN152OPcell295","SRR5959084","SAMN07544131","SRX3117548"
"KTN152","OPcell","KTN152OPcell300","SRR5959087","SAMN07544136","SRX3117545"
"KTN152","OPcell","KTN152OPcell212","SRR5959099","SAMN07544048","SRX3117533"
"KTN152","OPcell","KTN152OPcell206","SRR5959105","SAMN07544042","SRX3117527"
"KTN152","OPcell","KTN152OPcell205","SRR5959106","SAMN07544041","SRX3117526"
"KTN152","OPcell","KTN152OPcell133","SRR5959111","SAMN07543969","SRX3117521"
"KTN152","OPcell","KTN152OPcell346","SRR5959127","SAMN07544182","SRX3117505"
"KTN152","OPcell","KTN152OPcell345","SRR5959128","SAMN07544181","SRX3117504"
"KTN152","OPcell","KTN152OPcell343","SRR5959130","SAMN07544179","SRX3117502"
"KTN152","OPcell","KTN152OPcell350","SRR5959131","SAMN07544186","SRX3117501"
"KTN152","OPcell","KTN152OPcell347","SRR5959134","SAMN07544183","SRX3117498"
"KTN152","OPcell","KTN152OPcell119","SRR5959144","SAMN07543955","SRX3117488"
"KTN152","OPcell","KTN152OPcell120","SRR5959145","SAMN07543956","SRX3117487"
"KTN152","OPcell","KTN152OPcell166","SRR5959150","SAMN07544002","SRX3117482"
"KTN152","OPcell","KTN152OPcell168","SRR5959156","SAMN07544004","SRX3117476"
"KTN152","OPcell","KTN152OPcell172","SRR5959158","SAMN07544008","SRX3117474"
"KTN152","OPcell","KTN152OPcell71","SRR5959161","SAMN07543907","SRX3117471"
"KTN152","OPcell","KTN152OPcell65","SRR5959163","SAMN07543901","SRX3117469"
"KTN152","OPcell","KTN152OPcell69","SRR5959167","SAMN07543905","SRX3117465"
"KTN152","OPcell","KTN152OPcell67","SRR5959169","SAMN07543903","SRX3117463"
"KTN152","OPcell","KTN152OPcell240","SRR5959176","SAMN07544076","SRX3117456"
"KTN152","OPcell","KTN152OPcell238","SRR5959178","SAMN07544074","SRX3117454"
"KTN152","OPcell","KTN152OPcell307","SRR5959180","SAMN07544143","SRX3117452"
"KTN152","OPcell","KTN152OPcell309","SRR5959182","SAMN07544145","SRX3117450"
"KTN152","OPcell","KTN152OPcell305","SRR5959186","SAMN07544141","SRX3117446"
"KTN152","OPcell","KTN152OPcell389","SRR5959189","SAMN07544225","SRX3117443"
"KTN152","OPcell","KTN152OPcell387","SRR5959191","SAMN07544223","SRX3117441"
"KTN152","OPcell","KTN152OPcell33","SRR5959198","SAMN07543869","SRX3117434"
"KTN152","OPcell","KTN152OPcell37","SRR5959202","SAMN07543873","SRX3117430"
"KTN152","OPcell","KTN152OPcell40","SRR5959205","SAMN07543876","SRX3117427"
"KTN152","OPcell","KTN152OPcell41","SRR5959206","SAMN07543877","SRX3117426"
"KTN152","OPcell","KTN152OPcell337","SRR5959221","SAMN07544173","SRX3117411"
"KTN152","OPcell","KTN152OPcell338","SRR5959222","SAMN07544174","SRX3117410"
"KTN152","OPcell","KTN152OPcell30","SRR5959232","SAMN07543866","SRX3117400"
"KTN152","OPcell","KTN152OPcell24","SRR5959234","SAMN07543860","SRX3117398"
"KTN152","OPcell","KTN152OPcell31","SRR5959237","SAMN07543867","SRX3117395"
"KTN152","OPcell","KTN152OPcell281","SRR5959240","SAMN07544117","SRX3117392"
"KTN152","OPcell","KTN152OPcell277","SRR5959244","SAMN07544113","SRX3117388"
"KTN152","OPcell","KTN152OPcell276","SRR5959245","SAMN07544112","SRX3117387"
"KTN152","OPcell","KTN152OPcell274","SRR5959247","SAMN07544110","SRX3117385"
"KTN152","OPcell","KTN152OPcell81","SRR5959261","SAMN07543917","SRX3117371"
"KTN152","OPcell","KTN152OPcell200","SRR5959267","SAMN07544036","SRX3117365"
"KTN152","OPcell","KTN152OPcell194","SRR5959273","SAMN07544030","SRX3117359"
"KTN152","OPcell","KTN152OPcell316","SRR5959284","SAMN07544152","SRX3117348"
"KTN152","OPcell","KTN152OPcell319","SRR5959289","SAMN07544155","SRX3117343"
"KTN152","OPcell","KTN152OPcell317","SRR5959291","SAMN07544153","SRX3117341"
"KTN152","OPcell","KTN152OPcell379","SRR5959296","SAMN07544215","SRX3117336"
"KTN152","OPcell","KTN152OPcell44","SRR5959306","SAMN07543880","SRX3117326"
"KTN152","OPcell","KTN152OPcell328","SRR5959320","SAMN07544164","SRX3117312"
"KTN152","OPcell","KTN152OPcell324","SRR5959324","SAMN07544160","SRX3117308"
"KTN152","OPcell","KTN152OPcell362","SRR5959332","SAMN07544198","SRX3117300"
"KTN152","OPcell","KTN152OPcell286","SRR5959341","SAMN07544122","SRX3117291"
"KTN152","OPcell","KTN152OPcell284","SRR5959343","SAMN07544120","SRX3117289"
"KTN152","OPcell","KTN152OPcell290","SRR5959345","SAMN07544126","SRX3117287"
"KTN152","OPcell","KTN152OPcell87","SRR5959353","SAMN07543923","SRX3117279"
"KTN152","OPcell","KTN152OPcell90","SRR5959354","SAMN07543926","SRX3117278"
"KTN152","OPcell","KTN152OPcell214","SRR5959359","SAMN07544050","SRX3117273"
"KTN152","OPcell","KTN152OPcell222","SRR5959367","SAMN07544058","SRX3117265"
"KTN152","OPcell","KTN152OPcell192","SRR5959368","SAMN07544028","SRX3117264"
"KTN152","OPcell","KTN152OPcell183","SRR5959375","SAMN07544019","SRX3117257"
"KTN152","OPcell","KTN152OPcell185","SRR5959377","SAMN07544021","SRX3117255"
"KTN152","OPcell","KTN152OPcell253","SRR5959383","SAMN07544089","SRX3117249"
"KTN152","OPcell","KTN152OPcell360","SRR5959389","SAMN07544196","SRX3117243"
"KTN152","OPcell","KTN152OPcell355","SRR5959392","SAMN07544191","SRX3117240"
"KTN152","OPcell","KTN152OPcell356","SRR5959393","SAMN07544192","SRX3117239"
"KTN152","OPcell","KTN152OPcell107","SRR5959397","SAMN07543943","SRX3117235"
"KTN152","OPcell","KTN152OPcell179","SRR5959414","SAMN07544015","SRX3117611"
"KTN152","OPcell","KTN152OPcell62","SRR5959423","SAMN07543898","SRX3117602"
"KTN152","0cell","KTN1520cell393","SRR5964646","SAMN07550756","SRX3122742"
"KTN152","0cell","KTN1520cell75","SRR5964656","SAMN07550438","SRX3122732"
"KTN152","0cell","KTN1520cell87","SRR5964661","SAMN07550450","SRX3122727"
"KTN152","0cell","KTN1520cell83","SRR5964665","SAMN07550446","SRX3122723"
"KTN152","0cell","KTN1520cell292","SRR5964673","SAMN07550655","SRX3122715"
"KTN152","0cell","KTN1520cell113","SRR5964681","SAMN07550476","SRX3122707"
"KTN152","0cell","KTN1520cell118","SRR5964684","SAMN07550481","SRX3122704"
"KTN152","0cell","KTN1520cell333","SRR5964695","SAMN07550696","SRX3122693"
"KTN152","0cell","KTN1520cell332","SRR5964696","SAMN07550695","SRX3122692"
"KTN152","0cell","KTN1520cell336","SRR5964700","SAMN07550699","SRX3122688"
"KTN152","0cell","KTN1520cell208","SRR5964705","SAMN07550571","SRX3122683"
"KTN152","0cell","KTN1520cell207","SRR5964706","SAMN07550570","SRX3122682"
"KTN152","0cell","KTN1520cell206","SRR5964707","SAMN07550569","SRX3122681"
"KTN152","0cell","KTN1520cell201","SRR5964712","SAMN07550564","SRX3122676"
"KTN152","0cell","KTN1520cell23","SRR5964721","SAMN07550386","SRX3122667"
"KTN152","0cell","KTN1520cell28","SRR5964726","SAMN07550391","SRX3122662"
"KTN152","0cell","KTN1520cell41","SRR5964729","SAMN07550404","SRX3122659"
"KTN152","0cell","KTN1520cell48","SRR5964734","SAMN07550411","SRX3122654"
"KTN152","OPcell","KTN152OPcell21","SRR5964741","SAMN07550862","SRX3122647"
"KTN152","0cell","KTN1520cell413","SRR5964744","SAMN07550776","SRX3122644"
"KTN152","0cell","KTN1520cell157","SRR5964747","SAMN07550520","SRX3122641"
"KTN152","0cell","KTN1520cell405","SRR5964759","SAMN07550768","SRX3122629"
"KTN152","0cell","KTN1520cell278","SRR5964763","SAMN07550641","SRX3122625"
"KTN152","0cell","KTN1520cell273","SRR5964766","SAMN07550636","SRX3122622"
"KTN152","0cell","KTN1520cell471","SRR5964782","SAMN07550834","SRX3122606"
"KTN152","0cell","KTN1520cell472","SRR5964783","SAMN07550835","SRX3122605"
"KTN152","0cell","KTN1520cell473","SRR5964784","SAMN07550836","SRX3122604"
"KTN152","0cell","KTN1520cell65","SRR5964788","SAMN07550428","SRX3122600"
"KTN152","0cell","KTN1520cell417","SRR5964791","SAMN07550780","SRX3122597"
"KTN152","0cell","KTN1520cell61","SRR5964792","SAMN07550424","SRX3122596"
"KTN152","0cell","KTN1520cell62","SRR5964793","SAMN07550425","SRX3122595"
"KTN152","0cell","KTN1520cell189","SRR5964796","SAMN07550552","SRX3122592"
"KTN152","0cell","KTN1520cell380","SRR5964798","SAMN07550743","SRX3122590"
"KTN152","0cell","KTN1520cell378","SRR5964800","SAMN07550741","SRX3122588"
"KTN152","0cell","KTN1520cell372","SRR5964806","SAMN07550735","SRX3122582"
"KTN152","0cell","KTN1520cell371","SRR5964807","SAMN07550734","SRX3122581"
"KTN152","0cell","KTN1520cell286","SRR5964817","SAMN07550649","SRX3122571"
"KTN152","0cell","KTN1520cell285","SRR5964818","SAMN07550648","SRX3122570"
"KTN152","0cell","KTN1520cell283","SRR5964820","SAMN07550646","SRX3122568"
"KTN152","0cell","KTN1520cell126","SRR5964826","SAMN07550489","SRX3122562"
"KTN152","0cell","KTN1520cell122","SRR5964830","SAMN07550485","SRX3122558"
"KTN152","0cell","KTN1520cell437","SRR5964837","SAMN07550800","SRX3122551"
"KTN152","0cell","KTN1520cell438","SRR5964838","SAMN07550801","SRX3122550"
"KTN152","0cell","KTN1520cell439","SRR5964839","SAMN07550802","SRX3122549"
"KTN152","0cell","KTN1520cell234","SRR5964854","SAMN07550597","SRX3122534"
"KTN152","0cell","KTN1520cell238","SRR5964858","SAMN07550601","SRX3122530"
"KTN152","0cell","KTN1520cell16","SRR5964861","SAMN07550379","SRX3122527"
"KTN152","0cell","KTN1520cell20","SRR5964869","SAMN07550383","SRX3122519"
"KTN152","0cell","KTN1520cell130","SRR5964872","SAMN07550493","SRX3122516"
"KTN152","0cell","KTN1520cell5","SRR5964876","SAMN07550368","SRX3122512"
"KTN152","OPcell","KTN152OPcell4","SRR5964878","SAMN07550845","SRX3122510"
"KTN152","0cell","KTN1520cell166","SRR5964898","SAMN07550529","SRX3122490"
"KTN152","0cell","KTN1520cell170","SRR5964900","SAMN07550533","SRX3122488"
"KTN152","0cell","KTN1520cell186","SRR5964910","SAMN07550549","SRX3122478"
"KTN152","0cell","KTN1520cell188","SRR5964912","SAMN07550551","SRX3122476"
"KTN152","0cell","KTN1520cell270","SRR5964913","SAMN07550633","SRX3122475"
"KTN152","0cell","KTN1520cell408","SRR5964917","SAMN07550771","SRX3122471"
"KTN152","0cell","KTN1520cell56","SRR5964936","SAMN07550419","SRX3122452"
"KTN152","0cell","KTN1520cell57","SRR5964939","SAMN07550420","SRX3122449"
"KTN152","0cell","KTN1520cell350","SRR5964942","SAMN07550713","SRX3122446"
"KTN152","0cell","KTN1520cell455","SRR5964943","SAMN07550818","SRX3122445"
"KTN152","0cell","KTN1520cell346","SRR5964951","SAMN07550709","SRX3122437"
"KTN152","0cell","KTN1520cell10","SRR5964957","SAMN07550373","SRX3122431"
"KTN152","0cell","KTN1520cell451","SRR5964958","SAMN07550814","SRX3122430"
"KTN152","0cell","KTN1520cell317","SRR5964975","SAMN07550680","SRX3122413"
"KTN152","0cell","KTN1520cell313","SRR5964979","SAMN07550676","SRX3122409"
"KTN152","0cell","KTN1520cell254","SRR5964987","SAMN07550617","SRX3122401"
"KTN152","0cell","KTN1520cell381","SRR5964996","SAMN07550744","SRX3122392"
"KTN152","0cell","KTN1520cell382","SRR5964997","SAMN07550745","SRX3122391"
"KTN152","0cell","KTN1520cell225","SRR5965005","SAMN07550588","SRX3122383"
"KTN152","0cell","KTN1520cell100","SRR5965008","SAMN07550463","SRX3122380"
"KTN152","0cell","KTN1520cell97","SRR5965013","SAMN07550460","SRX3122375"
"KTN152","0cell","KTN1520cell180","SRR5965027","SAMN07550543","SRX3122861"
"KTN152","0cell","KTN1520cell215","SRR5965038","SAMN07550578","SRX3122850"
"KTN152","0cell","KTN1520cell197","SRR5965047","SAMN07550560","SRX3122841"
"KTN152","0cell","KTN1520cell105","SRR5965050","SAMN07550468","SRX3122838"
"KTN152","0cell","KTN1520cell459","SRR5965061","SAMN07550822","SRX3122827"
"KTN152","0cell","KTN1520cell460","SRR5965062","SAMN07550823","SRX3122826"
"KTN152","0cell","KTN1520cell325","SRR5965069","SAMN07550688","SRX3122819"
"KTN152","0cell","KTN1520cell323","SRR5965075","SAMN07550686","SRX3122813"
"KTN152","0cell","KTN1520cell360","SRR5965080","SAMN07550723","SRX3122808"
"KTN152","0cell","KTN1520cell352","SRR5965083","SAMN07550715","SRX3122805"
"KTN152","0cell","KTN1520cell351","SRR5965084","SAMN07550714","SRX3122804"
"KTN152","0cell","KTN1520cell355","SRR5965088","SAMN07550718","SRX3122800"
"KTN152","0cell","KTN1520cell358","SRR5965089","SAMN07550721","SRX3122799"
"KTN152","0cell","KTN1520cell39","SRR5965092","SAMN07550402","SRX3122796"
"KTN152","0cell","KTN1520cell37","SRR5965094","SAMN07550400","SRX3122794"
"KTN152","0cell","KTN1520cell33","SRR5965098","SAMN07550396","SRX3122790"
"KTN152","0cell","KTN1520cell149","SRR5965105","SAMN07550512","SRX3122783"
"KTN152","0cell","KTN1520cell144","SRR5965112","SAMN07550507","SRX3122776"
"KTN152","0cell","KTN1520cell146","SRR5965114","SAMN07550509","SRX3122774"
"KTN152","0cell","KTN1520cell244","SRR5965126","SAMN07550607","SRX3122762"
"KTN152","0cell","KTN1520cell241","SRR5965129","SAMN07550604","SRX3122759"
"KTN152","0cell","KTN1520cell396","SRR5965139","SAMN07550759","SRX3122749"
"KTN152","OPcell","KTN152OPcell58","SRR5959034","SAMN07543894","SRX3117598"
"KTN152","OPcell","KTN152OPcell54","SRR5959038","SAMN07543890","SRX3117594"
"KTN152","OPcell","KTN152OPcell143","SRR5959040","SAMN07543979","SRX3117592"
"KTN152","OPcell","KTN152OPcell146","SRR5959041","SAMN07543982","SRX3117591"
"KTN152","OPcell","KTN152OPcell149","SRR5959046","SAMN07543985","SRX3117586"
"KTN152","OPcell","KTN152OPcell401","SRR5959057","SAMN07544237","SRX3117575"
"KTN152","OPcell","KTN152OPcell402","SRR5959058","SAMN07544238","SRX3117574"
"KTN152","OPcell","KTN152OPcell229","SRR5959073","SAMN07544065","SRX3117559"
"KTN152","OPcell","KTN152OPcell230","SRR5959074","SAMN07544066","SRX3117558"
"KTN152","OPcell","KTN152OPcell223","SRR5959075","SAMN07544059","SRX3117557"
"KTN152","OPcell","KTN152OPcell224","SRR5959076","SAMN07544060","SRX3117556"
"KTN152","OPcell","KTN152OPcell293","SRR5959082","SAMN07544129","SRX3117550"
"KTN152","OPcell","KTN152OPcell94","SRR5959092","SAMN07543930","SRX3117540"
"KTN152","OPcell","KTN152OPcell99","SRR5959093","SAMN07543935","SRX3117539"
"KTN152","OPcell","KTN152OPcell211","SRR5959100","SAMN07544047","SRX3117532"
"KTN152","OPcell","KTN152OPcell210","SRR5959101","SAMN07544046","SRX3117531"
"KTN152","OPcell","KTN152OPcell208","SRR5959103","SAMN07544044","SRX3117529"
"KTN152","OPcell","KTN152OPcell141","SRR5959109","SAMN07543977","SRX3117523"
"KTN152","OPcell","KTN152OPcell135","SRR5959113","SAMN07543971","SRX3117519"
"KTN152","OPcell","KTN152OPcell138","SRR5959116","SAMN07543974","SRX3117516"
"KTN152","OPcell","KTN152OPcell140","SRR5959118","SAMN07543976","SRX3117514"
"KTN152","OPcell","KTN152OPcell263","SRR5959119","SAMN07544099","SRX3117513"
"KTN152","OPcell","KTN152OPcell352","SRR5959121","SAMN07544188","SRX3117511"
"KTN152","OPcell","KTN152OPcell268","SRR5959124","SAMN07544104","SRX3117508"
"KTN152","OPcell","KTN152OPcell269","SRR5959125","SAMN07544105","SRX3117507"
"KTN152","OPcell","KTN152OPcell348","SRR5959133","SAMN07544184","SRX3117499"
"KTN152","OPcell","KTN152OPcell113","SRR5959138","SAMN07543949","SRX3117494"
"KTN152","OPcell","KTN152OPcell116","SRR5959141","SAMN07543952","SRX3117491"
"KTN152","OPcell","KTN152OPcell373","SRR5959147","SAMN07544209","SRX3117485"
"KTN152","OPcell","KTN152OPcell165","SRR5959151","SAMN07544001","SRX3117481"
"KTN152","OPcell","KTN152OPcell169","SRR5959155","SAMN07544005","SRX3117477"
"KTN152","OPcell","KTN152OPcell63","SRR5959165","SAMN07543899","SRX3117467"
"KTN152","OPcell","KTN152OPcell242","SRR5959170","SAMN07544078","SRX3117462"
"KTN152","OPcell","KTN152OPcell236","SRR5959172","SAMN07544072","SRX3117460"
"KTN152","OPcell","KTN152OPcell237","SRR5959179","SAMN07544073","SRX3117453"
"KTN152","OPcell","KTN152OPcell308","SRR5959181","SAMN07544144","SRX3117451"
"KTN152","OPcell","KTN152OPcell311","SRR5959192","SAMN07544147","SRX3117440"
"KTN152","OPcell","KTN152OPcell266","SRR5959197","SAMN07544102","SRX3117435"
"KTN152","OPcell","KTN152OPcell130","SRR5959208","SAMN07543966","SRX3117424"
"KTN152","OPcell","KTN152OPcell125","SRR5959213","SAMN07543961","SRX3117419"
"KTN152","OPcell","KTN152OPcell124","SRR5959214","SAMN07543960","SRX3117418"
"KTN152","OPcell","KTN152OPcell272","SRR5959216","SAMN07544108","SRX3117416"
"KTN152","OPcell","KTN152OPcell336","SRR5959224","SAMN07544172","SRX3117408"
"KTN152","OPcell","KTN152OPcell28","SRR5959230","SAMN07543864","SRX3117402"
"KTN152","OPcell","KTN152OPcell23","SRR5959233","SAMN07543859","SRX3117399"
"KTN152","OPcell","KTN152OPcell25","SRR5959235","SAMN07543861","SRX3117397"
"KTN152","OPcell","KTN152OPcell282","SRR5959239","SAMN07544118","SRX3117393"
"KTN152","OPcell","KTN152OPcell75","SRR5959259","SAMN07543911","SRX3117373"
"KTN152","OPcell","KTN152OPcell202","SRR5959265","SAMN07544038","SRX3117367"
"KTN152","OPcell","KTN152OPcell249","SRR5959274","SAMN07544085","SRX3117358"
"KTN152","OPcell","KTN152OPcell245","SRR5959278","SAMN07544081","SRX3117354"
"KTN152","OPcell","KTN152OPcell246","SRR5959279","SAMN07544082","SRX3117353"
"KTN152","OPcell","KTN152OPcell252","SRR5959283","SAMN07544088","SRX3117349"
"KTN152","OPcell","KTN152OPcell382","SRR5959287","SAMN07544218","SRX3117345"
"KTN152","OPcell","KTN152OPcell318","SRR5959290","SAMN07544154","SRX3117342"
"KTN152","OPcell","KTN152OPcell375","SRR5959292","SAMN07544211","SRX3117340"
"KTN152","OPcell","KTN152OPcell322","SRR5959294","SAMN07544158","SRX3117338"
"KTN152","OPcell","KTN152OPcell374","SRR5959295","SAMN07544210","SRX3117337"
"KTN152","OPcell","KTN152OPcell49","SRR5959305","SAMN07543885","SRX3117327"
"KTN152","OPcell","KTN152OPcell45","SRR5959309","SAMN07543881","SRX3117323"
"KTN152","OPcell","KTN152OPcell155","SRR5959310","SAMN07543991","SRX3117322"
"KTN152","OPcell","KTN152OPcell158","SRR5959317","SAMN07543994","SRX3117315"
"KTN152","OPcell","KTN152OPcell271","SRR5959330","SAMN07544107","SRX3117302"
"KTN152","OPcell","KTN152OPcell354","SRR5959337","SAMN07544190","SRX3117295"
"KTN152","OPcell","KTN152OPcell287","SRR5959346","SAMN07544123","SRX3117286"
"KTN152","OPcell","KTN152OPcell84","SRR5959348","SAMN07543920","SRX3117284"
"KTN152","OPcell","KTN152OPcell83","SRR5959349","SAMN07543919","SRX3117283"
"KTN152","OPcell","KTN152OPcell89","SRR5959355","SAMN07543925","SRX3117277"
"KTN152","OPcell","KTN152OPcell91","SRR5959357","SAMN07543927","SRX3117275"
"KTN152","OPcell","KTN152OPcell220","SRR5959365","SAMN07544056","SRX3117267"
"KTN152","OPcell","KTN152OPcell221","SRR5959366","SAMN07544057","SRX3117266"
"KTN152","OPcell","KTN152OPcell258","SRR5959378","SAMN07544094","SRX3117254"
"KTN152","OPcell","KTN152OPcell260","SRR5959380","SAMN07544096","SRX3117252"
"KTN152","OPcell","KTN152OPcell259","SRR5959381","SAMN07544095","SRX3117251"
"KTN152","OPcell","KTN152OPcell255","SRR5959385","SAMN07544091","SRX3117247"
"KTN152","OPcell","KTN152OPcell357","SRR5959386","SAMN07544193","SRX3117246"
"KTN152","OPcell","KTN152OPcell358","SRR5959387","SAMN07544194","SRX3117245"
"KTN152","OPcell","KTN152OPcell111","SRR5959403","SAMN07543947","SRX3117229"
"KTN152","OPcell","KTN152OPcell180","SRR5959415","SAMN07544016","SRX3117610"
"KTN152","OPcell","KTN152OPcell175","SRR5959418","SAMN07544011","SRX3117607"
"KTN152","OPcell","KTN152OPcell182","SRR5959421","SAMN07544018","SRX3117604"
"KTN152","OPcell","KTN152OPcell61","SRR5959422","SAMN07543897","SRX3117603"
"KTN152","OPcell","KTN152OPcell60","SRR5959425","SAMN07543896","SRX3117600"
"KTN152","0cell","KTN1520cell194","SRR5964647","SAMN07550557","SRX3122741"
"KTN152","0cell","KTN1520cell193","SRR5964648","SAMN07550556","SRX3122740"
"KTN152","0cell","KTN1520cell80","SRR5964657","SAMN07550443","SRX3122731"
"KTN152","0cell","KTN1520cell89","SRR5964659","SAMN07550452","SRX3122729"
"KTN152","0cell","KTN1520cell84","SRR5964666","SAMN07550447","SRX3122722"
"KTN152","0cell","KTN1520cell291","SRR5964672","SAMN07550654","SRX3122716"
"KTN152","0cell","KTN1520cell112","SRR5964682","SAMN07550475","SRX3122706"
"KTN152","0cell","KTN1520cell116","SRR5964686","SAMN07550479","SRX3122702"
"KTN152","0cell","KTN1520cell450","SRR5964690","SAMN07550813","SRX3122698"
"KTN152","0cell","KTN1520cell334","SRR5964694","SAMN07550697","SRX3122694"
"KTN152","0cell","KTN1520cell338","SRR5964698","SAMN07550701","SRX3122690"
"KTN152","0cell","KTN1520cell428","SRR5964702","SAMN07550791","SRX3122686"
"KTN152","0cell","KTN1520cell204","SRR5964709","SAMN07550567","SRX3122679"
"KTN152","0cell","KTN1520cell425","SRR5964714","SAMN07550788","SRX3122674"
"KTN152","0cell","KTN1520cell423","SRR5964718","SAMN07550786","SRX3122670"
"KTN152","0cell","KTN1520cell22","SRR5964720","SAMN07550385","SRX3122668"
"KTN152","0cell","KTN1520cell43","SRR5964727","SAMN07550406","SRX3122661"
"KTN152","0cell","KTN1520cell44","SRR5964728","SAMN07550407","SRX3122660"
"KTN152","0cell","KTN1520cell42","SRR5964730","SAMN07550405","SRX3122658"
"KTN152","0cell","KTN1520cell47","SRR5964731","SAMN07550410","SRX3122657"
"KTN152","OPcell","KTN152OPcell16","SRR5964733","SAMN07550857","SRX3122655"
"KTN152","OPcell","KTN152OPcell18","SRR5964739","SAMN07550859","SRX3122649"
"KTN152","0cell","KTN1520cell259","SRR5964745","SAMN07550622","SRX3122643"
"KTN152","0cell","KTN1520cell155","SRR5964749","SAMN07550518","SRX3122639"
"KTN152","0cell","KTN1520cell401","SRR5964755","SAMN07550764","SRX3122633"
"KTN152","0cell","KTN1520cell277","SRR5964762","SAMN07550640","SRX3122626"
"KTN152","0cell","KTN1520cell251","SRR5964770","SAMN07550614","SRX3122618"
"KTN152","OPcell","KTN152OPcell2","SRR5964777","SAMN07550843","SRX3122611"
"KTN152","0cell","KTN1520cell476","SRR5964779","SAMN07550839","SRX3122609"
"KTN152","0cell","KTN1520cell477","SRR5964780","SAMN07550840","SRX3122608"
"KTN152","0cell","KTN1520cell474","SRR5964785","SAMN07550837","SRX3122603"
"KTN152","0cell","KTN1520cell69","SRR5964786","SAMN07550432","SRX3122602"
"KTN152","0cell","KTN1520cell70","SRR5964787","SAMN07550433","SRX3122601"
"KTN152","0cell","KTN1520cell64","SRR5964795","SAMN07550427","SRX3122593"
"KTN152","0cell","KTN1520cell373","SRR5964805","SAMN07550736","SRX3122583"
"KTN152","0cell","KTN1520cell281","SRR5964822","SAMN07550644","SRX3122566"
"KTN152","0cell","KTN1520cell127","SRR5964823","SAMN07550490","SRX3122565"
"KTN152","0cell","KTN1520cell4","SRR5964827","SAMN07550367","SRX3122561"
"KTN152","0cell","KTN1520cell435","SRR5964835","SAMN07550798","SRX3122553"
"KTN152","0cell","KTN1520cell307","SRR5964841","SAMN07550670","SRX3122547"
"KTN152","0cell","KTN1520cell303","SRR5964845","SAMN07550666","SRX3122543"
"KTN152","0cell","KTN1520cell309","SRR5964849","SAMN07550672","SRX3122539"
"KTN152","0cell","KTN1520cell232","SRR5964856","SAMN07550595","SRX3122532"
"KTN152","0cell","KTN1520cell235","SRR5964859","SAMN07550598","SRX3122529"
"KTN152","0cell","KTN1520cell15","SRR5964862","SAMN07550378","SRX3122526"
"KTN152","0cell","KTN1520cell123","SRR5964877","SAMN07550486","SRX3122511"
"KTN152","OPcell","KTN152OPcell7","SRR5964883","SAMN07550848","SRX3122505"
"KTN152","OPcell","KTN152OPcell11","SRR5964887","SAMN07550852","SRX3122501"
"KTN152","0cell","KTN1520cell1","SRR5964888","SAMN07550364","SRX3122500"
"KTN152","0cell","KTN1520cell410","SRR5964889","SAMN07550773","SRX3122499"
"KTN152","0cell","KTN1520cell162","SRR5964894","SAMN07550525","SRX3122494"
"KTN152","0cell","KTN1520cell167","SRR5964895","SAMN07550530","SRX3122493"
"KTN152","0cell","KTN1520cell267","SRR5964904","SAMN07550630","SRX3122484"
"KTN152","0cell","KTN1520cell427","SRR5964919","SAMN07550790","SRX3122469"
"KTN152","0cell","KTN1520cell470","SRR5964920","SAMN07550833","SRX3122468"
"KTN152","0cell","KTN1520cell466","SRR5964928","SAMN07550829","SRX3122460"
"KTN152","0cell","KTN1520cell51","SRR5964933","SAMN07550414","SRX3122455"
"KTN152","0cell","KTN1520cell53","SRR5964935","SAMN07550416","SRX3122453"
"KTN152","0cell","KTN1520cell349","SRR5964941","SAMN07550712","SRX3122447"
"KTN152","0cell","KTN1520cell342","SRR5964947","SAMN07550705","SRX3122441"
"KTN152","0cell","KTN1520cell421","SRR5964956","SAMN07550784","SRX3122432"
"KTN152","0cell","KTN1520cell452","SRR5964959","SAMN07550815","SRX3122429"
"KTN152","0cell","KTN1520cell138","SRR5964966","SAMN07550501","SRX3122422"
"KTN152","0cell","KTN1520cell137","SRR5964967","SAMN07550500","SRX3122421"
"KTN152","0cell","KTN1520cell132","SRR5964968","SAMN07550495","SRX3122420"
"KTN152","0cell","KTN1520cell133","SRR5964971","SAMN07550496","SRX3122417"
"KTN152","0cell","KTN1520cell315","SRR5964973","SAMN07550678","SRX3122415"
"KTN152","0cell","KTN1520cell256","SRR5964981","SAMN07550619","SRX3122407"
"KTN152","0cell","KTN1520cell253","SRR5964986","SAMN07550616","SRX3122402"
"KTN152","0cell","KTN1520cell387","SRR5964990","SAMN07550750","SRX3122398"
"KTN152","0cell","KTN1520cell384","SRR5964995","SAMN07550747","SRX3122393"
"KTN152","0cell","KTN1520cell99","SRR5965009","SAMN07550462","SRX3122379"
"KTN152","0cell","KTN1520cell93","SRR5965017","SAMN07550456","SRX3122371"
"KTN152","0cell","KTN1520cell175","SRR5965024","SAMN07550538","SRX3122864"
"KTN152","0cell","KTN1520cell179","SRR5965028","SAMN07550542","SRX3122860"
"KTN152","0cell","KTN1520cell445","SRR5965029","SAMN07550808","SRX3122859"
"KTN152","0cell","KTN1520cell214","SRR5965037","SAMN07550577","SRX3122851"
"KTN152","0cell","KTN1520cell216","SRR5965039","SAMN07550579","SRX3122849"
"KTN152","0cell","KTN1520cell218","SRR5965041","SAMN07550581","SRX3122847"
"KTN152","0cell","KTN1520cell196","SRR5965048","SAMN07550559","SRX3122840"
"KTN152","0cell","KTN1520cell103","SRR5965056","SAMN07550466","SRX3122832"
"KTN152","0cell","KTN1520cell414","SRR5965058","SAMN07550777","SRX3122830"
"KTN152","0cell","KTN1520cell326","SRR5965070","SAMN07550689","SRX3122818"
"KTN152","0cell","KTN1520cell328","SRR5965072","SAMN07550691","SRX3122816"
"KTN152","0cell","KTN1520cell364","SRR5965102","SAMN07550727","SRX3122786"
"KTN152","0cell","KTN1520cell369","SRR5965103","SAMN07550732","SRX3122785"
"KTN152","0cell","KTN1520cell370","SRR5965104","SAMN07550733","SRX3122784"
"KTN152","0cell","KTN1520cell249","SRR5965121","SAMN07550612","SRX3122767"
"KTN152","0cell","KTN1520cell365","SRR5965122","SAMN07550728","SRX3122766"
"KTN152","0cell","KTN1520cell367","SRR5965124","SAMN07550730","SRX3122764"
"KTN152","0cell","KTN1520cell242","SRR5965128","SAMN07550605","SRX3122760"
"KTN152","0cell","KTN1520cell246","SRR5965132","SAMN07550609","SRX3122756"
"KTN152","0cell","KTN1520cell245","SRR5965133","SAMN07550608","SRX3122755"
"KTN152","OPcell","KTN152OPcell55","SRR5959035","SAMN07543891","SRX3117597"
"KTN152","OPcell","KTN152OPcell399","SRR5959055","SAMN07544235","SRX3117577"
"KTN152","OPcell","KTN152OPcell412","SRR5959059","SAMN07544248","SRX3117573"
"KTN152","OPcell","KTN152OPcell231","SRR5959069","SAMN07544067","SRX3117563"
"KTN152","OPcell","KTN152OPcell232","SRR5959070","SAMN07544068","SRX3117562"
"KTN152","OPcell","KTN152OPcell302","SRR5959079","SAMN07544138","SRX3117553"
"KTN152","OPcell","KTN152OPcell296","SRR5959083","SAMN07544132","SRX3117549"
"KTN152","OPcell","KTN152OPcell298","SRR5959085","SAMN07544134","SRX3117547"
"KTN152","OPcell","KTN152OPcell95","SRR5959089","SAMN07543931","SRX3117543"
"KTN152","OPcell","KTN152OPcell93","SRR5959091","SAMN07543929","SRX3117541"
"KTN152","OPcell","KTN152OPcell97","SRR5959095","SAMN07543933","SRX3117537"
"KTN152","OPcell","KTN152OPcell102","SRR5959098","SAMN07543938","SRX3117534"
"KTN152","OPcell","KTN152OPcell207","SRR5959104","SAMN07544043","SRX3117528"
"KTN152","OPcell","KTN152OPcell142","SRR5959110","SAMN07543978","SRX3117522"
"KTN152","OPcell","KTN152OPcell134","SRR5959112","SAMN07543970","SRX3117520"
"KTN152","OPcell","KTN152OPcell267","SRR5959123","SAMN07544103","SRX3117509"
"KTN152","OPcell","KTN152OPcell381","SRR5959135","SAMN07544217","SRX3117497"
"KTN152","OPcell","KTN152OPcell313","SRR5959137","SAMN07544149","SRX3117495"
"KTN152","OPcell","KTN152OPcell114","SRR5959139","SAMN07543950","SRX3117493"
"KTN152","OPcell","KTN152OPcell117","SRR5959142","SAMN07543953","SRX3117490"
"KTN152","OPcell","KTN152OPcell103","SRR5959149","SAMN07543939","SRX3117483"
"KTN152","OPcell","KTN152OPcell171","SRR5959159","SAMN07544007","SRX3117473"
"KTN152","OPcell","KTN152OPcell72","SRR5959160","SAMN07543908","SRX3117472"
"KTN152","OPcell","KTN152OPcell239","SRR5959177","SAMN07544075","SRX3117455"
"KTN152","OPcell","KTN152OPcell388","SRR5959190","SAMN07544224","SRX3117442"
"KTN152","OPcell","KTN152OPcell265","SRR5959196","SAMN07544101","SRX3117436"
"KTN152","OPcell","KTN152OPcell39","SRR5959204","SAMN07543875","SRX3117428"
"KTN152","OPcell","KTN152OPcell129","SRR5959209","SAMN07543965","SRX3117423"
"KTN152","OPcell","KTN152OPcell128","SRR5959210","SAMN07543964","SRX3117422"
"KTN152","OPcell","KTN152OPcell123","SRR5959215","SAMN07543959","SRX3117417"
"KTN152","OPcell","KTN152OPcell340","SRR5959220","SAMN07544176","SRX3117412"
"KTN152","OPcell","KTN152OPcell335","SRR5959223","SAMN07544171","SRX3117409"
"KTN152","OPcell","KTN152OPcell341","SRR5959227","SAMN07544177","SRX3117405"
"KTN152","OPcell","KTN152OPcell27","SRR5959229","SAMN07543863","SRX3117403"
"KTN152","OPcell","KTN152OPcell29","SRR5959231","SAMN07543865","SRX3117401"
"KTN152","OPcell","KTN152OPcell273","SRR5959248","SAMN07544109","SRX3117384"
"KTN152","OPcell","KTN152OPcell392","SRR5959249","SAMN07544228","SRX3117383"
"KTN152","OPcell","KTN152OPcell391","SRR5959250","SAMN07544227","SRX3117382"
"KTN152","OPcell","KTN152OPcell386","SRR5959251","SAMN07544222","SRX3117381"
"KTN152","OPcell","KTN152OPcell79","SRR5959255","SAMN07543915","SRX3117377"
"KTN152","OPcell","KTN152OPcell82","SRR5959262","SAMN07543918","SRX3117370"
"KTN152","OPcell","KTN152OPcell121","SRR5959263","SAMN07543957","SRX3117369"
"KTN152","OPcell","KTN152OPcell199","SRR5959266","SAMN07544035","SRX3117366"
"KTN152","OPcell","KTN152OPcell198","SRR5959269","SAMN07544034","SRX3117363"
"KTN152","OPcell","KTN152OPcell195","SRR5959270","SAMN07544031","SRX3117362"
"KTN152","OPcell","KTN152OPcell193","SRR5959272","SAMN07544029","SRX3117360"
"KTN152","OPcell","KTN152OPcell250","SRR5959275","SAMN07544086","SRX3117357"
"KTN152","OPcell","KTN152OPcell320","SRR5959288","SAMN07544156","SRX3117344"
"KTN152","OPcell","KTN152OPcell376","SRR5959293","SAMN07544212","SRX3117339"
"KTN152","OPcell","KTN152OPcell380","SRR5959297","SAMN07544216","SRX3117335"
"KTN152","OPcell","KTN152OPcell378","SRR5959299","SAMN07544214","SRX3117333"
"KTN152","OPcell","KTN152OPcell46","SRR5959308","SAMN07543882","SRX3117324"
"KTN152","OPcell","KTN152OPcell157","SRR5959316","SAMN07543993","SRX3117316"
"KTN152","OPcell","KTN152OPcell327","SRR5959321","SAMN07544163","SRX3117311"
"KTN152","OPcell","KTN152OPcell330","SRR5959322","SAMN07544166","SRX3117310"
"KTN152","OPcell","KTN152OPcell325","SRR5959327","SAMN07544161","SRX3117305"
"KTN152","OPcell","KTN152OPcell414","SRR5959335","SAMN07544250","SRX3117297"
"KTN152","OPcell","KTN152OPcell291","SRR5959338","SAMN07544127","SRX3117294"
"KTN152","OPcell","KTN152OPcell292","SRR5959339","SAMN07544128","SRX3117293"
"KTN152","OPcell","KTN152OPcell92","SRR5959356","SAMN07543928","SRX3117276"
"KTN152","OPcell","KTN152OPcell257","SRR5959379","SAMN07544093","SRX3117253"
"KTN152","OPcell","KTN152OPcell254","SRR5959382","SAMN07544090","SRX3117250"
"KTN152","OPcell","KTN152OPcell261","SRR5959391","SAMN07544097","SRX3117241"
"KTN152","OPcell","KTN152OPcell108","SRR5959396","SAMN07543944","SRX3117236"
"KTN152","OPcell","KTN152OPcell371","SRR5959400","SAMN07544207","SRX3117232"
"KTN152","OPcell","KTN152OPcell363","SRR5959405","SAMN07544199","SRX3117227"
"KTN152","OPcell","KTN152OPcell366","SRR5959406","SAMN07544202","SRX3117226"
"KTN152","OPcell","KTN152OPcell369","SRR5959411","SAMN07544205","SRX3117221"
"KTN152","OPcell","KTN152OPcell177","SRR5959412","SAMN07544013","SRX3117613"
"KTN152","OPcell","KTN152OPcell173","SRR5959416","SAMN07544009","SRX3117609"
"KTN152","OPcell","KTN152OPcell176","SRR5959419","SAMN07544012","SRX3117606"
"KTN152","OPcell","KTN152OPcell181","SRR5959420","SAMN07544017","SRX3117605"
"KTN152","OPcell","KTN152OPcell59","SRR5959424","SAMN07543895","SRX3117601"
"KTN152","0cell","KTN1520cell397","SRR5964642","SAMN07550760","SRX3122746"
"KTN152","0cell","KTN1520cell74","SRR5964649","SAMN07550437","SRX3122739"
"KTN152","0cell","KTN1520cell73","SRR5964650","SAMN07550436","SRX3122738"
"KTN152","0cell","KTN1520cell76","SRR5964655","SAMN07550439","SRX3122733"
"KTN152","0cell","KTN1520cell86","SRR5964664","SAMN07550449","SRX3122724"
"KTN152","0cell","KTN1520cell82","SRR5964668","SAMN07550445","SRX3122720"
"KTN152","0cell","KTN1520cell299","SRR5964669","SAMN07550662","SRX3122719"
"KTN152","0cell","KTN1520cell300","SRR5964670","SAMN07550663","SRX3122718"
"KTN152","0cell","KTN1520cell457","SRR5964671","SAMN07550820","SRX3122717"
"KTN152","0cell","KTN1520cell294","SRR5964675","SAMN07550657","SRX3122713"
"KTN152","0cell","KTN1520cell295","SRR5964676","SAMN07550658","SRX3122712"
"KTN152","0cell","KTN1520cell296","SRR5964677","SAMN07550659","SRX3122711"
"KTN152","0cell","KTN1520cell111","SRR5964683","SAMN07550474","SRX3122705"
"KTN152","0cell","KTN1520cell117","SRR5964685","SAMN07550480","SRX3122703"
"KTN152","0cell","KTN1520cell120","SRR5964688","SAMN07550483","SRX3122700"
"KTN152","0cell","KTN1520cell119","SRR5964689","SAMN07550482","SRX3122699"
"KTN152","0cell","KTN1520cell339","SRR5964693","SAMN07550702","SRX3122695"
"KTN152","0cell","KTN1520cell337","SRR5964699","SAMN07550700","SRX3122689"
"KTN152","0cell","KTN1520cell335","SRR5964701","SAMN07550698","SRX3122687"
"KTN152","0cell","KTN1520cell209","SRR5964704","SAMN07550572","SRX3122684"
"KTN152","0cell","KTN1520cell202","SRR5964711","SAMN07550565","SRX3122677"
"KTN152","0cell","KTN1520cell426","SRR5964713","SAMN07550789","SRX3122675"
"KTN152","OPcell","KTN152OPcell19","SRR5964736","SAMN07550860","SRX3122652"
"KTN152","OPcell","KTN152OPcell17","SRR5964738","SAMN07550858","SRX3122650"
"KTN152","0cell","KTN1520cell46","SRR5964743","SAMN07550409","SRX3122645"
"KTN152","0cell","KTN1520cell151","SRR5964753","SAMN07550514","SRX3122635"
"KTN152","0cell","KTN1520cell403","SRR5964757","SAMN07550766","SRX3122631"
"KTN152","0cell","KTN1520cell406","SRR5964758","SAMN07550769","SRX3122630"
"KTN152","0cell","KTN1520cell160","SRR5964760","SAMN07550523","SRX3122628"
"KTN152","0cell","KTN1520cell274","SRR5964767","SAMN07550637","SRX3122621"
"KTN152","0cell","KTN1520cell446","SRR5964771","SAMN07550809","SRX3122617"
"KTN152","0cell","KTN1520cell252","SRR5964774","SAMN07550615","SRX3122614"
"KTN152","OPcell","KTN152OPcell13","SRR5964775","SAMN07550854","SRX3122613"
"KTN152","0cell","KTN1520cell67","SRR5964790","SAMN07550430","SRX3122598"
"KTN152","0cell","KTN1520cell190","SRR5964797","SAMN07550553","SRX3122591"
"KTN152","0cell","KTN1520cell376","SRR5964802","SAMN07550739","SRX3122586"
"KTN152","0cell","KTN1520cell181","SRR5964808","SAMN07550544","SRX3122580"
"KTN152","0cell","KTN1520cell182","SRR5964809","SAMN07550545","SRX3122579"
"KTN152","0cell","KTN1520cell290","SRR5964813","SAMN07550653","SRX3122575"
"KTN152","0cell","KTN1520cell431","SRR5964831","SAMN07550794","SRX3122557"
"KTN152","0cell","KTN1520cell434","SRR5964834","SAMN07550797","SRX3122554"
"KTN152","0cell","KTN1520cell308","SRR5964842","SAMN07550671","SRX3122546"
"KTN152","0cell","KTN1520cell304","SRR5964846","SAMN07550667","SRX3122542"
"KTN152","0cell","KTN1520cell239","SRR5964851","SAMN07550602","SRX3122537"
"KTN152","0cell","KTN1520cell233","SRR5964853","SAMN07550596","SRX3122535"
"KTN152","0cell","KTN1520cell237","SRR5964857","SAMN07550600","SRX3122531"
"KTN152","0cell","KTN1520cell13","SRR5964868","SAMN07550376","SRX3122520"
"KTN152","0cell","KTN1520cell19","SRR5964870","SAMN07550382","SRX3122518"
"KTN152","0cell","KTN1520cell8","SRR5964873","SAMN07550371","SRX3122515"
"KTN152","0cell","KTN1520cell409","SRR5964890","SAMN07550772","SRX3122498"
"KTN152","0cell","KTN1520cell163","SRR5964891","SAMN07550526","SRX3122497"
"KTN152","0cell","KTN1520cell164","SRR5964892","SAMN07550527","SRX3122496"
"KTN152","0cell","KTN1520cell262","SRR5964905","SAMN07550625","SRX3122483"
"KTN152","0cell","KTN1520cell261","SRR5964906","SAMN07550624","SRX3122482"
"KTN152","0cell","KTN1520cell269","SRR5964914","SAMN07550632","SRX3122474"
"KTN152","0cell","KTN1520cell463","SRR5964923","SAMN07550826","SRX3122465"
"KTN152","0cell","KTN1520cell462","SRR5964924","SAMN07550825","SRX3122464"
"KTN152","0cell","KTN1520cell59","SRR5964931","SAMN07550422","SRX3122457"
"KTN152","0cell","KTN1520cell54","SRR5964934","SAMN07550417","SRX3122454"
"KTN152","0cell","KTN1520cell345","SRR5964950","SAMN07550708","SRX3122438"
"KTN152","0cell","KTN1520cell453","SRR5964953","SAMN07550816","SRX3122435"
"KTN152","0cell","KTN1520cell454","SRR5964955","SAMN07550817","SRX3122433"
"KTN152","0cell","KTN1520cell139","SRR5964961","SAMN07550502","SRX3122427"
"KTN152","0cell","KTN1520cell430","SRR5964962","SAMN07550793","SRX3122426"
"KTN152","0cell","KTN1520cell429","SRR5964963","SAMN07550792","SRX3122425"
"KTN152","0cell","KTN1520cell312","SRR5964976","SAMN07550675","SRX3122412"
"KTN152","0cell","KTN1520cell255","SRR5964980","SAMN07550618","SRX3122408"
"KTN152","0cell","KTN1520cell230","SRR5964998","SAMN07550593","SRX3122390"
"KTN152","0cell","KTN1520cell229","SRR5964999","SAMN07550592","SRX3122389"
"KTN152","0cell","KTN1520cell226","SRR5965004","SAMN07550589","SRX3122384"
"KTN152","0cell","KTN1520cell95","SRR5965011","SAMN07550458","SRX3122377"
"KTN152","0cell","KTN1520cell91","SRR5965015","SAMN07550454","SRX3122373"
"KTN152","0cell","KTN1520cell94","SRR5965016","SAMN07550457","SRX3122372"
"KTN152","0cell","KTN1520cell172","SRR5965019","SAMN07550535","SRX3122869"
"KTN152","0cell","KTN1520cell174","SRR5965021","SAMN07550537","SRX3122867"
"KTN152","0cell","KTN1520cell173","SRR5965022","SAMN07550536","SRX3122866"
"KTN152","0cell","KTN1520cell176","SRR5965023","SAMN07550539","SRX3122865"
"KTN152","0cell","KTN1520cell442","SRR5965033","SAMN07550805","SRX3122855"
"KTN152","0cell","KTN1520cell212","SRR5965035","SAMN07550575","SRX3122853"
"KTN152","0cell","KTN1520cell219","SRR5965042","SAMN07550582","SRX3122846"
"KTN152","0cell","KTN1520cell220","SRR5965043","SAMN07550583","SRX3122845"
"KTN152","0cell","KTN1520cell191","SRR5965045","SAMN07550554","SRX3122843"
"KTN152","0cell","KTN1520cell195","SRR5965049","SAMN07550558","SRX3122839"
"KTN152","0cell","KTN1520cell110","SRR5965060","SAMN07550473","SRX3122828"
"KTN152","0cell","KTN1520cell416","SRR5965079","SAMN07550779","SRX3122809"
"KTN152","0cell","KTN1520cell359","SRR5965081","SAMN07550722","SRX3122807"
"KTN152","0cell","KTN1520cell38","SRR5965093","SAMN07550401","SRX3122795"
"KTN152","0cell","KTN1520cell36","SRR5965095","SAMN07550399","SRX3122793"
"KTN152","0cell","KTN1520cell34","SRR5965097","SAMN07550397","SRX3122791"
"KTN152","0cell","KTN1520cell31","SRR5965100","SAMN07550394","SRX3122788"
"KTN152","0cell","KTN1520cell363","SRR5965101","SAMN07550726","SRX3122787"
"KTN152","0cell","KTN1520cell420","SRR5965108","SAMN07550783","SRX3122780"
"KTN152","0cell","KTN1520cell145","SRR5965113","SAMN07550508","SRX3122775"
"KTN152","0cell","KTN1520cell147","SRR5965115","SAMN07550510","SRX3122773"
"KTN152","0cell","KTN1520cell148","SRR5965116","SAMN07550511","SRX3122772"
"KTN152","0cell","KTN1520cell200","SRR5965134","SAMN07550563","SRX3122754"
"KTN152","0cell","KTN1520cell400","SRR5965137","SAMN07550763","SRX3122751"
"KTN615","0cell","KTN6150cell199","SRR5960797","SAMN07545615","SRX3119295"
"KTN615","0cell","KTN6150cell234","SRR5960803","SAMN07545650","SRX3119289"
"KTN615","0cell","KTN6150cell232","SRR5960805","SAMN07545648","SRX3119287"
"KTN615","0cell","KTN6150cell91","SRR5960810","SAMN07545507","SRX3119282"
"KTN615","0cell","KTN6150cell94","SRR5960811","SAMN07545510","SRX3119281"
"KTN615","0cell","KTN6150cell93","SRR5960812","SAMN07545509","SRX3119280"
"KTN615","2cell","KTN6152cell23","SRR5960824","SAMN07545724","SRX3119268"
"KTN615","2cell","KTN6152cell25","SRR5960830","SAMN07545726","SRX3119262"
"KTN615","0cell","KTN6150cell5","SRR5960834","SAMN07545421","SRX3119258"
"KTN615","2cell","KTN6152cell132","SRR5960837","SAMN07545833","SRX3119255"
"KTN615","2cell","KTN6152cell107","SRR5960847","SAMN07545808","SRX3119245"
"KTN615","2cell","KTN6152cell111","SRR5960851","SAMN07545812","SRX3119241"
"KTN615","2cell","KTN6152cell113","SRR5960853","SAMN07545814","SRX3119239"
"KTN615","0cell","KTN6150cell79","SRR5960856","SAMN07545495","SRX3119236"
"KTN615","0cell","KTN6150cell274","SRR5960868","SAMN07545690","SRX3119224"
"KTN615","0cell","KTN6150cell176","SRR5960875","SAMN07545592","SRX3119217"
"KTN615","0cell","KTN6150cell113","SRR5960885","SAMN07545529","SRX3119207"
"KTN615","2cell","KTN6152cell197","SRR5960890","SAMN07545898","SRX3119202"
"KTN615","2cell","KTN6152cell205","SRR5960894","SAMN07545906","SRX3119198"
"KTN615","2cell","KTN6152cell74","SRR5960904","SAMN07545775","SRX3119188"
"KTN615","2cell","KTN6152cell73","SRR5960909","SAMN07545774","SRX3119183"
"KTN615","0cell","KTN6150cell38","SRR5960921","SAMN07545454","SRX3119171"
"KTN615","0cell","KTN6150cell132","SRR5960929","SAMN07545548","SRX3119163"
"KTN615","0cell","KTN6150cell133","SRR5960932","SAMN07545549","SRX3119160"
"KTN615","0cell","KTN6150cell226","SRR5960937","SAMN07545642","SRX3119155"
"KTN615","0cell","KTN6150cell222","SRR5960941","SAMN07545638","SRX3119151"
"KTN615","0cell","KTN6150cell145","SRR5960945","SAMN07545561","SRX3119147"
"KTN615","0cell","KTN6150cell147","SRR5960947","SAMN07545563","SRX3119145"
"KTN615","0cell","KTN6150cell84","SRR5960956","SAMN07545500","SRX3119136"
"KTN615","0cell","KTN6150cell82","SRR5960958","SAMN07545498","SRX3119134"
"KTN615","0cell","KTN6150cell86","SRR5960962","SAMN07545502","SRX3119130"
"KTN615","0cell","KTN6150cell90","SRR5960964","SAMN07545506","SRX3119128"
"KTN615","2cell","KTN6152cell29","SRR5960969","SAMN07545730","SRX3119123"
"KTN615","2cell","KTN6152cell31","SRR5960971","SAMN07545732","SRX3119121"
"KTN615","2cell","KTN6152cell30","SRR5960972","SAMN07545731","SRX3119120"
"KTN615","2cell","KTN6152cell121","SRR5960979","SAMN07545822","SRX3119113"
"KTN615","2cell","KTN6152cell123","SRR5960981","SAMN07545824","SRX3119111"
"KTN615","2cell","KTN6152cell122","SRR5960982","SAMN07545823","SRX3119110"
"KTN615","2cell","KTN6152cell117","SRR5960983","SAMN07545818","SRX3119109"
"KTN615","2cell","KTN6152cell118","SRR5960986","SAMN07545819","SRX3119106"
"KTN615","2cell","KTN6152cell82","SRR5960989","SAMN07545783","SRX3119103"
"KTN615","2cell","KTN6152cell78","SRR5960993","SAMN07545779","SRX3119099"
"KTN615","2cell","KTN6152cell79","SRR5960994","SAMN07545780","SRX3119098"
"KTN615","0cell","KTN6150cell62","SRR5961001","SAMN07545478","SRX3119091"
"KTN615","0cell","KTN6150cell65","SRR5961004","SAMN07545481","SRX3119088"
"KTN615","0cell","KTN6150cell270","SRR5961008","SAMN07545686","SRX3119084"
"KTN615","0cell","KTN6150cell268","SRR5961017","SAMN07545684","SRX3119075"
"KTN615","0cell","KTN6150cell104","SRR5961022","SAMN07545520","SRX3119070"
"KTN615","0cell","KTN6150cell108","SRR5961026","SAMN07545524","SRX3119066"
"KTN615","2cell","KTN6152cell160","SRR5961047","SAMN07545861","SRX3119045"
"KTN615","2cell","KTN6152cell37","SRR5961051","SAMN07545738","SRX3119041"
"KTN615","2cell","KTN6152cell38","SRR5961052","SAMN07545739","SRX3119040"
"KTN615","2cell","KTN6152cell144","SRR5961061","SAMN07545845","SRX3119031"
"KTN615","0cell","KTN6150cell21","SRR5961066","SAMN07545437","SRX3119026"
"KTN615","0cell","KTN6150cell192","SRR5961070","SAMN07545608","SRX3119022"
"KTN615","2cell","KTN6152cell150","SRR5961071","SAMN07545851","SRX3119021"
"KTN615","2cell","KTN6152cell155","SRR5961080","SAMN07545856","SRX3119012"
"KTN615","0cell","KTN6150cell254","SRR5961086","SAMN07545670","SRX3119006"
"KTN615","0cell","KTN6150cell256","SRR5961088","SAMN07545672","SRX3119004"
"KTN615","0cell","KTN6150cell156","SRR5961097","SAMN07545572","SRX3118995"
"KTN615","2cell","KTN6152cell165","SRR5961099","SAMN07545866","SRX3118993"
"KTN615","2cell","KTN6152cell187","SRR5961104","SAMN07545888","SRX3118988"
"KTN615","2cell","KTN6152cell189","SRR5961106","SAMN07545890","SRX3118986"
"KTN615","2cell","KTN6152cell88","SRR5961112","SAMN07545789","SRX3118980"
"KTN615","2cell","KTN6152cell87","SRR5961113","SAMN07545788","SRX3118979"
"KTN615","2cell","KTN6152cell86","SRR5961114","SAMN07545787","SRX3118978"
"KTN615","2cell","KTN6152cell95","SRR5961119","SAMN07545796","SRX3118973"
"KTN615","0cell","KTN6150cell52","SRR5961126","SAMN07545468","SRX3118966"
"KTN615","0cell","KTN6150cell51","SRR5961127","SAMN07545467","SRX3118965"
"KTN615","2cell","KTN6152cell11","SRR5961133","SAMN07545712","SRX3119459"
"KTN615","2cell","KTN6152cell12","SRR5961134","SAMN07545713","SRX3119458"
"KTN615","0cell","KTN6150cell112","SRR5961146","SAMN07545528","SRX3119446"
"KTN615","0cell","KTN6150cell190","SRR5961152","SAMN07545606","SRX3119440"
"KTN615","0cell","KTN6150cell186","SRR5961158","SAMN07545602","SRX3119434"
"KTN615","0cell","KTN6150cell187","SRR5961159","SAMN07545603","SRX3119433"
"KTN615","0cell","KTN6150cell209","SRR5961163","SAMN07545625","SRX3119429"
"KTN615","0cell","KTN6150cell202","SRR5961166","SAMN07545618","SRX3119426"
"KTN615","2cell","KTN6152cell53","SRR5961172","SAMN07545754","SRX3119420"
"KTN615","2cell","KTN6152cell48","SRR5961177","SAMN07545749","SRX3119415"
"KTN615","0cell","KTN6150cell12","SRR5961185","SAMN07545428","SRX3119407"
"KTN615","0cell","KTN6150cell16","SRR5961189","SAMN07545432","SRX3119403"
"KTN615","2cell","KTN6152cell125","SRR5961193","SAMN07545826","SRX3119399"
"KTN615","2cell","KTN6152cell105","SRR5961197","SAMN07545806","SRX3119395"
"KTN615","0cell","KTN6150cell242","SRR5961218","SAMN07545658","SRX3119374"
"KTN615","0cell","KTN6150cell241","SRR5961219","SAMN07545657","SRX3119373"
"KTN615","0cell","KTN6150cell166","SRR5961223","SAMN07545582","SRX3119369"
"KTN615","2cell","KTN6152cell211","SRR5961233","SAMN07545912","SRX3119359"
"KTN615","2cell","KTN6152cell174","SRR5961242","SAMN07545875","SRX3119350"
"KTN615","2cell","KTN6152cell62","SRR5961252","SAMN07545763","SRX3119340"
"KTN615","2cell","KTN6152cell63","SRR5961253","SAMN07545764","SRX3119339"
"KTN615","2cell","KTN6152cell60","SRR5961254","SAMN07545761","SRX3119338"
"KTN615","0cell","KTN6150cell42","SRR5961269","SAMN07545458","SRX3119323"
"KTN615","0cell","KTN6150cell283","SRR5961273","SAMN07545699","SRX3119319"
"KTN615","2cell","KTN6152cell2","SRR5961277","SAMN07545703","SRX3119315"
"KTN615","0cell","KTN6150cell1","SRR5961278","SAMN07545417","SRX3119314"
"KTN615","0cell","KTN6150cell123","SRR5961280","SAMN07545539","SRX3119312"
"KTN615","0cell","KTN6150cell128","SRR5961285","SAMN07545544","SRX3119307"
"KTN615","0cell","KTN6150cell195","SRR5961291","SAMN07545611","SRX3119301"
"KTN615","2cell","KTN6152cell220","SRR5964631","SAMN07550346","SRX3122363"
"KTN615","2cell","KTN6152cell221","SRR5964632","SAMN07550347","SRX3122362"
"KTN615","2cell","KTN6152cell216","SRR5964635","SAMN07550342","SRX3122359"
"KTN615","0cell","KTN6150cell238","SRR5960799","SAMN07545654","SRX3119293"
"KTN615","0cell","KTN6150cell236","SRR5960801","SAMN07545652","SRX3119291"
"KTN615","0cell","KTN6150cell239","SRR5960807","SAMN07545655","SRX3119285"
"KTN615","0cell","KTN6150cell240","SRR5960808","SAMN07545656","SRX3119284"
"KTN615","0cell","KTN6150cell95","SRR5960814","SAMN07545511","SRX3119278"
"KTN615","0cell","KTN6150cell99","SRR5960818","SAMN07545515","SRX3119274"
"KTN615","2cell","KTN6152cell20","SRR5960825","SAMN07545721","SRX3119267"
"KTN615","0cell","KTN6150cell8","SRR5960831","SAMN07545424","SRX3119261"
"KTN615","0cell","KTN6150cell6","SRR5960833","SAMN07545422","SRX3119259"
"KTN615","2cell","KTN6152cell134","SRR5960835","SAMN07545835","SRX3119257"
"KTN615","2cell","KTN6152cell127","SRR5960844","SAMN07545828","SRX3119248"
"KTN615","2cell","KTN6152cell108","SRR5960850","SAMN07545809","SRX3119242"
"KTN615","0cell","KTN6150cell76","SRR5960859","SAMN07545492","SRX3119233"
"KTN615","0cell","KTN6150cell75","SRR5960860","SAMN07545491","SRX3119232"
"KTN615","0cell","KTN6150cell273","SRR5960867","SAMN07545689","SRX3119225"
"KTN615","0cell","KTN6150cell172","SRR5960879","SAMN07545588","SRX3119213"
"KTN615","2cell","KTN6152cell176","SRR5960898","SAMN07545877","SRX3119194"
"KTN615","2cell","KTN6152cell169","SRR5960900","SAMN07545870","SRX3119192"
"KTN615","2cell","KTN6152cell166","SRR5960901","SAMN07545867","SRX3119191"
"KTN615","2cell","KTN6152cell170","SRR5960905","SAMN07545871","SRX3119187"
"KTN615","2cell","KTN6152cell171","SRR5960906","SAMN07545872","SRX3119186"
"KTN615","2cell","KTN6152cell66","SRR5960912","SAMN07545767","SRX3119180"
"KTN615","0cell","KTN6150cell37","SRR5960922","SAMN07545453","SRX3119170"
"KTN615","0cell","KTN6150cell40","SRR5960925","SAMN07545456","SRX3119167"
"KTN615","0cell","KTN6150cell140","SRR5960927","SAMN07545556","SRX3119165"
"KTN615","0cell","KTN6150cell134","SRR5960931","SAMN07545550","SRX3119161"
"KTN615","0cell","KTN6150cell228","SRR5960939","SAMN07545644","SRX3119153"
"KTN615","0cell","KTN6150cell148","SRR5960948","SAMN07545564","SRX3119144"
"KTN615","0cell","KTN6150cell229","SRR5960950","SAMN07545645","SRX3119142"
"KTN615","0cell","KTN6150cell149","SRR5960953","SAMN07545565","SRX3119139"
"KTN615","0cell","KTN6150cell87","SRR5960959","SAMN07545503","SRX3119133"
"KTN615","0cell","KTN6150cell85","SRR5960961","SAMN07545501","SRX3119131"
"KTN615","0cell","KTN6150cell89","SRR5960963","SAMN07545505","SRX3119129"
"KTN615","2cell","KTN6152cell27","SRR5960967","SAMN07545728","SRX3119125"
"KTN615","2cell","KTN6152cell26","SRR5960968","SAMN07545727","SRX3119124"
"KTN615","0cell","KTN6150cell284","SRR5960977","SAMN07545700","SRX3119115"
"KTN615","2cell","KTN6152cell124","SRR5960978","SAMN07545825","SRX3119114"
"KTN615","2cell","KTN6152cell119","SRR5960985","SAMN07545820","SRX3119107"
"KTN615","0cell","KTN6150cell69","SRR5960998","SAMN07545485","SRX3119094"
"KTN615","0cell","KTN6150cell61","SRR5961000","SAMN07545477","SRX3119092"
"KTN615","0cell","KTN6150cell66","SRR5961005","SAMN07545482","SRX3119087"
"KTN615","0cell","KTN6150cell269","SRR5961009","SAMN07545685","SRX3119083"
"KTN615","0cell","KTN6150cell262","SRR5961011","SAMN07545678","SRX3119081"
"KTN615","0cell","KTN6150cell264","SRR5961013","SAMN07545680","SRX3119079"
"KTN615","0cell","KTN6150cell263","SRR5961014","SAMN07545679","SRX3119078"
"KTN615","0cell","KTN6150cell265","SRR5961016","SAMN07545681","SRX3119076"
"KTN615","0cell","KTN6150cell267","SRR5961018","SAMN07545683","SRX3119074"
"KTN615","0cell","KTN6150cell101","SRR5961019","SAMN07545517","SRX3119073"
"KTN615","0cell","KTN6150cell102","SRR5961020","SAMN07545518","SRX3119072"
"KTN615","0cell","KTN6150cell106","SRR5961024","SAMN07545522","SRX3119068"
"KTN615","0cell","KTN6150cell220","SRR5961030","SAMN07545636","SRX3119062"
"KTN615","0cell","KTN6150cell217","SRR5961033","SAMN07545633","SRX3119059"
"KTN615","0cell","KTN6150cell213","SRR5961037","SAMN07545629","SRX3119055"
"KTN615","0cell","KTN6150cell214","SRR5961038","SAMN07545630","SRX3119054"
"KTN615","2cell","KTN6152cell137","SRR5961040","SAMN07545838","SRX3119052"
"KTN615","2cell","KTN6152cell45","SRR5961043","SAMN07545746","SRX3119049"
"KTN615","2cell","KTN6152cell40","SRR5961054","SAMN07545741","SRX3119038"
"KTN615","2cell","KTN6152cell41","SRR5961055","SAMN07545742","SRX3119037"
"KTN615","2cell","KTN6152cell43","SRR5961057","SAMN07545744","SRX3119035"
"KTN615","2cell","KTN6152cell153","SRR5961074","SAMN07545854","SRX3119018"
"KTN615","2cell","KTN6152cell149","SRR5961078","SAMN07545850","SRX3119014"
"KTN615","2cell","KTN6152cell157","SRR5961081","SAMN07545858","SRX3119011"
"KTN615","0cell","KTN6150cell255","SRR5961087","SAMN07545671","SRX3119005"
"KTN615","0cell","KTN6150cell154","SRR5961091","SAMN07545570","SRX3119001"
"KTN615","0cell","KTN6150cell153","SRR5961092","SAMN07545569","SRX3119000"
"KTN615","0cell","KTN6150cell158","SRR5961095","SAMN07545574","SRX3118997"
"KTN615","0cell","KTN6150cell157","SRR5961096","SAMN07545573","SRX3118996"
"KTN615","2cell","KTN6152cell190","SRR5961107","SAMN07545891","SRX3118985"
"KTN615","2cell","KTN6152cell193","SRR5961110","SAMN07545894","SRX3118982"
"KTN615","2cell","KTN6152cell91","SRR5961117","SAMN07545792","SRX3118975"
"KTN615","2cell","KTN6152cell90","SRR5961118","SAMN07545791","SRX3118974"
"KTN615","0cell","KTN6150cell57","SRR5961125","SAMN07545473","SRX3118967"
"KTN615","0cell","KTN6150cell54","SRR5961128","SAMN07545470","SRX3118964"
"KTN615","0cell","KTN6150cell59","SRR5961131","SAMN07545475","SRX3118961"
"KTN615","2cell","KTN6152cell10","SRR5961132","SAMN07545711","SRX3119460"
"KTN615","2cell","KTN6152cell13","SRR5961135","SAMN07545714","SRX3119457"
"KTN615","2cell","KTN6152cell7","SRR5961137","SAMN07545708","SRX3119455"
"KTN615","2cell","KTN6152cell8","SRR5961138","SAMN07545709","SRX3119454"
"KTN615","2cell","KTN6152cell14","SRR5961144","SAMN07545715","SRX3119448"
"KTN615","2cell","KTN6152cell6","SRR5961148","SAMN07545707","SRX3119444"
"KTN615","0cell","KTN6150cell182","SRR5961154","SAMN07545598","SRX3119438"
"KTN615","0cell","KTN6150cell184","SRR5961156","SAMN07545600","SRX3119436"
"KTN615","0cell","KTN6150cell185","SRR5961157","SAMN07545601","SRX3119435"
"KTN615","0cell","KTN6150cell114","SRR5961161","SAMN07545530","SRX3119431"
"KTN615","0cell","KTN6150cell210","SRR5961162","SAMN07545626","SRX3119430"
"KTN615","0cell","KTN6150cell203","SRR5961165","SAMN07545619","SRX3119427"
"KTN615","0cell","KTN6150cell207","SRR5961169","SAMN07545623","SRX3119423"
"KTN615","2cell","KTN6152cell52","SRR5961173","SAMN07545753","SRX3119419"
"KTN615","2cell","KTN6152cell139","SRR5961194","SAMN07545840","SRX3119398"
"KTN615","2cell","KTN6152cell141","SRR5961200","SAMN07545842","SRX3119392"
"KTN615","0cell","KTN6150cell243","SRR5961217","SAMN07545659","SRX3119375"
"KTN615","0cell","KTN6150cell168","SRR5961221","SAMN07545584","SRX3119371"
"KTN615","0cell","KTN6150cell162","SRR5961227","SAMN07545578","SRX3119365"
"KTN615","0cell","KTN6150cell170","SRR5961229","SAMN07545586","SRX3119363"
"KTN615","2cell","KTN6152cell215","SRR5961239","SAMN07545916","SRX3119353"
"KTN615","2cell","KTN6152cell175","SRR5961243","SAMN07545876","SRX3119349"
"KTN615","2cell","KTN6152cell58","SRR5961256","SAMN07545759","SRX3119336"
"KTN615","0cell","KTN6150cell9","SRR5961261","SAMN07545425","SRX3119331"
"KTN615","0cell","KTN6150cell43","SRR5961266","SAMN07545459","SRX3119326"
"KTN615","0cell","KTN6150cell44","SRR5961267","SAMN07545460","SRX3119325"
"KTN615","0cell","KTN6150cell49","SRR5961270","SAMN07545465","SRX3119322"
"KTN615","0cell","KTN6150cell285","SRR5961279","SAMN07545701","SRX3119313"
"KTN615","0cell","KTN6150cell191","SRR5961295","SAMN07545607","SRX3119297"
"KTN615","2cell","KTN6152cell226","SRR5964625","SAMN07550352","SRX3122369"
"KTN615","2cell","KTN6152cell227","SRR5964626","SAMN07550353","SRX3122368"
"KTN615","0cell","KTN6150cell200","SRR5960796","SAMN07545616","SRX3119296"
"KTN615","0cell","KTN6150cell235","SRR5960800","SAMN07545651","SRX3119292"
"KTN615","0cell","KTN6150cell233","SRR5960802","SAMN07545649","SRX3119290"
"KTN615","0cell","KTN6150cell92","SRR5960809","SAMN07545508","SRX3119283"
"KTN615","0cell","KTN6150cell96","SRR5960813","SAMN07545512","SRX3119279"
"KTN615","0cell","KTN6150cell97","SRR5960816","SAMN07545513","SRX3119276"
"KTN615","2cell","KTN6152cell18","SRR5960819","SAMN07545719","SRX3119273"
"KTN615","2cell","KTN6152cell21","SRR5960826","SAMN07545722","SRX3119266"
"KTN615","0cell","KTN6150cell3","SRR5960828","SAMN07545419","SRX3119264"
"KTN615","2cell","KTN6152cell24","SRR5960829","SAMN07545725","SRX3119263"
"KTN615","2cell","KTN6152cell133","SRR5960838","SAMN07545834","SRX3119254"
"KTN615","2cell","KTN6152cell129","SRR5960842","SAMN07545830","SRX3119250"
"KTN615","2cell","KTN6152cell114","SRR5960846","SAMN07545815","SRX3119246"
"KTN615","2cell","KTN6152cell110","SRR5960852","SAMN07545811","SRX3119240"
"KTN615","0cell","KTN6150cell77","SRR5960858","SAMN07545493","SRX3119234"
"KTN615","0cell","KTN6150cell74","SRR5960861","SAMN07545490","SRX3119231"
"KTN615","0cell","KTN6150cell72","SRR5960863","SAMN07545488","SRX3119229"
"KTN615","0cell","KTN6150cell271","SRR5960869","SAMN07545687","SRX3119223"
"KTN615","0cell","KTN6150cell272","SRR5960870","SAMN07545688","SRX3119222"
"KTN615","0cell","KTN6150cell278","SRR5960872","SAMN07545694","SRX3119220"
"KTN615","0cell","KTN6150cell275","SRR5960873","SAMN07545691","SRX3119219"
"KTN615","0cell","KTN6150cell173","SRR5960882","SAMN07545589","SRX3119210"
"KTN615","2cell","KTN6152cell202","SRR5960889","SAMN07545903","SRX3119203"
"KTN615","2cell","KTN6152cell204","SRR5960895","SAMN07545905","SRX3119197"
"KTN615","2cell","KTN6152cell168","SRR5960899","SAMN07545869","SRX3119193"
"KTN615","2cell","KTN6152cell72","SRR5960910","SAMN07545773","SRX3119182"
"KTN615","0cell","KTN6150cell34","SRR5960917","SAMN07545450","SRX3119175"
"KTN615","0cell","KTN6150cell33","SRR5960918","SAMN07545449","SRX3119174"
"KTN615","0cell","KTN6150cell31","SRR5960920","SAMN07545447","SRX3119172"
"KTN615","0cell","KTN6150cell36","SRR5960923","SAMN07545452","SRX3119169"
"KTN615","0cell","KTN6150cell39","SRR5960926","SAMN07545455","SRX3119166"
"KTN615","0cell","KTN6150cell131","SRR5960930","SAMN07545547","SRX3119162"
"KTN615","0cell","KTN6150cell224","SRR5960943","SAMN07545640","SRX3119149"
"KTN615","0cell","KTN6150cell223","SRR5960944","SAMN07545639","SRX3119148"
"KTN615","0cell","KTN6150cell143","SRR5960951","SAMN07545559","SRX3119141"
"KTN615","0cell","KTN6150cell150","SRR5960954","SAMN07545566","SRX3119138"
"KTN615","0cell","KTN6150cell142","SRR5960966","SAMN07545558","SRX3119126"
"KTN615","2cell","KTN6152cell33","SRR5960973","SAMN07545734","SRX3119119"
"KTN615","2cell","KTN6152cell32","SRR5960974","SAMN07545733","SRX3119118"
"KTN615","2cell","KTN6152cell120","SRR5960980","SAMN07545821","SRX3119112"
"KTN615","2cell","KTN6152cell76","SRR5960991","SAMN07545777","SRX3119101"
"KTN615","2cell","KTN6152cell77","SRR5960992","SAMN07545778","SRX3119100"
"KTN615","2cell","KTN6152cell85","SRR5960996","SAMN07545786","SRX3119096"
"KTN615","0cell","KTN6150cell70","SRR5960999","SAMN07545486","SRX3119093"
"KTN615","0cell","KTN6150cell64","SRR5961003","SAMN07545480","SRX3119089"
"KTN615","0cell","KTN6150cell122","SRR5961010","SAMN07545538","SRX3119082"
"KTN615","0cell","KTN6150cell261","SRR5961012","SAMN07545677","SRX3119080"
"KTN615","0cell","KTN6150cell109","SRR5961027","SAMN07545525","SRX3119065"
"KTN615","0cell","KTN6150cell218","SRR5961034","SAMN07545634","SRX3119058"
"KTN615","0cell","KTN6150cell211","SRR5961035","SAMN07545627","SRX3119057"
"KTN615","2cell","KTN6152cell159","SRR5961044","SAMN07545860","SRX3119048"
"KTN615","2cell","KTN6152cell162","SRR5961049","SAMN07545863","SRX3119043"
"KTN615","2cell","KTN6152cell36","SRR5961050","SAMN07545737","SRX3119042"
"KTN615","2cell","KTN6152cell39","SRR5961053","SAMN07545740","SRX3119039"
"KTN615","2cell","KTN6152cell145","SRR5961058","SAMN07545846","SRX3119034"
"KTN615","0cell","KTN6150cell30","SRR5961060","SAMN07545446","SRX3119032"
"KTN615","0cell","KTN6150cell25","SRR5961062","SAMN07545441","SRX3119030"
"KTN615","0cell","KTN6150cell26","SRR5961063","SAMN07545442","SRX3119029"
"KTN615","0cell","KTN6150cell22","SRR5961067","SAMN07545438","SRX3119025"
"KTN615","0cell","KTN6150cell24","SRR5961069","SAMN07545440","SRX3119023"
"KTN615","2cell","KTN6152cell151","SRR5961072","SAMN07545852","SRX3119020"
"KTN615","2cell","KTN6152cell152","SRR5961073","SAMN07545853","SRX3119019"
"KTN615","2cell","KTN6152cell146","SRR5961075","SAMN07545847","SRX3119017"
"KTN615","2cell","KTN6152cell147","SRR5961076","SAMN07545848","SRX3119016"
"KTN615","2cell","KTN6152cell154","SRR5961079","SAMN07545855","SRX3119013"
"KTN615","0cell","KTN6150cell252","SRR5961084","SAMN07545668","SRX3119008"
"KTN615","0cell","KTN6150cell253","SRR5961085","SAMN07545669","SRX3119007"
"KTN615","0cell","KTN6150cell258","SRR5961090","SAMN07545674","SRX3119002"
"KTN615","0cell","KTN6150cell152","SRR5961093","SAMN07545568","SRX3118999"
"KTN615","0cell","KTN6150cell151","SRR5961094","SAMN07545567","SRX3118998"
"KTN615","0cell","KTN6150cell155","SRR5961098","SAMN07545571","SRX3118994"
"KTN615","2cell","KTN6152cell188","SRR5961105","SAMN07545889","SRX3118987"
"KTN615","2cell","KTN6152cell89","SRR5961111","SAMN07545790","SRX3118981"
"KTN615","2cell","KTN6152cell93","SRR5961115","SAMN07545794","SRX3118977"
"KTN615","2cell","KTN6152cell94","SRR5961120","SAMN07545795","SRX3118972"
"KTN615","0cell","KTN6150cell55","SRR5961123","SAMN07545471","SRX3118969"
"KTN615","0cell","KTN6150cell53","SRR5961129","SAMN07545469","SRX3118963"
"KTN615","0cell","KTN6150cell117","SRR5961141","SAMN07545533","SRX3119451"
"KTN615","0cell","KTN6150cell115","SRR5961143","SAMN07545531","SRX3119449"
"KTN615","0cell","KTN6150cell111","SRR5961147","SAMN07545527","SRX3119445"
"KTN615","0cell","KTN6150cell183","SRR5961155","SAMN07545599","SRX3119437"
"KTN615","0cell","KTN6150cell188","SRR5961160","SAMN07545604","SRX3119432"
"KTN615","2cell","KTN6152cell49","SRR5961176","SAMN07545750","SRX3119416"
"KTN615","2cell","KTN6152cell54","SRR5961181","SAMN07545755","SRX3119411"
"KTN615","0cell","KTN6150cell19","SRR5961184","SAMN07545435","SRX3119408"
"KTN615","0cell","KTN6150cell14","SRR5961187","SAMN07545430","SRX3119405"
"KTN615","0cell","KTN6150cell17","SRR5961192","SAMN07545433","SRX3119400"
"KTN615","2cell","KTN6152cell98","SRR5961202","SAMN07545799","SRX3119390"
"KTN615","2cell","KTN6152cell97","SRR5961205","SAMN07545798","SRX3119387"
"KTN615","2cell","KTN6152cell102","SRR5961206","SAMN07545803","SRX3119386"
"KTN615","2cell","KTN6152cell103","SRR5961207","SAMN07545804","SRX3119385"
"KTN615","0cell","KTN6150cell250","SRR5961210","SAMN07545666","SRX3119382"
"KTN615","0cell","KTN6150cell249","SRR5961211","SAMN07545665","SRX3119381"
"KTN615","0cell","KTN6150cell244","SRR5961216","SAMN07545660","SRX3119376"
"KTN615","0cell","KTN6150cell167","SRR5961220","SAMN07545583","SRX3119372"
"KTN615","0cell","KTN6150cell165","SRR5961222","SAMN07545581","SRX3119370"
"KTN615","0cell","KTN6150cell164","SRR5961225","SAMN07545580","SRX3119367"
"KTN615","0cell","KTN6150cell161","SRR5961226","SAMN07545577","SRX3119366"
"KTN615","2cell","KTN6152cell210","SRR5961232","SAMN07545911","SRX3119360"
"KTN615","2cell","KTN6152cell214","SRR5961238","SAMN07545915","SRX3119354"
"KTN615","2cell","KTN6152cell172","SRR5961240","SAMN07545873","SRX3119352"
"KTN615","2cell","KTN6152cell183","SRR5961244","SAMN07545884","SRX3119348"
"KTN615","2cell","KTN6152cell180","SRR5961247","SAMN07545881","SRX3119345"
"KTN615","2cell","KTN6152cell61","SRR5961255","SAMN07545762","SRX3119337"
"KTN615","2cell","KTN6152cell59","SRR5961257","SAMN07545760","SRX3119335"
"KTN615","0cell","KTN6150cell47","SRR5961262","SAMN07545463","SRX3119330"
"KTN615","0cell","KTN6150cell281","SRR5961275","SAMN07545697","SRX3119317"
"KTN615","2cell","KTN6152cell5","SRR5961282","SAMN07545706","SRX3119310"
"KTN615","0cell","KTN6150cell125","SRR5961286","SAMN07545541","SRX3119306"
"KTN615","0cell","KTN6150cell196","SRR5961290","SAMN07545612","SRX3119302"
"KTN615","2cell","KTN6152cell224","SRR5964627","SAMN07550350","SRX3122367"
"KTN615","2cell","KTN6152cell223","SRR5964630","SAMN07550349","SRX3122364"
"KTN615","0cell","KTN6150cell260","SRR5960806","SAMN07545676","SRX3119286"
"KTN615","0cell","KTN6150cell98","SRR5960815","SAMN07545514","SRX3119277"
"KTN615","0cell","KTN6150cell100","SRR5960817","SAMN07545516","SRX3119275"
"KTN615","2cell","KTN6152cell16","SRR5960821","SAMN07545717","SRX3119271"
"KTN615","2cell","KTN6152cell17","SRR5960822","SAMN07545718","SRX3119270"
"KTN615","2cell","KTN6152cell22","SRR5960823","SAMN07545723","SRX3119269"
"KTN615","2cell","KTN6152cell135","SRR5960836","SAMN07545836","SRX3119256"
"KTN615","2cell","KTN6152cell128","SRR5960841","SAMN07545829","SRX3119251"
"KTN615","2cell","KTN6152cell106","SRR5960848","SAMN07545807","SRX3119244"
"KTN615","2cell","KTN6152cell109","SRR5960849","SAMN07545810","SRX3119243"
"KTN615","2cell","KTN6152cell112","SRR5960854","SAMN07545813","SRX3119238"
"KTN615","0cell","KTN6150cell80","SRR5960855","SAMN07545496","SRX3119237"
"KTN615","0cell","KTN6150cell73","SRR5960862","SAMN07545489","SRX3119230"
"KTN615","0cell","KTN6150cell279","SRR5960865","SAMN07545695","SRX3119227"
"KTN615","0cell","KTN6150cell277","SRR5960871","SAMN07545693","SRX3119221"
"KTN615","0cell","KTN6150cell175","SRR5960876","SAMN07545591","SRX3119216"
"KTN615","0cell","KTN6150cell177","SRR5960878","SAMN07545593","SRX3119214"
"KTN615","0cell","KTN6150cell179","SRR5960884","SAMN07545595","SRX3119208"
"KTN615","2cell","KTN6152cell201","SRR5960886","SAMN07545902","SRX3119206"
"KTN615","2cell","KTN6152cell196","SRR5960891","SAMN07545897","SRX3119201"
"KTN615","2cell","KTN6152cell199","SRR5960892","SAMN07545900","SRX3119200"
"KTN615","0cell","KTN6150cell198","SRR5960896","SAMN07545614","SRX3119196"
"KTN615","2cell","KTN6152cell71","SRR5960907","SAMN07545772","SRX3119185"
"KTN615","2cell","KTN6152cell70","SRR5960908","SAMN07545771","SRX3119184"
"KTN615","0cell","KTN6150cell32","SRR5960919","SAMN07545448","SRX3119173"
"KTN615","0cell","KTN6150cell35","SRR5960924","SAMN07545451","SRX3119168"
"KTN615","0cell","KTN6150cell227","SRR5960940","SAMN07545643","SRX3119152"
"KTN615","0cell","KTN6150cell221","SRR5960942","SAMN07545637","SRX3119150"
"KTN615","0cell","KTN6150cell146","SRR5960946","SAMN07545562","SRX3119146"
"KTN615","0cell","KTN6150cell81","SRR5960957","SAMN07545497","SRX3119135"
"KTN615","0cell","KTN6150cell141","SRR5960965","SAMN07545557","SRX3119127"
"KTN615","2cell","KTN6152cell80","SRR5960987","SAMN07545781","SRX3119105"
"KTN615","2cell","KTN6152cell83","SRR5960990","SAMN07545784","SRX3119102"
"KTN615","0cell","KTN6150cell68","SRR5961007","SAMN07545484","SRX3119085"
"KTN615","0cell","KTN6150cell103","SRR5961021","SAMN07545519","SRX3119071"
"KTN615","0cell","KTN6150cell219","SRR5961029","SAMN07545635","SRX3119063"
"KTN615","0cell","KTN6150cell216","SRR5961032","SAMN07545632","SRX3119060"
"KTN615","0cell","KTN6150cell212","SRR5961036","SAMN07545628","SRX3119056"
"KTN615","2cell","KTN6152cell44","SRR5961042","SAMN07545745","SRX3119050"
"KTN615","2cell","KTN6152cell42","SRR5961056","SAMN07545743","SRX3119036"
"KTN615","0cell","KTN6150cell28","SRR5961065","SAMN07545444","SRX3119027"
"KTN615","0cell","KTN6150cell23","SRR5961068","SAMN07545439","SRX3119024"
"KTN615","0cell","KTN6150cell251","SRR5961083","SAMN07545667","SRX3119009"
"KTN615","0cell","KTN6150cell257","SRR5961089","SAMN07545673","SRX3119003"
"KTN615","2cell","KTN6152cell164","SRR5961100","SAMN07545865","SRX3118992"
"KTN615","2cell","KTN6152cell194","SRR5961101","SAMN07545895","SRX3118991"
"KTN615","2cell","KTN6152cell186","SRR5961103","SAMN07545887","SRX3118989"
"KTN615","2cell","KTN6152cell192","SRR5961109","SAMN07545893","SRX3118983"
"KTN615","0cell","KTN6150cell129","SRR5961121","SAMN07545545","SRX3118971"
"KTN615","0cell","KTN6150cell130","SRR5961136","SAMN07545546","SRX3119456"
"KTN615","2cell","KTN6152cell9","SRR5961139","SAMN07545710","SRX3119453"
"KTN615","0cell","KTN6150cell118","SRR5961140","SAMN07545534","SRX3119452"
"KTN615","0cell","KTN6150cell116","SRR5961142","SAMN07545532","SRX3119450"
"KTN615","0cell","KTN6150cell189","SRR5961151","SAMN07545605","SRX3119441"
"KTN615","0cell","KTN6150cell204","SRR5961164","SAMN07545620","SRX3119428"
"KTN615","0cell","KTN6150cell205","SRR5961171","SAMN07545621","SRX3119421"
"KTN615","2cell","KTN6152cell50","SRR5961175","SAMN07545751","SRX3119417"
"KTN615","2cell","KTN6152cell55","SRR5961180","SAMN07545756","SRX3119412"
"KTN615","0cell","KTN6150cell121","SRR5961182","SAMN07545537","SRX3119410"
"KTN615","0cell","KTN6150cell11","SRR5961186","SAMN07545427","SRX3119406"
"KTN615","0cell","KTN6150cell18","SRR5961191","SAMN07545434","SRX3119401"
"KTN615","2cell","KTN6152cell138","SRR5961195","SAMN07545839","SRX3119397"
"KTN615","2cell","KTN6152cell104","SRR5961196","SAMN07545805","SRX3119396"
"KTN615","2cell","KTN6152cell142","SRR5961199","SAMN07545843","SRX3119393"
"KTN615","0cell","KTN6150cell248","SRR5961212","SAMN07545664","SRX3119380"
"KTN615","0cell","KTN6150cell247","SRR5961213","SAMN07545663","SRX3119379"
"KTN615","0cell","KTN6150cell246","SRR5961214","SAMN07545662","SRX3119378"
"KTN615","0cell","KTN6150cell245","SRR5961215","SAMN07545661","SRX3119377"
"KTN615","0cell","KTN6150cell163","SRR5961224","SAMN07545579","SRX3119368"
"KTN615","0cell","KTN6150cell169","SRR5961228","SAMN07545585","SRX3119364"
"KTN615","2cell","KTN6152cell212","SRR5961230","SAMN07545913","SRX3119362"
"KTN615","2cell","KTN6152cell213","SRR5961231","SAMN07545914","SRX3119361"
"KTN615","2cell","KTN6152cell208","SRR5961234","SAMN07545909","SRX3119358"
"KTN615","2cell","KTN6152cell206","SRR5961236","SAMN07545907","SRX3119356"
"KTN615","2cell","KTN6152cell173","SRR5961241","SAMN07545874","SRX3119351"
"KTN615","2cell","KTN6152cell179","SRR5961248","SAMN07545880","SRX3119344"
"KTN615","2cell","KTN6152cell178","SRR5961249","SAMN07545879","SRX3119343"
"KTN615","0cell","KTN6150cell10","SRR5961260","SAMN07545426","SRX3119332"
"KTN615","0cell","KTN6150cell41","SRR5961268","SAMN07545457","SRX3119324"
"KTN615","0cell","KTN6150cell50","SRR5961271","SAMN07545466","SRX3119321"
"KTN615","2cell","KTN6152cell3","SRR5961276","SAMN07545704","SRX3119316"
"KTN615","0cell","KTN6150cell124","SRR5961281","SAMN07545540","SRX3119311"
"KTN615","0cell","KTN6150cell127","SRR5961284","SAMN07545543","SRX3119308"
"KTN615","0cell","KTN6150cell160","SRR5961288","SAMN07545576","SRX3119304"
"KTN615","0cell","KTN6150cell159","SRR5961294","SAMN07545575","SRX3119298"
"KTN615","2cell","KTN6152cell225","SRR5964628","SAMN07550351","SRX3122366"
"KTN615","2cell","KTN6152cell219","SRR5964634","SAMN07550345","SRX3122360"
"KTN615","0cell","KTN6150cell237","SRR5960798","SAMN07545653","SRX3119294"
"KTN615","0cell","KTN6150cell231","SRR5960804","SAMN07545647","SRX3119288"
"KTN615","2cell","KTN6152cell19","SRR5960820","SAMN07545720","SRX3119272"
"KTN615","0cell","KTN6150cell4","SRR5960827","SAMN07545420","SRX3119265"
"KTN615","0cell","KTN6150cell7","SRR5960832","SAMN07545423","SRX3119260"
"KTN615","2cell","KTN6152cell130","SRR5960839","SAMN07545831","SRX3119253"
"KTN615","2cell","KTN6152cell131","SRR5960840","SAMN07545832","SRX3119252"
"KTN615","2cell","KTN6152cell126","SRR5960843","SAMN07545827","SRX3119249"
"KTN615","2cell","KTN6152cell115","SRR5960845","SAMN07545816","SRX3119247"
"KTN615","0cell","KTN6150cell78","SRR5960857","SAMN07545494","SRX3119235"
"KTN615","0cell","KTN6150cell71","SRR5960864","SAMN07545487","SRX3119228"
"KTN615","0cell","KTN6150cell280","SRR5960866","SAMN07545696","SRX3119226"
"KTN615","0cell","KTN6150cell276","SRR5960874","SAMN07545692","SRX3119218"
"KTN615","0cell","KTN6150cell178","SRR5960877","SAMN07545594","SRX3119215"
"KTN615","0cell","KTN6150cell171","SRR5960880","SAMN07545587","SRX3119212"
"KTN615","0cell","KTN6150cell174","SRR5960881","SAMN07545590","SRX3119211"
"KTN615","0cell","KTN6150cell180","SRR5960883","SAMN07545596","SRX3119209"
"KTN615","2cell","KTN6152cell200","SRR5960887","SAMN07545901","SRX3119205"
"KTN615","2cell","KTN6152cell203","SRR5960888","SAMN07545904","SRX3119204"
"KTN615","2cell","KTN6152cell198","SRR5960893","SAMN07545899","SRX3119199"
"KTN615","2cell","KTN6152cell177","SRR5960897","SAMN07545878","SRX3119195"
"KTN615","2cell","KTN6152cell167","SRR5960902","SAMN07545868","SRX3119190"
"KTN615","2cell","KTN6152cell75","SRR5960903","SAMN07545776","SRX3119189"
"KTN615","2cell","KTN6152cell67","SRR5960911","SAMN07545768","SRX3119181"
"KTN615","2cell","KTN6152cell69","SRR5960913","SAMN07545770","SRX3119179"
"KTN615","2cell","KTN6152cell68","SRR5960914","SAMN07545769","SRX3119178"
"KTN615","2cell","KTN6152cell185","SRR5960915","SAMN07545886","SRX3119177"
"KTN615","2cell","KTN6152cell184","SRR5960916","SAMN07545885","SRX3119176"
"KTN615","0cell","KTN6150cell139","SRR5960928","SAMN07545555","SRX3119164"
"KTN615","0cell","KTN6150cell136","SRR5960933","SAMN07545552","SRX3119159"
"KTN615","0cell","KTN6150cell135","SRR5960934","SAMN07545551","SRX3119158"
"KTN615","0cell","KTN6150cell138","SRR5960935","SAMN07545554","SRX3119157"
"KTN615","0cell","KTN6150cell137","SRR5960936","SAMN07545553","SRX3119156"
"KTN615","0cell","KTN6150cell225","SRR5960938","SAMN07545641","SRX3119154"
"KTN615","0cell","KTN6150cell230","SRR5960949","SAMN07545646","SRX3119143"
"KTN615","0cell","KTN6150cell144","SRR5960952","SAMN07545560","SRX3119140"
"KTN615","0cell","KTN6150cell83","SRR5960955","SAMN07545499","SRX3119137"
"KTN615","0cell","KTN6150cell88","SRR5960960","SAMN07545504","SRX3119132"
"KTN615","2cell","KTN6152cell28","SRR5960970","SAMN07545729","SRX3119122"
"KTN615","2cell","KTN6152cell35","SRR5960975","SAMN07545736","SRX3119117"
"KTN615","2cell","KTN6152cell34","SRR5960976","SAMN07545735","SRX3119116"
"KTN615","2cell","KTN6152cell116","SRR5960984","SAMN07545817","SRX3119108"
"KTN615","2cell","KTN6152cell81","SRR5960988","SAMN07545782","SRX3119104"
"KTN615","2cell","KTN6152cell84","SRR5960995","SAMN07545785","SRX3119097"
"KTN615","2cell","KTN6152cell1","SRR5960997","SAMN07545702","SRX3119095"
"KTN615","0cell","KTN6150cell63","SRR5961002","SAMN07545479","SRX3119090"
"KTN615","0cell","KTN6150cell67","SRR5961006","SAMN07545483","SRX3119086"
"KTN615","0cell","KTN6150cell266","SRR5961015","SAMN07545682","SRX3119077"
"KTN615","0cell","KTN6150cell105","SRR5961023","SAMN07545521","SRX3119069"
"KTN615","0cell","KTN6150cell107","SRR5961025","SAMN07545523","SRX3119067"
"KTN615","0cell","KTN6150cell110","SRR5961028","SAMN07545526","SRX3119064"
"KTN615","0cell","KTN6150cell215","SRR5961031","SAMN07545631","SRX3119061"
"KTN615","0cell","KTN6150cell259","SRR5961039","SAMN07545675","SRX3119053"
"KTN615","2cell","KTN6152cell136","SRR5961041","SAMN07545837","SRX3119051"
"KTN615","2cell","KTN6152cell158","SRR5961045","SAMN07545859","SRX3119047"
"KTN615","2cell","KTN6152cell161","SRR5961046","SAMN07545862","SRX3119046"
"KTN615","2cell","KTN6152cell163","SRR5961048","SAMN07545864","SRX3119044"
"KTN615","0cell","KTN6150cell29","SRR5961059","SAMN07545445","SRX3119033"
"KTN615","0cell","KTN6150cell27","SRR5961064","SAMN07545443","SRX3119028"
"KTN615","2cell","KTN6152cell148","SRR5961077","SAMN07545849","SRX3119015"
"KTN615","2cell","KTN6152cell156","SRR5961082","SAMN07545857","SRX3119010"
"KTN615","2cell","KTN6152cell195","SRR5961102","SAMN07545896","SRX3118990"
"KTN615","2cell","KTN6152cell191","SRR5961108","SAMN07545892","SRX3118984"
"KTN615","2cell","KTN6152cell92","SRR5961116","SAMN07545793","SRX3118976"
"KTN615","0cell","KTN6150cell56","SRR5961122","SAMN07545472","SRX3118970"
"KTN615","0cell","KTN6150cell58","SRR5961124","SAMN07545474","SRX3118968"
"KTN615","0cell","KTN6150cell60","SRR5961130","SAMN07545476","SRX3118962"
"KTN615","2cell","KTN6152cell15","SRR5961145","SAMN07545716","SRX3119447"
"KTN615","0cell","KTN6150cell120","SRR5961149","SAMN07545536","SRX3119443"
"KTN615","0cell","KTN6150cell119","SRR5961150","SAMN07545535","SRX3119442"
"KTN615","0cell","KTN6150cell181","SRR5961153","SAMN07545597","SRX3119439"
"KTN615","0cell","KTN6150cell201","SRR5961167","SAMN07545617","SRX3119425"
"KTN615","0cell","KTN6150cell208","SRR5961168","SAMN07545624","SRX3119424"
"KTN615","0cell","KTN6150cell206","SRR5961170","SAMN07545622","SRX3119422"
"KTN615","2cell","KTN6152cell51","SRR5961174","SAMN07545752","SRX3119418"
"KTN615","2cell","KTN6152cell47","SRR5961178","SAMN07545748","SRX3119414"
"KTN615","2cell","KTN6152cell46","SRR5961179","SAMN07545747","SRX3119413"
"KTN615","0cell","KTN6150cell20","SRR5961183","SAMN07545436","SRX3119409"
"KTN615","0cell","KTN6150cell13","SRR5961188","SAMN07545429","SRX3119404"
"KTN615","0cell","KTN6150cell15","SRR5961190","SAMN07545431","SRX3119402"
"KTN615","2cell","KTN6152cell143","SRR5961198","SAMN07545844","SRX3119394"
"KTN615","2cell","KTN6152cell140","SRR5961201","SAMN07545841","SRX3119391"
"KTN615","2cell","KTN6152cell99","SRR5961203","SAMN07545800","SRX3119389"
"KTN615","2cell","KTN6152cell96","SRR5961204","SAMN07545797","SRX3119388"
"KTN615","2cell","KTN6152cell100","SRR5961208","SAMN07545801","SRX3119384"
"KTN615","2cell","KTN6152cell101","SRR5961209","SAMN07545802","SRX3119383"
"KTN615","2cell","KTN6152cell209","SRR5961235","SAMN07545910","SRX3119357"
"KTN615","2cell","KTN6152cell207","SRR5961237","SAMN07545908","SRX3119355"
"KTN615","2cell","KTN6152cell182","SRR5961245","SAMN07545883","SRX3119347"
"KTN615","2cell","KTN6152cell181","SRR5961246","SAMN07545882","SRX3119346"
"KTN615","2cell","KTN6152cell64","SRR5961250","SAMN07545765","SRX3119342"
"KTN615","2cell","KTN6152cell65","SRR5961251","SAMN07545766","SRX3119341"
"KTN615","2cell","KTN6152cell56","SRR5961258","SAMN07545757","SRX3119334"
"KTN615","2cell","KTN6152cell57","SRR5961259","SAMN07545758","SRX3119333"
"KTN615","0cell","KTN6150cell48","SRR5961263","SAMN07545464","SRX3119329"
"KTN615","0cell","KTN6150cell45","SRR5961264","SAMN07545461","SRX3119328"
"KTN615","0cell","KTN6150cell46","SRR5961265","SAMN07545462","SRX3119327"
"KTN615","0cell","KTN6150cell2","SRR5961272","SAMN07545418","SRX3119320"
"KTN615","0cell","KTN6150cell282","SRR5961274","SAMN07545698","SRX3119318"
"KTN615","2cell","KTN6152cell4","SRR5961283","SAMN07545705","SRX3119309"
"KTN615","0cell","KTN6150cell126","SRR5961287","SAMN07545542","SRX3119305"
"KTN615","0cell","KTN6150cell197","SRR5961289","SAMN07545613","SRX3119303"
"KTN615","0cell","KTN6150cell194","SRR5961292","SAMN07545610","SRX3119300"
"KTN615","0cell","KTN6150cell193","SRR5961293","SAMN07545609","SRX3119299"
"KTN615","2cell","KTN6152cell222","SRR5964629","SAMN07550348","SRX3122365"
"KTN615","2cell","KTN6152cell218","SRR5964633","SAMN07550344","SRX3122361"
"KTN615","2cell","KTN6152cell217","SRR5964636","SAMN07550343","SRX3122358"
